Middle layer Super Output Areas Code,Middle layer Super Output Areas,1_bedroom
E02000001,City of London 001,2626
E02000002,Barking and Dagenham 001,343
E02000003,Barking and Dagenham 002,434
E02000004,Barking and Dagenham 003,144
E02000005,Barking and Dagenham 004,309
E02000007,Barking and Dagenham 006,652
E02000008,Barking and Dagenham 007,546
E02000009,Barking and Dagenham 008,595
E02000010,Barking and Dagenham 009,279
E02000011,Barking and Dagenham 010,225
E02000012,Barking and Dagenham 011,295
E02000013,Barking and Dagenham 012,306
E02000014,Barking and Dagenham 013,257
E02000015,Barking and Dagenham 014,809
E02000016,Barking and Dagenham 015,1445
E02000017,Barking and Dagenham 016,513
E02000018,Barking and Dagenham 017,385
E02000019,Barking and Dagenham 018,188
E02000020,Barking and Dagenham 019,721
E02000021,Barking and Dagenham 020,375
E02000022,Barking and Dagenham 021,825
E02000023,Barking and Dagenham 022,621
E02000024,Barnet 001,693
E02000025,Barnet 002,769
E02000026,Barnet 003,240
E02000027,Barnet 004,507
E02000028,Barnet 005,382
E02000029,Barnet 006,564
E02000030,Barnet 007,203
E02000031,Barnet 008,437
E02000032,Barnet 009,115
E02000033,Barnet 010,394
E02000034,Barnet 011,569
E02000035,Barnet 012,720
E02000036,Barnet 013,450
E02000037,Barnet 014,364
E02000038,Barnet 015,604
E02000039,Barnet 016,267
E02000040,Barnet 017,515
E02000041,Barnet 018,436
E02000042,Barnet 019,1232
E02000043,Barnet 020,165
E02000044,Barnet 021,382
E02000045,Barnet 022,821
E02000046,Barnet 023,628
E02000047,Barnet 024,748
E02000048,Barnet 025,383
E02000049,Barnet 026,907
E02000050,Barnet 027,752
E02000051,Barnet 028,626
E02000052,Barnet 029,914
E02000054,Barnet 031,690
E02000055,Barnet 032,1019
E02000056,Barnet 033,256
E02000057,Barnet 034,464
E02000058,Barnet 035,655
E02000059,Barnet 036,1143
E02000060,Barnet 037,802
E02000061,Barnet 038,998
E02000062,Barnet 039,575
E02000063,Barnet 040,607
E02000064,Barnet 041,525
E02000065,Bexley 001,471
E02000066,Bexley 002,902
E02000067,Bexley 003,699
E02000068,Bexley 004,549
E02000069,Bexley 005,331
E02000070,Bexley 006,191
E02000071,Bexley 007,145
E02000072,Bexley 008,705
E02000073,Bexley 009,95
E02000074,Bexley 010,674
E02000075,Bexley 011,86
E02000077,Bexley 013,215
E02000078,Bexley 014,111
E02000079,Bexley 015,399
E02000080,Bexley 016,244
E02000081,Bexley 017,305
E02000082,Bexley 018,107
E02000083,Bexley 019,506
E02000084,Bexley 020,159
E02000085,Bexley 021,134
E02000086,Bexley 022,141
E02000087,Bexley 023,216
E02000088,Bexley 024,71
E02000089,Bexley 025,76
E02000090,Bexley 026,766
E02000091,Bexley 027,779
E02000092,Bexley 028,310
E02000093,Brent 001,319
E02000094,Brent 002,519
E02000095,Brent 003,247
E02000096,Brent 004,223
E02000097,Brent 005,290
E02000098,Brent 006,376
E02000099,Brent 007,356
E02000100,Brent 008,267
E02000101,Brent 009,666
E02000102,Brent 010,565
E02000103,Brent 011,634
E02000104,Brent 012,387
E02000105,Brent 013,535
E02000106,Brent 014,718
E02000107,Brent 015,1300
E02000108,Brent 016,370
E02000110,Brent 018,713
E02000111,Brent 019,448
E02000112,Brent 020,579
E02000113,Brent 021,650
E02000114,Brent 022,1218
E02000115,Brent 023,1420
E02000116,Brent 024,807
E02000117,Brent 025,1308
E02000118,Brent 026,549
E02000119,Brent 027,1114
E02000120,Brent 028,1613
E02000121,Brent 029,703
E02000122,Brent 030,566
E02000123,Brent 031,1710
E02000124,Brent 032,920
E02000125,Brent 033,662
E02000126,Brent 034,1163
E02000127,Bromley 001,536
E02000128,Bromley 002,209
E02000130,Bromley 004,745
E02000131,Bromley 005,1773
E02000132,Bromley 006,1415
E02000133,Bromley 007,222
E02000134,Bromley 008,1232
E02000135,Bromley 009,1456
E02000136,Bromley 010,242
E02000137,Bromley 011,714
E02000138,Bromley 012,778
E02000139,Bromley 013,609
E02000140,Bromley 014,581
E02000141,Bromley 015,608
E02000142,Bromley 016,386
E02000144,Bromley 018,756
E02000145,Bromley 019,515
E02000146,Bromley 020,574
E02000147,Bromley 021,326
E02000148,Bromley 022,166
E02000149,Bromley 023,300
E02000150,Bromley 024,226
E02000151,Bromley 025,52
E02000152,Bromley 026,294
E02000153,Bromley 027,28
E02000154,Bromley 028,427
E02000155,Bromley 029,206
E02000156,Bromley 030,409
E02000157,Bromley 031,57
E02000158,Bromley 032,166
E02000159,Bromley 033,54
E02000160,Bromley 034,198
E02000161,Bromley 035,124
E02000162,Bromley 036,345
E02000163,Bromley 037,129
E02000165,Bromley 039,79
E02000166,Camden 001,948
E02000167,Camden 002,830
E02000168,Camden 003,1116
E02000169,Camden 004,525
E02000170,Camden 005,958
E02000171,Camden 006,915
E02000172,Camden 007,1341
E02000173,Camden 008,1219
E02000174,Camden 009,1205
E02000175,Camden 010,1595
E02000176,Camden 011,1048
E02000177,Camden 012,1158
E02000178,Camden 013,1753
E02000179,Camden 014,714
E02000180,Camden 015,1195
E02000181,Camden 016,1032
E02000182,Camden 017,771
E02000183,Camden 018,1266
E02000184,Camden 019,1125
E02000185,Camden 020,1732
E02000186,Camden 021,1163
E02000187,Camden 022,1338
E02000188,Camden 023,913
E02000191,Camden 026,929
E02000192,Camden 027,1230
E02000193,Camden 028,1504
E02000194,Croydon 001,1217
E02000195,Croydon 002,290
E02000196,Croydon 003,487
E02000197,Croydon 004,369
E02000198,Croydon 005,623
E02000199,Croydon 006,342
E02000200,Croydon 007,1166
E02000201,Croydon 008,1290
E02000202,Croydon 009,282
E02000203,Croydon 010,829
E02000204,Croydon 011,395
E02000206,Croydon 013,1134
E02000207,Croydon 014,621
E02000208,Croydon 015,1208
E02000209,Croydon 016,331
E02000210,Croydon 017,377
E02000211,Croydon 018,185
E02000212,Croydon 019,435
E02000213,Croydon 020,1947
E02000214,Croydon 021,151
E02000215,Croydon 022,1771
E02000216,Croydon 023,601
E02000217,Croydon 024,1351
E02000218,Croydon 025,91
E02000219,Croydon 026,91
E02000221,Croydon 028,529
E02000222,Croydon 029,747
E02000223,Croydon 030,261
E02000224,Croydon 031,595
E02000225,Croydon 032,134
E02000226,Croydon 033,50
E02000227,Croydon 034,728
E02000228,Croydon 035,147
E02000229,Croydon 036,285
E02000230,Croydon 037,699
E02000231,Croydon 038,138
E02000232,Croydon 039,64
E02000233,Croydon 040,171
E02000234,Croydon 041,500
E02000235,Croydon 042,101
E02000236,Croydon 043,63
E02000237,Croydon 044,177
E02000238,Ealing 001,767
E02000239,Ealing 002,202
E02000240,Ealing 003,489
E02000241,Ealing 004,296
E02000242,Ealing 005,268
E02000243,Ealing 006,578
E02000244,Ealing 007,548
E02000245,Ealing 008,793
E02000246,Ealing 009,426
E02000247,Ealing 010,718
E02000248,Ealing 011,607
E02000249,Ealing 012,416
E02000250,Ealing 013,292
E02000251,Ealing 014,151
E02000252,Ealing 015,1525
E02000253,Ealing 016,704
E02000254,Ealing 017,143
E02000255,Ealing 018,752
E02000256,Ealing 019,1011
E02000258,Ealing 021,563
E02000259,Ealing 022,276
E02000260,Ealing 023,346
E02000261,Ealing 024,1307
E02000262,Ealing 025,1274
E02000263,Ealing 026,426
E02000264,Ealing 027,917
E02000265,Ealing 028,1472
E02000266,Ealing 029,856
E02000267,Ealing 030,646
E02000268,Ealing 031,777
E02000269,Ealing 032,550
E02000270,Ealing 033,1400
E02000271,Ealing 034,489
E02000272,Ealing 035,281
E02000275,Ealing 038,458
E02000276,Ealing 039,547
E02000277,Enfield 001,223
E02000278,Enfield 002,427
E02000279,Enfield 003,859
E02000280,Enfield 004,327
E02000281,Enfield 005,549
E02000282,Enfield 006,644
E02000283,Enfield 007,136
E02000284,Enfield 008,512
E02000285,Enfield 009,93
E02000286,Enfield 010,888
E02000287,Enfield 011,311
E02000288,Enfield 012,760
E02000289,Enfield 013,54
E02000290,Enfield 014,665
E02000291,Enfield 015,1100
E02000292,Enfield 016,238
E02000293,Enfield 017,192
E02000294,Enfield 018,205
E02000295,Enfield 019,340
E02000296,Enfield 020,662
E02000297,Enfield 021,299
E02000298,Enfield 022,286
E02000299,Enfield 023,501
E02000300,Enfield 024,568
E02000301,Enfield 025,800
E02000302,Enfield 026,315
E02000303,Enfield 027,634
E02000304,Enfield 028,218
E02000305,Enfield 029,757
E02000306,Enfield 030,908
E02000307,Enfield 031,180
E02000308,Enfield 032,488
E02000309,Enfield 033,556
E02000311,Enfield 035,530
E02000312,Enfield 036,1145
E02000313,Greenwich 001,818
E02000314,Greenwich 002,703
E02000315,Greenwich 003,523
E02000317,Greenwich 005,648
E02000318,Greenwich 006,596
E02000319,Greenwich 007,710
E02000320,Greenwich 008,285
E02000321,Greenwich 009,786
E02000323,Greenwich 011,1315
E02000324,Greenwich 012,543
E02000326,Greenwich 014,430
E02000327,Greenwich 015,743
E02000328,Greenwich 016,752
E02000329,Greenwich 017,283
E02000331,Greenwich 019,580
E02000332,Greenwich 020,355
E02000333,Greenwich 021,732
E02000334,Greenwich 022,291
E02000335,Greenwich 023,159
E02000337,Greenwich 025,238
E02000339,Greenwich 027,413
E02000340,Greenwich 028,553
E02000341,Greenwich 029,269
E02000342,Greenwich 030,368
E02000343,Greenwich 031,371
E02000344,Greenwich 032,229
E02000345,Hackney 001,705
E02000346,Hackney 002,1272
E02000347,Hackney 003,620
E02000348,Hackney 004,686
E02000350,Hackney 006,1130
E02000351,Hackney 007,1435
E02000352,Hackney 008,697
E02000353,Hackney 009,809
E02000354,Hackney 010,1383
E02000355,Hackney 011,757
E02000356,Hackney 012,916
E02000357,Hackney 013,727
E02000358,Hackney 014,1444
E02000359,Hackney 015,437
E02000360,Hackney 016,1496
E02000361,Hackney 017,1323
E02000362,Hackney 018,771
E02000363,Hackney 019,1111
E02000364,Hackney 020,1282
E02000366,Hackney 022,1039
E02000367,Hackney 023,1300
E02000368,Hackney 024,1228
E02000369,Hackney 025,1769
E02000370,Hackney 026,1371
E02000372,Hammersmith and Fulham 001,1197
E02000373,Hammersmith and Fulham 002,503
E02000374,Hammersmith and Fulham 003,507
E02000375,Hammersmith and Fulham 004,1441
E02000376,Hammersmith and Fulham 005,1343
E02000377,Hammersmith and Fulham 006,1336
E02000378,Hammersmith and Fulham 007,1489
E02000379,Hammersmith and Fulham 008,872
E02000380,Hammersmith and Fulham 009,755
E02000381,Hammersmith and Fulham 010,1257
E02000382,Hammersmith and Fulham 011,932
E02000383,Hammersmith and Fulham 012,1542
E02000384,Hammersmith and Fulham 013,1439
E02000385,Hammersmith and Fulham 014,1181
E02000386,Hammersmith and Fulham 015,1152
E02000387,Hammersmith and Fulham 016,763
E02000388,Hammersmith and Fulham 017,1500
E02000389,Hammersmith and Fulham 018,730
E02000390,Hammersmith and Fulham 019,704
E02000391,Hammersmith and Fulham 020,767
E02000392,Hammersmith and Fulham 021,1044
E02000393,Hammersmith and Fulham 022,459
E02000394,Hammersmith and Fulham 023,1136
E02000395,Hammersmith and Fulham 024,584
E02000396,Hammersmith and Fulham 025,509
E02000397,Haringey 001,1197
E02000398,Haringey 002,826
E02000400,Haringey 004,617
E02000401,Haringey 005,288
E02000402,Haringey 006,444
E02000403,Haringey 007,858
E02000404,Haringey 008,546
E02000405,Haringey 009,334
E02000406,Haringey 010,445
E02000407,Haringey 011,902
E02000408,Haringey 012,687
E02000409,Haringey 013,679
E02000410,Haringey 014,603
E02000411,Haringey 015,999
E02000412,Haringey 016,985
E02000413,Haringey 017,493
E02000414,Haringey 018,552
E02000415,Haringey 019,706
E02000416,Haringey 020,1399
E02000417,Haringey 021,664
E02000418,Haringey 022,327
E02000419,Haringey 023,1093
E02000420,Haringey 024,1161
E02000421,Haringey 025,1023
E02000422,Haringey 026,751
E02000423,Haringey 027,685
E02000424,Haringey 028,848
E02000425,Haringey 029,440
E02000426,Haringey 030,474
E02000427,Haringey 031,898
E02000428,Haringey 032,799
E02000429,Haringey 033,966
E02000430,Haringey 034,1121
E02000431,Haringey 035,772
E02000432,Haringey 036,886
E02000433,Harrow 001,540
E02000434,Harrow 002,503
E02000435,Harrow 003,296
E02000436,Harrow 004,81
E02000437,Harrow 005,326
E02000438,Harrow 006,387
E02000439,Harrow 007,368
E02000440,Harrow 008,100
E02000441,Harrow 009,374
E02000442,Harrow 010,209
E02000443,Harrow 011,636
E02000444,Harrow 012,127
E02000445,Harrow 013,675
E02000447,Harrow 015,211
E02000448,Harrow 016,294
E02000449,Harrow 017,239
E02000451,Harrow 019,152
E02000452,Harrow 020,862
E02000453,Harrow 021,551
E02000454,Harrow 022,50
E02000455,Harrow 023,1459
E02000456,Harrow 024,411
E02000457,Harrow 025,422
E02000459,Harrow 027,886
E02000460,Harrow 028,305
E02000461,Harrow 029,436
E02000462,Harrow 030,286
E02000463,Harrow 031,265
E02000464,Havering 001,344
E02000465,Havering 002,557
E02000466,Havering 003,160
E02000467,Havering 004,1073
E02000468,Havering 005,178
E02000469,Havering 006,278
E02000470,Havering 007,573
E02000471,Havering 008,30
E02000472,Havering 009,152
E02000473,Havering 010,330
E02000474,Havering 011,454
E02000475,Havering 012,399
E02000476,Havering 013,1277
E02000477,Havering 014,113
E02000478,Havering 015,101
E02000479,Havering 016,631
E02000480,Havering 017,714
E02000481,Havering 018,84
E02000482,Havering 019,78
E02000483,Havering 020,526
E02000484,Havering 021,220
E02000485,Havering 022,152
E02000486,Havering 023,240
E02000487,Havering 024,24
E02000488,Havering 025,153
E02000489,Havering 026,235
E02000490,Havering 027,204
E02000491,Havering 028,420
E02000492,Havering 029,95
E02000493,Havering 030,282
E02000494,Hillingdon 001,465
E02000495,Hillingdon 002,810
E02000496,Hillingdon 003,454
E02000497,Hillingdon 004,399
E02000498,Hillingdon 005,423
E02000499,Hillingdon 006,240
E02000500,Hillingdon 007,356
E02000501,Hillingdon 008,210
E02000502,Hillingdon 009,341
E02000503,Hillingdon 010,137
E02000504,Hillingdon 011,165
E02000506,Hillingdon 013,251
E02000507,Hillingdon 014,144
E02000508,Hillingdon 015,1098
E02000509,Hillingdon 016,969
E02000510,Hillingdon 017,373
E02000511,Hillingdon 018,273
E02000512,Hillingdon 019,500
E02000513,Hillingdon 020,531
E02000514,Hillingdon 021,227
E02000515,Hillingdon 022,1629
E02000516,Hillingdon 023,364
E02000517,Hillingdon 024,454
E02000518,Hillingdon 025,449
E02000519,Hillingdon 026,551
E02000520,Hillingdon 027,870
E02000521,Hillingdon 028,651
E02000522,Hillingdon 029,505
E02000523,Hillingdon 030,721
E02000524,Hillingdon 031,601
E02000525,Hillingdon 032,651
E02000526,Hounslow 001,682
E02000529,Hounslow 004,404
E02000530,Hounslow 005,390
E02000531,Hounslow 006,1267
E02000532,Hounslow 007,732
E02000533,Hounslow 008,750
E02000534,Hounslow 009,456
E02000535,Hounslow 010,339
E02000536,Hounslow 011,411
E02000537,Hounslow 012,319
E02000538,Hounslow 013,318
E02000539,Hounslow 014,898
E02000540,Hounslow 015,1207
E02000541,Hounslow 016,591
E02000542,Hounslow 017,1054
E02000543,Hounslow 018,1444
E02000544,Hounslow 019,270
E02000545,Hounslow 020,664
E02000546,Hounslow 021,434
E02000547,Hounslow 022,590
E02000548,Hounslow 023,816
E02000549,Hounslow 024,369
E02000550,Hounslow 025,518
E02000551,Hounslow 026,667
E02000552,Hounslow 027,521
E02000553,Hounslow 028,279
E02000554,Islington 001,1486
E02000555,Islington 002,1133
E02000556,Islington 003,1852
E02000557,Islington 004,1722
E02000558,Islington 005,1600
E02000559,Islington 006,1160
E02000560,Islington 007,1229
E02000561,Islington 008,982
E02000562,Islington 009,1113
E02000563,Islington 010,1342
E02000564,Islington 011,2206
E02000565,Islington 012,1106
E02000566,Islington 013,1111
E02000567,Islington 014,1663
E02000568,Islington 015,1668
E02000569,Islington 016,1407
E02000570,Islington 017,1325
E02000571,Islington 018,1307
E02000572,Islington 019,1026
E02000573,Islington 020,1669
E02000574,Islington 021,1293
E02000575,Islington 022,1931
E02000576,Islington 023,1740
E02000577,Kensington and Chelsea 001,1212
E02000578,Kensington and Chelsea 002,616
E02000579,Kensington and Chelsea 003,1225
E02000580,Kensington and Chelsea 004,1727
E02000581,Kensington and Chelsea 005,1006
E02000582,Kensington and Chelsea 006,1334
E02000583,Kensington and Chelsea 007,1006
E02000584,Kensington and Chelsea 008,938
E02000585,Kensington and Chelsea 009,857
E02000586,Kensington and Chelsea 010,657
E02000587,Kensington and Chelsea 011,781
E02000588,Kensington and Chelsea 012,836
E02000589,Kensington and Chelsea 013,1422
E02000590,Kensington and Chelsea 014,1191
E02000591,Kensington and Chelsea 015,1352
E02000592,Kensington and Chelsea 016,825
E02000593,Kensington and Chelsea 017,1358
E02000594,Kensington and Chelsea 018,850
E02000595,Kensington and Chelsea 019,1015
E02000596,Kensington and Chelsea 020,895
E02000597,Kensington and Chelsea 021,898
E02000598,Kingston upon Thames 001,150
E02000599,Kingston upon Thames 002,89
E02000600,Kingston upon Thames 003,565
E02000601,Kingston upon Thames 004,915
E02000602,Kingston upon Thames 005,1061
E02000603,Kingston upon Thames 006,331
E02000604,Kingston upon Thames 007,542
E02000605,Kingston upon Thames 008,341
E02000606,Kingston upon Thames 009,1215
E02000607,Kingston upon Thames 010,360
E02000608,Kingston upon Thames 011,1212
E02000609,Kingston upon Thames 012,246
E02000610,Kingston upon Thames 013,1229
E02000611,Kingston upon Thames 014,103
E02000612,Kingston upon Thames 015,197
E02000613,Kingston upon Thames 016,460
E02000614,Kingston upon Thames 017,386
E02000615,Kingston upon Thames 018,190
E02000616,Kingston upon Thames 019,130
E02000617,Kingston upon Thames 020,219
E02000619,Lambeth 002,1339
E02000620,Lambeth 003,1468
E02000621,Lambeth 004,2158
E02000622,Lambeth 005,1014
E02000623,Lambeth 006,773
E02000624,Lambeth 007,1291
E02000625,Lambeth 008,927
E02000626,Lambeth 009,1003
E02000627,Lambeth 010,946
E02000628,Lambeth 011,1361
E02000629,Lambeth 012,1119
E02000630,Lambeth 013,922
E02000631,Lambeth 014,815
E02000632,Lambeth 015,1031
E02000633,Lambeth 016,1171
E02000634,Lambeth 017,924
E02000635,Lambeth 018,1357
E02000636,Lambeth 019,510
E02000637,Lambeth 020,1010
E02000638,Lambeth 021,998
E02000639,Lambeth 022,1032
E02000640,Lambeth 023,626
E02000641,Lambeth 024,749
E02000642,Lambeth 025,1007
E02000643,Lambeth 026,1069
E02000644,Lambeth 027,726
E02000645,Lambeth 028,1025
E02000646,Lambeth 029,981
E02000647,Lambeth 030,678
E02000648,Lambeth 031,693
E02000649,Lambeth 032,1635
E02000650,Lambeth 033,807
E02000651,Lambeth 034,833
E02000652,Lambeth 035,142
E02000653,Lewisham 001,1664
E02000654,Lewisham 002,1159
E02000655,Lewisham 003,1363
E02000657,Lewisham 005,1278
E02000658,Lewisham 006,961
E02000659,Lewisham 007,830
E02000660,Lewisham 008,1138
E02000661,Lewisham 009,793
E02000662,Lewisham 010,745
E02000663,Lewisham 011,585
E02000665,Lewisham 013,785
E02000666,Lewisham 014,481
E02000667,Lewisham 015,275
E02000668,Lewisham 016,320
E02000669,Lewisham 017,824
E02000670,Lewisham 018,668
E02000671,Lewisham 019,734
E02000672,Lewisham 020,1292
E02000673,Lewisham 021,811
E02000674,Lewisham 022,336
E02000675,Lewisham 023,457
E02000676,Lewisham 024,636
E02000677,Lewisham 025,389
E02000678,Lewisham 026,423
E02000679,Lewisham 027,752
E02000680,Lewisham 028,569
E02000681,Lewisham 029,621
E02000682,Lewisham 030,356
E02000683,Lewisham 031,481
E02000685,Lewisham 033,730
E02000686,Lewisham 034,668
E02000687,Lewisham 035,792
E02000689,Merton 001,668
E02000690,Merton 002,225
E02000691,Merton 003,556
E02000692,Merton 004,789
E02000693,Merton 005,1127
E02000694,Merton 006,767
E02000695,Merton 007,256
E02000696,Merton 008,819
E02000697,Merton 009,815
E02000698,Merton 010,283
E02000699,Merton 011,487
E02000700,Merton 012,758
E02000701,Merton 013,404
E02000702,Merton 014,651
E02000703,Merton 015,233
E02000704,Merton 016,804
E02000705,Merton 017,159
E02000706,Merton 018,744
E02000707,Merton 019,406
E02000708,Merton 020,298
E02000709,Merton 021,179
E02000710,Merton 022,680
E02000711,Merton 023,444
E02000712,Merton 024,346
E02000713,Merton 025,71
E02000714,Newham 001,459
E02000715,Newham 002,364
E02000716,Newham 003,425
E02000717,Newham 004,456
E02000718,Newham 005,438
E02000719,Newham 006,735
E02000720,Newham 007,322
E02000721,Newham 008,588
E02000722,Newham 009,716
E02000723,Newham 010,319
E02000724,Newham 011,273
E02000725,Newham 012,1250
E02000727,Newham 014,359
E02000728,Newham 015,245
E02000729,Newham 016,432
E02000730,Newham 017,406
E02000731,Newham 018,456
E02000732,Newham 019,623
E02000733,Newham 020,775
E02000734,Newham 021,620
E02000735,Newham 022,593
E02000736,Newham 023,305
E02000737,Newham 024,384
E02000738,Newham 025,339
E02000739,Newham 026,494
E02000740,Newham 027,582
E02000741,Newham 028,302
E02000742,Newham 029,244
E02000743,Newham 030,926
E02000744,Newham 031,681
E02000745,Newham 032,550
E02000746,Newham 033,897
E02000747,Newham 034,1751
E02000748,Newham 035,422
E02000749,Newham 036,684
E02000751,Redbridge 001,402
E02000752,Redbridge 002,515
E02000753,Redbridge 003,239
E02000754,Redbridge 004,260
E02000755,Redbridge 005,206
E02000756,Redbridge 006,563
E02000757,Redbridge 007,1090
E02000758,Redbridge 008,192
E02000759,Redbridge 009,647
E02000760,Redbridge 010,258
E02000762,Redbridge 012,197
E02000763,Redbridge 013,230
E02000764,Redbridge 014,1105
E02000765,Redbridge 015,314
E02000767,Redbridge 017,349
E02000768,Redbridge 018,190
E02000770,Redbridge 020,342
E02000772,Redbridge 022,389
E02000773,Redbridge 023,351
E02000774,Redbridge 024,405
E02000776,Redbridge 026,374
E02000777,Redbridge 027,319
E02000779,Redbridge 029,958
E02000781,Redbridge 031,321
E02000782,Redbridge 032,699
E02000783,Redbridge 033,225
E02000784,Richmond upon Thames 001,580
E02000785,Richmond upon Thames 002,593
E02000786,Richmond upon Thames 003,753
E02000787,Richmond upon Thames 004,1128
E02000788,Richmond upon Thames 005,468
E02000789,Richmond upon Thames 006,605
E02000790,Richmond upon Thames 007,399
E02000791,Richmond upon Thames 008,714
E02000792,Richmond upon Thames 009,684
E02000793,Richmond upon Thames 010,264
E02000794,Richmond upon Thames 011,252
E02000795,Richmond upon Thames 012,154
E02000796,Richmond upon Thames 013,349
E02000797,Richmond upon Thames 014,793
E02000798,Richmond upon Thames 015,369
E02000799,Richmond upon Thames 016,375
E02000800,Richmond upon Thames 017,215
E02000801,Richmond upon Thames 018,453
E02000802,Richmond upon Thames 019,506
E02000803,Richmond upon Thames 020,755
E02000804,Richmond upon Thames 021,672
E02000805,Richmond upon Thames 022,941
E02000806,Richmond upon Thames 023,601
E02000807,Southwark 001,830
E02000808,Southwark 002,1784
E02000810,Southwark 004,1737
E02000812,Southwark 006,1497
E02000813,Southwark 007,1356
E02000814,Southwark 008,1330
E02000815,Southwark 009,937
E02000816,Southwark 010,1280
E02000817,Southwark 011,1058
E02000818,Southwark 012,1589
E02000819,Southwark 013,1311
E02000820,Southwark 014,1531
E02000821,Southwark 015,843
E02000822,Southwark 016,847
E02000823,Southwark 017,798
E02000824,Southwark 018,832
E02000825,Southwark 019,1044
E02000826,Southwark 020,1276
E02000827,Southwark 021,1689
E02000828,Southwark 022,1070
E02000829,Southwark 023,1791
E02000830,Southwark 024,1112
E02000831,Southwark 025,1039
E02000832,Southwark 026,1193
E02000833,Southwark 027,607
E02000834,Southwark 028,1164
E02000835,Southwark 029,538
E02000836,Southwark 030,584
E02000837,Southwark 031,283
E02000838,Southwark 032,757
E02000839,Southwark 033,497
E02000840,Sutton 001,541
E02000841,Sutton 002,414
E02000842,Sutton 003,159
E02000843,Sutton 004,863
E02000844,Sutton 005,372
E02000845,Sutton 006,266
E02000846,Sutton 007,162
E02000847,Sutton 008,382
E02000848,Sutton 009,144
E02000849,Sutton 010,451
E02000850,Sutton 011,305
E02000851,Sutton 012,1672
E02000852,Sutton 013,470
E02000853,Sutton 014,374
E02000854,Sutton 015,370
E02000855,Sutton 016,294
E02000856,Sutton 017,799
E02000857,Sutton 018,1247
E02000858,Sutton 019,779
E02000859,Sutton 020,567
E02000860,Sutton 021,1590
E02000861,Sutton 022,130
E02000863,Sutton 024,112
E02000864,Tower Hamlets 001,1365
E02000865,Tower Hamlets 002,916
E02000866,Tower Hamlets 003,1058
E02000867,Tower Hamlets 004,1547
E02000868,Tower Hamlets 005,829
E02000869,Tower Hamlets 006,828
E02000870,Tower Hamlets 007,603
E02000871,Tower Hamlets 008,1333
E02000872,Tower Hamlets 009,883
E02000873,Tower Hamlets 010,615
E02000874,Tower Hamlets 011,721
E02000875,Tower Hamlets 012,1636
E02000876,Tower Hamlets 013,1097
E02000877,Tower Hamlets 014,1245
E02000878,Tower Hamlets 015,1441
E02000879,Tower Hamlets 016,872
E02000880,Tower Hamlets 017,717
E02000881,Tower Hamlets 018,1064
E02000882,Tower Hamlets 019,996
E02000883,Tower Hamlets 020,682
E02000884,Tower Hamlets 021,2036
E02000885,Tower Hamlets 022,732
E02000886,Tower Hamlets 023,1080
E02000887,Tower Hamlets 024,1102
E02000888,Tower Hamlets 025,993
E02000889,Tower Hamlets 026,1298
E02000890,Tower Hamlets 027,992
E02000893,Tower Hamlets 030,671
E02000894,Tower Hamlets 031,1220
E02000895,Waltham Forest 001,427
E02000896,Waltham Forest 002,494
E02000897,Waltham Forest 003,482
E02000898,Waltham Forest 004,479
E02000899,Waltham Forest 005,393
E02000900,Waltham Forest 006,344
E02000901,Waltham Forest 007,459
E02000902,Waltham Forest 008,496
E02000903,Waltham Forest 009,381
E02000904,Waltham Forest 010,397
E02000905,Waltham Forest 011,447
E02000906,Waltham Forest 012,570
E02000907,Waltham Forest 013,1299
E02000908,Waltham Forest 014,1643
E02000909,Waltham Forest 015,659
E02000910,Waltham Forest 016,1126
E02000911,Waltham Forest 017,1263
E02000912,Waltham Forest 018,476
E02000913,Waltham Forest 019,457
E02000914,Waltham Forest 020,1146
E02000915,Waltham Forest 021,822
E02000916,Waltham Forest 022,797
E02000917,Waltham Forest 023,713
E02000918,Waltham Forest 024,872
E02000919,Waltham Forest 025,640
E02000920,Waltham Forest 026,940
E02000921,Waltham Forest 027,963
E02000922,Waltham Forest 028,591
E02000923,Wandsworth 001,856
E02000925,Wandsworth 003,895
E02000926,Wandsworth 004,1606
E02000927,Wandsworth 005,747
E02000928,Wandsworth 006,600
E02000929,Wandsworth 007,1147
E02000930,Wandsworth 008,928
E02000931,Wandsworth 009,551
E02000932,Wandsworth 010,1392
E02000933,Wandsworth 011,866
E02000934,Wandsworth 012,1283
E02000935,Wandsworth 013,661
E02000936,Wandsworth 014,1098
E02000937,Wandsworth 015,541
E02000938,Wandsworth 016,717
E02000939,Wandsworth 017,389
E02000940,Wandsworth 018,1303
E02000941,Wandsworth 019,805
E02000942,Wandsworth 020,515
E02000943,Wandsworth 021,946
E02000944,Wandsworth 022,579
E02000945,Wandsworth 023,625
E02000946,Wandsworth 024,552
E02000947,Wandsworth 025,705
E02000948,Wandsworth 026,1009
E02000949,Wandsworth 027,993
E02000950,Wandsworth 028,525
E02000951,Wandsworth 029,804
E02000952,Wandsworth 030,753
E02000953,Wandsworth 031,801
E02000954,Wandsworth 032,216
E02000955,Wandsworth 033,315
E02000956,Wandsworth 034,662
E02000957,Wandsworth 035,985
E02000958,Wandsworth 036,434
E02000959,Wandsworth 037,732
E02000960,Westminster 001,705
E02000961,Westminster 002,991
E02000962,Westminster 003,1530
E02000963,Westminster 004,1119
E02000964,Westminster 005,1967
E02000965,Westminster 006,968
E02000966,Westminster 007,1256
E02000967,Westminster 008,904
E02000968,Westminster 009,1937
E02000969,Westminster 010,1232
E02000970,Westminster 011,1146
E02000971,Westminster 012,1345
E02000972,Westminster 013,2048
E02000973,Westminster 014,2184
E02000974,Westminster 015,1490
E02000975,Westminster 016,1642
E02000976,Westminster 017,1725
E02000977,Westminster 018,1545
E02000978,Westminster 019,426
E02000979,Westminster 020,1421
E02000980,Westminster 021,1682
E02000981,Westminster 022,1723
E02000982,Westminster 023,1621
E02000983,Westminster 024,1523
E02003237,Peterborough 001,202
E02003238,Peterborough 002,323
E02003239,Peterborough 003,125
E02003240,Peterborough 004,96
E02003241,Peterborough 005,203
E02003242,Peterborough 006,345
E02003243,Peterborough 007,834
E02003244,Peterborough 008,528
E02003245,Peterborough 009,476
E02003246,Peterborough 010,464
E02003247,Peterborough 011,513
E02003248,Peterborough 012,351
E02003249,Peterborough 013,757
E02003250,Peterborough 014,1178
E02003251,Peterborough 015,118
E02003252,Peterborough 016,525
E02003253,Peterborough 017,645
E02003254,Peterborough 018,249
E02003255,Peterborough 019,382
E02003257,Peterborough 021,672
E02003258,Luton 001,374
E02003259,Luton 002,95
E02003260,Luton 003,430
E02003261,Luton 004,243
E02003262,Luton 005,587
E02003263,Luton 006,506
E02003264,Luton 007,69
E02003265,Luton 008,411
E02003266,Luton 009,452
E02003267,Luton 010,215
E02003268,Luton 011,270
E02003269,Luton 012,435
E02003270,Luton 013,214
E02003271,Luton 014,357
E02003272,Luton 015,261
E02003273,Luton 016,354
E02003274,Luton 017,822
E02003276,Luton 019,533
E02003277,Luton 020,598
E02003278,Luton 021,1697
E02003279,Southend-on-Sea 001,209
E02003280,Southend-on-Sea 002,492
E02003281,Southend-on-Sea 003,479
E02003282,Southend-on-Sea 004,650
E02003283,Southend-on-Sea 005,483
E02003284,Southend-on-Sea 006,574
E02003285,Southend-on-Sea 007,954
E02003286,Southend-on-Sea 008,277
E02003287,Southend-on-Sea 009,438
E02003288,Southend-on-Sea 010,1891
E02003289,Southend-on-Sea 011,832
E02003290,Southend-on-Sea 012,1118
E02003291,Southend-on-Sea 013,933
E02003292,Southend-on-Sea 014,1761
E02003293,Southend-on-Sea 015,1801
E02003294,Southend-on-Sea 016,294
E02003295,Southend-on-Sea 017,308
E02003296,Thurrock 001,77
E02003297,Thurrock 002,309
E02003298,Thurrock 003,187
E02003299,Thurrock 004,112
E02003300,Thurrock 005,297
E02003301,Thurrock 006,489
E02003302,Thurrock 007,889
E02003303,Thurrock 008,333
E02003304,Thurrock 009,468
E02003305,Thurrock 010,93
E02003307,Thurrock 012,427
E02003308,Thurrock 013,138
E02003309,Thurrock 014,376
E02003311,Thurrock 016,509
E02003312,Thurrock 017,799
E02003313,Thurrock 018,677
E02003314,Medway 001,263
E02003315,Medway 002,139
E02003316,Medway 003,187
E02003317,Medway 004,124
E02003318,Medway 005,25
E02003319,Medway 006,386
E02003320,Medway 007,688
E02003321,Medway 008,241
E02003322,Medway 009,688
E02003323,Medway 010,196
E02003324,Medway 011,299
E02003325,Medway 012,635
E02003326,Medway 013,244
E02003327,Medway 014,978
E02003328,Medway 015,1355
E02003329,Medway 016,327
E02003330,Medway 017,138
E02003331,Medway 018,457
E02003332,Medway 019,104
E02003333,Medway 020,587
E02003334,Medway 021,224
E02003335,Medway 022,190
E02003336,Medway 023,83
E02003337,Medway 024,192
E02003338,Medway 025,381
E02003339,Medway 026,154
E02003340,Medway 027,492
E02003341,Medway 028,145
E02003342,Medway 029,193
E02003343,Medway 030,100
E02003344,Medway 031,376
E02003345,Medway 032,117
E02003346,Medway 033,189
E02003347,Medway 034,176
E02003348,Medway 035,145
E02003349,Medway 036,178
E02003350,Medway 037,192
E02003351,Medway 038,189
E02003352,Bracknell Forest 001,159
E02003353,Bracknell Forest 002,439
E02003354,Bracknell Forest 003,342
E02003355,Bracknell Forest 004,514
E02003356,Bracknell Forest 005,105
E02003357,Bracknell Forest 006,919
E02003358,Bracknell Forest 007,1164
E02003359,Bracknell Forest 008,470
E02003360,Bracknell Forest 009,139
E02003361,Bracknell Forest 010,392
E02003362,Bracknell Forest 011,410
E02003363,Bracknell Forest 012,330
E02003364,Bracknell Forest 013,180
E02003365,Bracknell Forest 014,176
E02003366,Bracknell Forest 015,267
E02003367,West Berkshire 001,106
E02003368,West Berkshire 002,219
E02003369,West Berkshire 003,136
E02003370,West Berkshire 004,158
E02003371,West Berkshire 005,108
E02003372,West Berkshire 006,154
E02003373,West Berkshire 007,95
E02003374,West Berkshire 008,308
E02003375,West Berkshire 009,377
E02003376,West Berkshire 010,318
E02003377,West Berkshire 011,285
E02003378,West Berkshire 012,555
E02003379,West Berkshire 013,329
E02003380,West Berkshire 014,227
E02003381,West Berkshire 015,133
E02003382,West Berkshire 016,482
E02003383,West Berkshire 017,158
E02003384,West Berkshire 018,164
E02003385,West Berkshire 019,1195
E02003386,West Berkshire 020,645
E02003387,West Berkshire 021,164
E02003388,West Berkshire 022,227
E02003389,Reading 001,169
E02003390,Reading 002,37
E02003391,Reading 003,315
E02003392,Reading 004,447
E02003393,Reading 005,182
E02003394,Reading 006,295
E02003395,Reading 007,672
E02003396,Reading 008,768
E02003397,Reading 009,326
E02003398,Reading 010,881
E02003400,Reading 012,603
E02003401,Reading 013,694
E02003402,Reading 014,940
E02003403,Reading 015,548
E02003404,Reading 016,304
E02003405,Reading 017,884
E02003406,Reading 018,346
E02003407,Slough 001,457
E02003408,Slough 002,581
E02003409,Slough 003,727
E02003410,Slough 004,424
E02003411,Slough 005,524
E02003412,Slough 006,500
E02003414,Slough 008,1004
E02003415,Slough 009,1092
E02003416,Slough 010,464
E02003417,Slough 011,1404
E02003418,Slough 012,474
E02003419,Slough 013,462
E02003420,Slough 014,586
E02003421,Windsor and Maidenhead 001,70
E02003422,Windsor and Maidenhead 002,243
E02003423,Windsor and Maidenhead 003,175
E02003424,Windsor and Maidenhead 004,363
E02003425,Windsor and Maidenhead 005,1405
E02003426,Windsor and Maidenhead 006,243
E02003427,Windsor and Maidenhead 007,272
E02003428,Windsor and Maidenhead 008,278
E02003429,Windsor and Maidenhead 009,146
E02003430,Windsor and Maidenhead 010,456
E02003431,Windsor and Maidenhead 011,402
E02003432,Windsor and Maidenhead 012,560
E02003433,Windsor and Maidenhead 013,252
E02003434,Windsor and Maidenhead 014,605
E02003435,Windsor and Maidenhead 015,218
E02003436,Windsor and Maidenhead 016,298
E02003437,Windsor and Maidenhead 017,288
E02003438,Windsor and Maidenhead 018,323
E02003439,Wokingham 001,172
E02003440,Wokingham 002,287
E02003441,Wokingham 003,85
E02003442,Wokingham 004,174
E02003443,Wokingham 005,374
E02003444,Wokingham 006,85
E02003445,Wokingham 007,53
E02003446,Wokingham 008,181
E02003447,Wokingham 009,206
E02003448,Wokingham 010,162
E02003449,Wokingham 011,614
E02003450,Wokingham 012,338
E02003451,Wokingham 013,810
E02003452,Wokingham 014,129
E02003453,Wokingham 015,49
E02003454,Wokingham 016,346
E02003455,Wokingham 017,287
E02003456,Wokingham 018,186
E02003457,Wokingham 019,114
E02003458,Wokingham 020,111
E02003459,Milton Keynes 001,263
E02003460,Milton Keynes 002,295
E02003461,Milton Keynes 003,183
E02003462,Milton Keynes 004,321
E02003463,Milton Keynes 005,248
E02003464,Milton Keynes 006,302
E02003465,Milton Keynes 007,307
E02003466,Milton Keynes 008,304
E02003467,Milton Keynes 009,437
E02003468,Milton Keynes 010,337
E02003469,Milton Keynes 011,173
E02003470,Milton Keynes 012,406
E02003471,Milton Keynes 013,332
E02003472,Milton Keynes 014,1602
E02003473,Milton Keynes 015,358
E02003474,Milton Keynes 016,316
E02003476,Milton Keynes 018,539
E02003478,Milton Keynes 020,299
E02003479,Milton Keynes 021,399
E02003480,Milton Keynes 022,412
E02003481,Milton Keynes 023,833
E02003482,Milton Keynes 024,258
E02003483,Milton Keynes 025,303
E02003484,Milton Keynes 026,412
E02003485,Milton Keynes 027,212
E02003486,Milton Keynes 028,323
E02003487,Milton Keynes 029,155
E02003488,Milton Keynes 030,339
E02003489,Milton Keynes 031,173
E02003490,Milton Keynes 032,349
E02003491,Brighton and Hove 001,182
E02003492,Brighton and Hove 002,287
E02003493,Brighton and Hove 003,338
E02003494,Brighton and Hove 004,186
E02003495,Brighton and Hove 005,170
E02003496,Brighton and Hove 006,340
E02003497,Brighton and Hove 007,114
E02003498,Brighton and Hove 008,831
E02003499,Brighton and Hove 009,249
E02003500,Brighton and Hove 010,282
E02003501,Brighton and Hove 011,697
E02003502,Brighton and Hove 012,449
E02003503,Brighton and Hove 013,290
E02003504,Brighton and Hove 014,1261
E02003505,Brighton and Hove 015,1188
E02003506,Brighton and Hove 016,500
E02003507,Brighton and Hove 017,201
E02003508,Brighton and Hove 018,416
E02003509,Brighton and Hove 019,1906
E02003510,Brighton and Hove 020,1218
E02003511,Brighton and Hove 021,556
E02003512,Brighton and Hove 022,870
E02003513,Brighton and Hove 023,601
E02003514,Brighton and Hove 024,2460
E02003515,Brighton and Hove 025,659
E02003516,Brighton and Hove 026,2196
E02003517,Brighton and Hove 027,2007
E02003518,Brighton and Hove 028,1638
E02003519,Brighton and Hove 029,2520
E02003520,Brighton and Hove 030,2063
E02003521,Brighton and Hove 031,1919
E02003522,Brighton and Hove 032,972
E02003523,Brighton and Hove 033,383
E02003524,Portsmouth 001,331
E02003525,Portsmouth 002,312
E02003526,Portsmouth 003,266
E02003527,Portsmouth 004,197
E02003529,Portsmouth 006,175
E02003530,Portsmouth 007,409
E02003531,Portsmouth 008,224
E02003532,Portsmouth 009,618
E02003533,Portsmouth 010,254
E02003534,Portsmouth 011,330
E02003535,Portsmouth 012,329
E02003536,Portsmouth 013,779
E02003537,Portsmouth 014,321
E02003538,Portsmouth 015,594
E02003540,Portsmouth 017,475
E02003541,Portsmouth 018,1313
E02003542,Portsmouth 019,294
E02003543,Portsmouth 020,566
E02003544,Portsmouth 021,252
E02003545,Portsmouth 022,1272
E02003546,Portsmouth 023,441
E02003547,Portsmouth 024,1258
E02003548,Portsmouth 025,585
E02003549,Southampton 001,169
E02003550,Southampton 002,368
E02003551,Southampton 003,641
E02003552,Southampton 004,642
E02003553,Southampton 005,266
E02003554,Southampton 006,474
E02003555,Southampton 007,567
E02003556,Southampton 008,138
E02003557,Southampton 009,521
E02003558,Southampton 010,699
E02003559,Southampton 011,195
E02003560,Southampton 012,555
E02003561,Southampton 013,940
E02003562,Southampton 014,831
E02003563,Southampton 015,900
E02003564,Southampton 016,469
E02003565,Southampton 017,727
E02003566,Southampton 018,318
E02003567,Southampton 019,296
E02003568,Southampton 020,1250
E02003569,Southampton 021,1241
E02003570,Southampton 022,1403
E02003571,Southampton 023,1091
E02003572,Southampton 024,203
E02003573,Southampton 025,518
E02003574,Southampton 026,495
E02003575,Southampton 027,603
E02003576,Southampton 028,671
E02003578,Southampton 030,362
E02003579,Southampton 031,854
E02003580,Southampton 032,529
E02003581,Isle of Wight 001,342
E02003582,Isle of Wight 002,143
E02003583,Isle of Wight 003,361
E02003584,Isle of Wight 004,1063
E02003585,Isle of Wight 005,209
E02003586,Isle of Wight 006,265
E02003587,Isle of Wight 007,502
E02003588,Isle of Wight 008,333
E02003589,Isle of Wight 009,678
E02003590,Isle of Wight 010,209
E02003591,Isle of Wight 011,303
E02003592,Isle of Wight 012,405
E02003593,Isle of Wight 013,115
E02003594,Isle of Wight 014,475
E02003595,Isle of Wight 015,203
E02003596,Isle of Wight 016,863
E02003597,Isle of Wight 017,130
E02003598,Isle of Wight 018,503
E02003599,Central Bedfordshire 001,201
E02003600,Central Bedfordshire 002,184
E02003601,Central Bedfordshire 003,268
E02003602,Central Bedfordshire 004,123
E02003603,Central Bedfordshire 005,688
E02003604,Central Bedfordshire 006,263
E02003605,Central Bedfordshire 007,207
E02003606,Central Bedfordshire 008,241
E02003607,Central Bedfordshire 009,313
E02003608,Central Bedfordshire 010,460
E02003609,Central Bedfordshire 011,380
E02003610,Central Bedfordshire 012,233
E02003611,Central Bedfordshire 013,235
E02003612,Central Bedfordshire 014,277
E02003613,Central Bedfordshire 015,276
E02003614,Central Bedfordshire 016,193
E02003615,Central Bedfordshire 017,202
E02003616,Bedford 001,98
E02003617,Bedford 002,250
E02003618,Bedford 003,204
E02003619,Bedford 004,209
E02003620,Bedford 005,333
E02003621,Bedford 006,128
E02003622,Bedford 007,431
E02003623,Bedford 008,172
E02003624,Bedford 009,770
E02003625,Bedford 010,1576
E02003626,Bedford 011,236
E02003627,Bedford 012,1598
E02003628,Bedford 013,260
E02003629,Bedford 014,641
E02003630,Bedford 015,654
E02003631,Bedford 016,279
E02003632,Bedford 017,256
E02003633,Bedford 018,247
E02003635,Bedford 020,271
E02003636,Central Bedfordshire 018,139
E02003637,Central Bedfordshire 019,252
E02003638,Central Bedfordshire 020,80
E02003639,Central Bedfordshire 021,761
E02003640,Central Bedfordshire 022,230
E02003641,Central Bedfordshire 023,103
E02003642,Central Bedfordshire 025,377
E02003643,Central Bedfordshire 024,306
E02003644,Central Bedfordshire 026,399
E02003645,Central Bedfordshire 027,83
E02003646,Central Bedfordshire 028,337
E02003647,Central Bedfordshire 029,846
E02003648,Central Bedfordshire 030,290
E02003649,Central Bedfordshire 031,244
E02003650,Central Bedfordshire 032,195
E02003651,Central Bedfordshire 033,147
E02003652,Buckinghamshire 001,186
E02003653,Buckinghamshire 002,376
E02003654,Buckinghamshire 003,105
E02003655,Buckinghamshire 004,217
E02003656,Buckinghamshire 005,244
E02003657,Buckinghamshire 006,153
E02003658,Buckinghamshire 007,193
E02003659,Buckinghamshire 009,283
E02003660,Buckinghamshire 008,234
E02003661,Buckinghamshire 010,151
E02003662,Buckinghamshire 012,454
E02003663,Buckinghamshire 011,291
E02003664,Buckinghamshire 013,393
E02003665,Buckinghamshire 014,275
E02003666,Buckinghamshire 015,913
E02003667,Buckinghamshire 016,450
E02003668,Buckinghamshire 018,201
E02003669,Buckinghamshire 017,398
E02003670,Buckinghamshire 019,442
E02003671,Buckinghamshire 020,350
E02003672,Buckinghamshire 021,269
E02003673,Buckinghamshire 022,285
E02003674,Buckinghamshire 023,176
E02003675,Buckinghamshire 024,339
E02003676,Buckinghamshire 029,129
E02003677,Buckinghamshire 027,412
E02003678,Buckinghamshire 028,174
E02003679,Buckinghamshire 030,616
E02003680,Buckinghamshire 031,241
E02003681,Buckinghamshire 032,305
E02003682,Buckinghamshire 034,298
E02003683,Buckinghamshire 035,210
E02003685,Buckinghamshire 047,161
E02003686,Buckinghamshire 050,169
E02003687,Buckinghamshire 054,106
E02003688,Buckinghamshire 053,369
E02003689,Buckinghamshire 058,208
E02003690,Buckinghamshire 059,337
E02003691,Buckinghamshire 063,195
E02003692,Buckinghamshire 064,283
E02003693,Buckinghamshire 065,167
E02003694,Buckinghamshire 066,510
E02003695,Buckinghamshire 067,422
E02003696,Buckinghamshire 026,433
E02003697,Buckinghamshire 025,106
E02003698,Buckinghamshire 033,114
E02003699,Buckinghamshire 037,187
E02003701,Buckinghamshire 038,513
E02003702,Buckinghamshire 040,160
E02003703,Buckinghamshire 041,566
E02003704,Buckinghamshire 045,151
E02003705,Buckinghamshire 042,263
E02003706,Buckinghamshire 043,390
E02003707,Buckinghamshire 044,434
E02003708,Buckinghamshire 046,704
E02003709,Buckinghamshire 048,327
E02003710,Buckinghamshire 049,848
E02003711,Buckinghamshire 051,861
E02003712,Buckinghamshire 052,363
E02003713,Buckinghamshire 055,79
E02003714,Buckinghamshire 056,338
E02003715,Buckinghamshire 057,104
E02003716,Buckinghamshire 060,328
E02003717,Buckinghamshire 062,341
E02003718,Buckinghamshire 061,196
E02003719,Cambridge 001,779
E02003720,Cambridge 002,708
E02003721,Cambridge 003,701
E02003722,Cambridge 004,883
E02003723,Cambridge 005,599
E02003724,Cambridge 006,748
E02003725,Cambridge 007,797
E02003726,Cambridge 008,779
E02003727,Cambridge 009,714
E02003728,Cambridge 010,856
E02003729,Cambridge 011,440
E02003731,Cambridge 013,392
E02003732,East Cambridgeshire 001,332
E02003733,East Cambridgeshire 002,128
E02003734,East Cambridgeshire 003,446
E02003735,East Cambridgeshire 004,450
E02003736,East Cambridgeshire 005,271
E02003737,East Cambridgeshire 006,495
E02003738,East Cambridgeshire 007,151
E02003739,East Cambridgeshire 008,192
E02003740,East Cambridgeshire 009,130
E02003742,Fenland 001,150
E02003743,Fenland 002,516
E02003744,Fenland 003,946
E02003745,Fenland 004,272
E02003746,Fenland 005,164
E02003747,Fenland 006,459
E02003748,Fenland 007,379
E02003749,Fenland 008,86
E02003750,Fenland 009,368
E02003751,Fenland 010,134
E02003752,Fenland 011,409
E02003753,Huntingdonshire 001,210
E02003754,Huntingdonshire 002,91
E02003755,Huntingdonshire 003,421
E02003756,Huntingdonshire 004,156
E02003757,Huntingdonshire 005,178
E02003758,Huntingdonshire 006,212
E02003759,Huntingdonshire 007,69
E02003760,Huntingdonshire 008,305
E02003761,Huntingdonshire 009,105
E02003762,Huntingdonshire 010,163
E02003763,Huntingdonshire 011,361
E02003764,Huntingdonshire 012,791
E02003765,Huntingdonshire 013,502
E02003766,Huntingdonshire 014,510
E02003767,Huntingdonshire 015,63
E02003768,Huntingdonshire 016,228
E02003769,Huntingdonshire 017,120
E02003770,Huntingdonshire 018,224
E02003771,Huntingdonshire 019,495
E02003772,Huntingdonshire 020,292
E02003773,Huntingdonshire 021,394
E02003774,Huntingdonshire 022,270
E02003775,South Cambridgeshire 001,147
E02003776,South Cambridgeshire 002,173
E02003777,South Cambridgeshire 003,241
E02003778,South Cambridgeshire 004,258
E02003780,South Cambridgeshire 006,490
E02003781,South Cambridgeshire 007,212
E02003784,South Cambridgeshire 010,200
E02003785,South Cambridgeshire 011,416
E02003786,South Cambridgeshire 012,261
E02003787,South Cambridgeshire 013,173
E02003788,South Cambridgeshire 014,191
E02003789,South Cambridgeshire 015,202
E02003790,South Cambridgeshire 016,178
E02003791,South Cambridgeshire 017,218
E02003792,South Cambridgeshire 018,277
E02003793,South Cambridgeshire 019,112
E02004356,Eastbourne 001,249
E02004357,Eastbourne 002,237
E02004358,Eastbourne 003,369
E02004359,Eastbourne 004,381
E02004361,Eastbourne 006,276
E02004362,Eastbourne 007,394
E02004363,Eastbourne 008,908
E02004364,Eastbourne 009,740
E02004365,Eastbourne 010,1593
E02004366,Eastbourne 011,1482
E02004367,Eastbourne 012,506
E02004368,Hastings 001,257
E02004369,Hastings 002,269
E02004370,Hastings 003,348
E02004371,Hastings 004,135
E02004372,Hastings 005,454
E02004373,Hastings 006,397
E02004374,Hastings 007,396
E02004375,Hastings 008,963
E02004376,Hastings 009,1208
E02004377,Hastings 010,447
E02004378,Hastings 011,1939
E02004379,Lewes 001,168
E02004380,Lewes 002,192
E02004381,Lewes 003,772
E02004382,Lewes 004,198
E02004383,Lewes 005,264
E02004384,Lewes 006,323
E02004385,Lewes 007,441
E02004386,Lewes 008,319
E02004387,Lewes 009,348
E02004388,Lewes 010,321
E02004389,Lewes 011,247
E02004390,Lewes 012,278
E02004391,Lewes 013,880
E02004392,Rother 001,229
E02004393,Rother 002,189
E02004394,Rother 003,173
E02004395,Rother 004,376
E02004396,Rother 005,160
E02004397,Rother 006,208
E02004398,Rother 007,593
E02004399,Rother 008,333
E02004400,Rother 009,171
E02004401,Rother 010,344
E02004402,Rother 011,1316
E02004403,Wealden 001,245
E02004404,Wealden 002,113
E02004405,Wealden 003,179
E02004406,Wealden 004,244
E02004407,Wealden 005,266
E02004408,Wealden 006,318
E02004409,Wealden 007,103
E02004410,Wealden 008,204
E02004411,Wealden 009,423
E02004412,Wealden 010,427
E02004413,Wealden 011,237
E02004414,Wealden 012,265
E02004415,Wealden 013,126
E02004416,Wealden 014,164
E02004417,Wealden 015,298
E02004418,Wealden 016,228
E02004419,Wealden 017,305
E02004420,Wealden 018,250
E02004421,Wealden 019,366
E02004422,Wealden 020,251
E02004423,Wealden 021,152
E02004424,Basildon 001,76
E02004425,Basildon 002,374
E02004426,Basildon 003,257
E02004427,Basildon 004,254
E02004428,Basildon 005,375
E02004429,Basildon 006,145
E02004430,Basildon 007,138
E02004431,Basildon 008,487
E02004432,Basildon 009,124
E02004433,Basildon 010,554
E02004434,Basildon 011,478
E02004435,Basildon 012,360
E02004436,Basildon 013,612
E02004437,Basildon 014,818
E02004438,Basildon 015,764
E02004439,Basildon 016,595
E02004440,Basildon 017,405
E02004441,Basildon 018,581
E02004442,Basildon 019,611
E02004443,Basildon 020,704
E02004444,Basildon 021,261
E02004445,Basildon 022,637
E02004446,Braintree 001,103
E02004447,Braintree 002,68
E02004448,Braintree 003,263
E02004449,Braintree 004,565
E02004450,Braintree 005,94
E02004451,Braintree 006,230
E02004452,Braintree 007,208
E02004453,Braintree 008,338
E02004454,Braintree 009,923
E02004455,Braintree 010,66
E02004456,Braintree 011,477
E02004457,Braintree 012,236
E02004458,Braintree 013,186
E02004459,Braintree 014,323
E02004460,Braintree 015,201
E02004461,Braintree 016,225
E02004462,Braintree 017,1026
E02004463,Braintree 018,210
E02004464,Brentwood 001,151
E02004465,Brentwood 002,253
E02004466,Brentwood 003,274
E02004467,Brentwood 004,330
E02004468,Brentwood 005,188
E02004469,Brentwood 006,205
E02004470,Brentwood 007,1408
E02004471,Brentwood 008,550
E02004472,Brentwood 009,184
E02004473,Castle Point 001,162
E02004474,Castle Point 002,165
E02004475,Castle Point 003,110
E02004476,Castle Point 004,141
E02004477,Castle Point 005,83
E02004478,Castle Point 006,429
E02004479,Castle Point 007,168
E02004480,Castle Point 008,288
E02004481,Castle Point 009,555
E02004482,Castle Point 010,280
E02004483,Castle Point 011,391
E02004484,Castle Point 012,529
E02004485,Chelmsford 001,290
E02004486,Chelmsford 002,276
E02004487,Chelmsford 003,258
E02004488,Chelmsford 004,379
E02004489,Chelmsford 005,295
E02004490,Chelmsford 006,637
E02004491,Chelmsford 007,175
E02004492,Chelmsford 008,508
E02004493,Chelmsford 009,580
E02004495,Chelmsford 011,306
E02004496,Chelmsford 012,235
E02004497,Chelmsford 013,319
E02004498,Chelmsford 014,600
E02004499,Chelmsford 015,37
E02004500,Chelmsford 016,253
E02004501,Chelmsford 017,288
E02004502,Chelmsford 018,308
E02004503,Chelmsford 019,256
E02004504,Chelmsford 020,452
E02004505,Chelmsford 021,138
E02004506,Colchester 001,127
E02004507,Colchester 002,698
E02004508,Colchester 003,141
E02004512,Colchester 007,1322
E02004513,Colchester 008,877
E02004514,Colchester 009,164
E02004515,Colchester 010,187
E02004516,Colchester 011,826
E02004517,Colchester 012,379
E02004518,Colchester 013,346
E02004519,Colchester 014,133
E02004520,Colchester 015,281
E02004521,Colchester 016,652
E02004522,Colchester 017,220
E02004523,Colchester 018,375
E02004524,Colchester 019,111
E02004525,Colchester 020,225
E02004526,Colchester 021,246
E02004527,Epping Forest 001,538
E02004528,Epping Forest 002,218
E02004529,Epping Forest 003,152
E02004530,Epping Forest 004,324
E02004531,Epping Forest 005,254
E02004532,Epping Forest 006,348
E02004533,Epping Forest 007,646
E02004534,Epping Forest 008,524
E02004535,Epping Forest 009,611
E02004536,Epping Forest 010,227
E02004537,Epping Forest 011,1000
E02004538,Epping Forest 012,329
E02004539,Epping Forest 013,350
E02004540,Epping Forest 014,135
E02004541,Epping Forest 015,501
E02004542,Epping Forest 016,93
E02004543,Epping Forest 017,175
E02004544,Harlow 001,611
E02004545,Harlow 002,513
E02004546,Harlow 003,789
E02004547,Harlow 004,705
E02004548,Harlow 005,195
E02004549,Harlow 006,432
E02004550,Harlow 007,850
E02004551,Harlow 008,509
E02004552,Harlow 009,490
E02004553,Harlow 010,376
E02004554,Harlow 011,554
E02004555,Maldon 001,126
E02004556,Maldon 002,97
E02004557,Maldon 003,308
E02004558,Maldon 004,564
E02004559,Maldon 005,233
E02004560,Maldon 006,269
E02004561,Maldon 007,282
E02004562,Maldon 008,400
E02004563,Rochford 001,281
E02004564,Rochford 002,162
E02004566,Rochford 004,461
E02004567,Rochford 005,125
E02004568,Rochford 006,239
E02004569,Rochford 007,584
E02004570,Rochford 008,449
E02004571,Rochford 009,97
E02004572,Rochford 010,268
E02004573,Tendring 001,590
E02004574,Tendring 002,293
E02004575,Tendring 003,535
E02004576,Tendring 004,137
E02004577,Tendring 005,107
E02004578,Tendring 006,475
E02004579,Tendring 007,308
E02004580,Tendring 008,255
E02004581,Tendring 009,142
E02004582,Tendring 010,203
E02004583,Tendring 011,392
E02004584,Tendring 012,146
E02004585,Tendring 013,274
E02004586,Tendring 014,482
E02004587,Tendring 015,452
E02004588,Tendring 016,1214
E02004589,Tendring 017,257
E02004590,Tendring 018,578
E02004591,Uttlesford 001,141
E02004592,Uttlesford 002,786
E02004593,Uttlesford 003,170
E02004594,Uttlesford 004,189
E02004595,Uttlesford 005,345
E02004596,Uttlesford 006,271
E02004597,Uttlesford 007,513
E02004598,Uttlesford 008,197
E02004599,Uttlesford 009,217
E02004675,Basingstoke and Deane 001,174
E02004676,Basingstoke and Deane 002,231
E02004677,Basingstoke and Deane 003,78
E02004678,Basingstoke and Deane 004,227
E02004679,Basingstoke and Deane 005,274
E02004680,Basingstoke and Deane 006,276
E02004681,Basingstoke and Deane 007,694
E02004682,Basingstoke and Deane 008,350
E02004683,Basingstoke and Deane 009,471
E02004684,Basingstoke and Deane 010,420
E02004685,Basingstoke and Deane 011,1171
E02004686,Basingstoke and Deane 012,649
E02004687,Basingstoke and Deane 013,222
E02004688,Basingstoke and Deane 014,395
E02004689,Basingstoke and Deane 015,122
E02004690,Basingstoke and Deane 016,345
E02004691,Basingstoke and Deane 017,169
E02004692,Basingstoke and Deane 018,95
E02004693,Basingstoke and Deane 019,457
E02004694,Basingstoke and Deane 020,264
E02004695,Basingstoke and Deane 021,164
E02004696,Basingstoke and Deane 022,189
E02004697,East Hampshire 001,147
E02004698,East Hampshire 002,725
E02004699,East Hampshire 003,433
E02004700,East Hampshire 004,282
E02004702,East Hampshire 006,338
E02004703,East Hampshire 007,208
E02004704,East Hampshire 008,114
E02004705,East Hampshire 009,383
E02004706,East Hampshire 010,271
E02004707,East Hampshire 011,350
E02004708,East Hampshire 012,665
E02004709,East Hampshire 013,188
E02004710,East Hampshire 014,202
E02004712,Eastleigh 001,70
E02004713,Eastleigh 002,127
E02004714,Eastleigh 003,232
E02004715,Eastleigh 004,419
E02004716,Eastleigh 005,205
E02004717,Eastleigh 006,472
E02004718,Eastleigh 007,731
E02004719,Eastleigh 008,244
E02004720,Eastleigh 009,592
E02004721,Eastleigh 010,190
E02004722,Eastleigh 011,417
E02004723,Eastleigh 012,211
E02004724,Eastleigh 013,311
E02004725,Eastleigh 014,342
E02004726,Eastleigh 015,196
E02004727,Fareham 001,88
E02004728,Fareham 002,383
E02004729,Fareham 003,243
E02004730,Fareham 004,143
E02004731,Fareham 005,270
E02004732,Fareham 006,210
E02004733,Fareham 007,292
E02004734,Fareham 008,582
E02004735,Fareham 009,78
E02004736,Fareham 010,156
E02004737,Fareham 011,643
E02004738,Fareham 012,235
E02004739,Fareham 013,194
E02004740,Fareham 014,193
E02004741,Gosport 001,320
E02004742,Gosport 002,505
E02004743,Gosport 003,210
E02004744,Gosport 004,228
E02004745,Gosport 005,520
E02004746,Gosport 006,463
E02004747,Gosport 007,369
E02004748,Gosport 008,1341
E02004749,Gosport 009,227
E02004750,Gosport 010,323
E02004751,Hart 001,269
E02004752,Hart 002,156
E02004753,Hart 003,229
E02004754,Hart 004,232
E02004755,Hart 005,659
E02004756,Hart 006,277
E02004757,Hart 007,125
E02004758,Hart 008,297
E02004759,Hart 009,212
E02004760,Hart 010,284
E02004761,Hart 011,149
E02004764,Havant 003,316
E02004765,Havant 004,306
E02004766,Havant 005,517
E02004767,Havant 006,295
E02004768,Havant 007,278
E02004769,Havant 008,212
E02004770,Havant 009,399
E02004771,Havant 010,386
E02004772,Havant 011,402
E02004774,Havant 013,348
E02004775,Havant 014,568
E02004776,Havant 015,156
E02004777,Havant 016,364
E02004778,Havant 017,334
E02004779,New Forest 001,387
E02004780,New Forest 002,225
E02004781,New Forest 003,342
E02004782,New Forest 004,421
E02004783,New Forest 005,195
E02004784,New Forest 006,86
E02004785,New Forest 007,212
E02004786,New Forest 008,385
E02004787,New Forest 009,297
E02004788,New Forest 010,108
E02004789,New Forest 011,294
E02004790,New Forest 012,563
E02004791,New Forest 013,102
E02004792,New Forest 014,255
E02004793,New Forest 015,155
E02004794,New Forest 016,107
E02004795,New Forest 017,466
E02004796,New Forest 018,188
E02004797,New Forest 019,425
E02004798,New Forest 020,411
E02004799,New Forest 021,481
E02004800,New Forest 022,171
E02004801,New Forest 023,227
E02004802,Rushmoor 001,212
E02004803,Rushmoor 002,280
E02004804,Rushmoor 003,170
E02004805,Rushmoor 004,337
E02004806,Rushmoor 005,156
E02004807,Rushmoor 006,465
E02004808,Rushmoor 007,990
E02004809,Rushmoor 008,994
E02004810,Rushmoor 009,361
E02004811,Rushmoor 010,810
E02004812,Rushmoor 011,214
E02004813,Rushmoor 012,363
E02004814,Test Valley 001,144
E02004815,Test Valley 002,296
E02004817,Test Valley 004,383
E02004818,Test Valley 005,282
E02004819,Test Valley 006,346
E02004820,Test Valley 007,161
E02004821,Test Valley 008,103
E02004822,Test Valley 009,254
E02004823,Test Valley 010,296
E02004824,Test Valley 011,520
E02004825,Test Valley 012,319
E02004826,Test Valley 013,222
E02004827,Test Valley 014,61
E02004828,Test Valley 015,195
E02004829,Winchester 001,130
E02004830,Winchester 002,187
E02004831,Winchester 003,177
E02004832,Winchester 004,294
E02004833,Winchester 005,315
E02004834,Winchester 006,779
E02004835,Winchester 007,1127
E02004836,Winchester 008,346
E02004837,Winchester 009,196
E02004838,Winchester 010,303
E02004839,Winchester 011,193
E02004840,Winchester 012,404
E02004841,Winchester 013,430
E02004842,Winchester 014,347
E02004843,Broxbourne 001,58
E02004844,Broxbourne 002,224
E02004845,Broxbourne 003,839
E02004846,Broxbourne 004,152
E02004847,Broxbourne 005,615
E02004848,Broxbourne 006,140
E02004849,Broxbourne 007,91
E02004850,Broxbourne 008,382
E02004851,Broxbourne 009,325
E02004852,Broxbourne 010,362
E02004853,Broxbourne 011,341
E02004854,Broxbourne 012,387
E02004855,Broxbourne 013,949
E02004856,Dacorum 001,217
E02004857,Dacorum 002,226
E02004858,Dacorum 003,270
E02004859,Dacorum 004,193
E02004860,Dacorum 005,317
E02004861,Dacorum 006,273
E02004862,Dacorum 007,552
E02004863,Dacorum 008,576
E02004864,Dacorum 009,263
E02004865,Dacorum 010,408
E02004866,Dacorum 011,359
E02004867,Dacorum 012,298
E02004868,Dacorum 013,488
E02004869,Dacorum 014,205
E02004870,Dacorum 015,1238
E02004871,Dacorum 016,191
E02004872,Dacorum 017,161
E02004873,Dacorum 018,683
E02004874,Dacorum 019,226
E02004875,Dacorum 020,414
E02004876,Dacorum 021,265
E02004877,Dacorum 022,198
E02004878,East Hertfordshire 001,247
E02004880,East Hertfordshire 003,254
E02004881,East Hertfordshire 004,488
E02004882,East Hertfordshire 005,304
E02004883,East Hertfordshire 006,206
E02004884,East Hertfordshire 007,740
E02004885,East Hertfordshire 008,163
E02004886,East Hertfordshire 009,207
E02004887,East Hertfordshire 010,269
E02004888,East Hertfordshire 011,390
E02004889,East Hertfordshire 012,636
E02004890,East Hertfordshire 013,536
E02004891,East Hertfordshire 014,326
E02004892,East Hertfordshire 015,416
E02004893,East Hertfordshire 016,254
E02004894,East Hertfordshire 017,794
E02004895,East Hertfordshire 018,466
E02004896,Hertsmere 001,347
E02004897,Hertsmere 002,169
E02004898,Hertsmere 003,398
E02004899,Hertsmere 004,181
E02004900,Hertsmere 005,256
E02004901,Hertsmere 006,821
E02004902,Hertsmere 007,339
E02004903,Hertsmere 008,297
E02004904,Hertsmere 009,606
E02004905,Hertsmere 010,189
E02004906,Hertsmere 011,663
E02004907,Hertsmere 012,630
E02004908,Hertsmere 013,398
E02004909,North Hertfordshire 001,415
E02004910,North Hertfordshire 002,389
E02004911,North Hertfordshire 003,562
E02004912,North Hertfordshire 004,666
E02004914,North Hertfordshire 006,488
E02004915,North Hertfordshire 007,424
E02004916,North Hertfordshire 008,272
E02004917,North Hertfordshire 009,311
E02004918,North Hertfordshire 010,728
E02004919,North Hertfordshire 011,386
E02004920,North Hertfordshire 012,751
E02004921,North Hertfordshire 013,317
E02004922,North Hertfordshire 014,291
E02004923,North Hertfordshire 015,386
E02004924,St Albans 001,177
E02004925,St Albans 002,267
E02004926,St Albans 003,290
E02004927,St Albans 004,135
E02004928,St Albans 005,99
E02004929,St Albans 006,209
E02004930,St Albans 007,401
E02004931,St Albans 008,314
E02004932,St Albans 009,279
E02004933,St Albans 010,96
E02004934,St Albans 011,645
E02004935,St Albans 012,1226
E02004936,St Albans 013,218
E02004937,St Albans 014,178
E02004939,St Albans 016,325
E02004940,St Albans 017,453
E02004941,St Albans 018,459
E02004942,St Albans 019,266
E02004943,St Albans 020,248
E02004944,Stevenage 001,513
E02004945,Stevenage 002,442
E02004946,Stevenage 003,586
E02004948,Stevenage 005,631
E02004949,Stevenage 006,980
E02004950,Stevenage 007,143
E02004951,Stevenage 008,803
E02004952,Stevenage 009,428
E02004953,Stevenage 010,203
E02004954,Stevenage 011,476
E02004955,Stevenage 012,229
E02004956,Three Rivers 001,578
E02004957,Three Rivers 002,474
E02004958,Three Rivers 003,209
E02004959,Three Rivers 004,284
E02004960,Three Rivers 005,131
E02004961,Three Rivers 006,250
E02004962,Three Rivers 007,420
E02004963,Three Rivers 008,288
E02004964,Three Rivers 009,213
E02004965,Three Rivers 010,178
E02004966,Three Rivers 011,132
E02004967,Three Rivers 012,874
E02004968,Watford 001,412
E02004969,Watford 002,285
E02004970,Watford 003,503
E02004971,Watford 004,456
E02004972,Watford 005,264
E02004973,Watford 006,638
E02004974,Watford 007,546
E02004975,Watford 008,252
E02004976,Watford 009,1973
E02004977,Watford 010,553
E02004978,Watford 011,876
E02004979,Watford 012,424
E02004980,Welwyn Hatfield 001,87
E02004981,Welwyn Hatfield 002,261
E02004982,Welwyn Hatfield 003,93
E02004983,Welwyn Hatfield 004,377
E02004984,Welwyn Hatfield 005,760
E02004985,Welwyn Hatfield 006,566
E02004986,Welwyn Hatfield 007,779
E02004987,Welwyn Hatfield 008,297
E02004988,Welwyn Hatfield 009,399
E02004989,Welwyn Hatfield 010,585
E02004990,Welwyn Hatfield 011,423
E02004991,Welwyn Hatfield 012,634
E02004992,Welwyn Hatfield 013,317
E02004994,Welwyn Hatfield 015,39
E02004995,Welwyn Hatfield 016,73
E02004996,Ashford 001,235
E02004997,Ashford 002,226
E02004998,Ashford 003,97
E02005000,Ashford 005,869
E02005001,Ashford 006,221
E02005002,Ashford 007,496
E02005003,Ashford 008,307
E02005004,Ashford 009,251
E02005005,Ashford 010,161
E02005006,Ashford 011,127
E02005007,Ashford 012,211
E02005008,Ashford 013,395
E02005009,Ashford 014,156
E02005010,Canterbury 001,1165
E02005011,Canterbury 002,212
E02005012,Canterbury 003,412
E02005013,Canterbury 004,308
E02005014,Canterbury 005,140
E02005015,Canterbury 006,184
E02005016,Canterbury 007,297
E02005017,Canterbury 008,389
E02005018,Canterbury 009,175
E02005019,Canterbury 010,140
E02005020,Canterbury 011,229
E02005021,Canterbury 012,205
E02005022,Canterbury 013,293
E02005023,Canterbury 014,773
E02005025,Canterbury 016,469
E02005026,Canterbury 017,148
E02005027,Canterbury 018,137
E02005028,Dartford 001,933
E02005029,Dartford 002,622
E02005030,Dartford 003,824
E02005031,Dartford 004,592
E02005032,Dartford 005,638
E02005033,Dartford 006,639
E02005034,Dartford 007,25
E02005035,Dartford 008,242
E02005036,Dartford 009,449
E02005037,Dartford 010,59
E02005038,Dartford 011,163
E02005039,Dartford 012,216
E02005040,Dartford 013,102
E02005041,Dover 001,135
E02005042,Dover 002,265
E02005043,Dover 003,378
E02005044,Dover 004,488
E02005045,Dover 005,206
E02005046,Dover 006,171
E02005047,Dover 007,319
E02005048,Dover 008,97
E02005049,Dover 009,171
E02005050,Dover 010,152
E02005051,Dover 011,636
E02005052,Dover 012,965
E02005053,Dover 013,737
E02005054,Dover 014,153
E02005055,Gravesham 001,460
E02005056,Gravesham 002,1842
E02005057,Gravesham 003,554
E02005058,Gravesham 004,279
E02005059,Gravesham 005,352
E02005060,Gravesham 006,324
E02005061,Gravesham 007,371
E02005062,Gravesham 008,28
E02005063,Gravesham 009,108
E02005064,Gravesham 010,104
E02005065,Gravesham 011,385
E02005066,Gravesham 012,103
E02005067,Gravesham 013,89
E02005068,Maidstone 001,111
E02005069,Maidstone 002,200
E02005070,Maidstone 003,101
E02005071,Maidstone 004,1611
E02005072,Maidstone 005,125
E02005073,Maidstone 006,1239
E02005074,Maidstone 007,203
E02005075,Maidstone 008,308
E02005076,Maidstone 009,450
E02005077,Maidstone 010,228
E02005078,Maidstone 011,228
E02005079,Maidstone 012,164
E02005080,Maidstone 013,671
E02005081,Maidstone 014,252
E02005082,Maidstone 015,297
E02005083,Maidstone 016,186
E02005084,Maidstone 017,161
E02005085,Maidstone 018,225
E02005086,Maidstone 019,115
E02005087,Sevenoaks 001,124
E02005088,Sevenoaks 002,751
E02005089,Sevenoaks 003,183
E02005090,Sevenoaks 004,254
E02005091,Sevenoaks 005,296
E02005093,Sevenoaks 007,213
E02005094,Sevenoaks 008,398
E02005095,Sevenoaks 009,97
E02005096,Sevenoaks 010,522
E02005097,Sevenoaks 011,92
E02005098,Sevenoaks 012,577
E02005099,Sevenoaks 013,231
E02005100,Sevenoaks 014,435
E02005101,Sevenoaks 015,189
E02005102,Folkestone and Hythe 001,144
E02005103,Folkestone and Hythe 002,150
E02005104,Folkestone and Hythe 003,367
E02005105,Folkestone and Hythe 004,445
E02005106,Folkestone and Hythe 005,318
E02005107,Folkestone and Hythe 006,401
E02005109,Folkestone and Hythe 008,148
E02005110,Folkestone and Hythe 009,83
E02005111,Folkestone and Hythe 010,580
E02005112,Folkestone and Hythe 011,148
E02005113,Folkestone and Hythe 012,220
E02005114,Folkestone and Hythe 013,142
E02005115,Swale 001,399
E02005116,Swale 002,377
E02005117,Swale 003,189
E02005118,Swale 004,263
E02005119,Swale 005,185
E02005120,Swale 006,206
E02005121,Swale 007,324
E02005122,Swale 008,180
E02005123,Swale 009,288
E02005124,Swale 010,893
E02005125,Swale 011,292
E02005126,Swale 012,165
E02005127,Swale 013,167
E02005128,Swale 014,264
E02005129,Swale 015,625
E02005130,Swale 016,255
E02005131,Swale 017,126
E02005132,Thanet 001,1627
E02005133,Thanet 002,189
E02005134,Thanet 003,759
E02005135,Thanet 004,336
E02005136,Thanet 005,256
E02005137,Thanet 006,326
E02005138,Thanet 007,802
E02005139,Thanet 008,313
E02005140,Thanet 009,222
E02005141,Thanet 010,436
E02005142,Thanet 011,226
E02005143,Thanet 012,226
E02005144,Thanet 013,418
E02005145,Thanet 014,247
E02005146,Thanet 015,318
E02005147,Thanet 016,1578
E02005148,Thanet 017,200
E02005149,Tonbridge and Malling 001,287
E02005150,Tonbridge and Malling 002,599
E02005151,Tonbridge and Malling 003,301
E02005153,Tonbridge and Malling 005,335
E02005154,Tonbridge and Malling 006,229
E02005155,Tonbridge and Malling 007,184
E02005156,Tonbridge and Malling 008,178
E02005157,Tonbridge and Malling 009,325
E02005158,Tonbridge and Malling 010,144
E02005159,Tonbridge and Malling 011,158
E02005160,Tonbridge and Malling 012,874
E02005161,Tonbridge and Malling 013,383
E02005162,Tunbridge Wells 001,374
E02005163,Tunbridge Wells 002,231
E02005164,Tunbridge Wells 003,582
E02005165,Tunbridge Wells 004,332
E02005166,Tunbridge Wells 005,505
E02005167,Tunbridge Wells 006,168
E02005168,Tunbridge Wells 007,522
E02005169,Tunbridge Wells 008,1665
E02005170,Tunbridge Wells 009,599
E02005171,Tunbridge Wells 010,424
E02005172,Tunbridge Wells 011,201
E02005173,Tunbridge Wells 012,516
E02005174,Tunbridge Wells 013,224
E02005175,Tunbridge Wells 014,347
E02005503,Breckland 001,86
E02005504,Breckland 002,124
E02005505,Breckland 003,311
E02005506,Breckland 004,112
E02005507,Breckland 005,620
E02005508,Breckland 006,165
E02005509,Breckland 007,358
E02005510,Breckland 008,134
E02005511,Breckland 009,280
E02005512,Breckland 010,105
E02005513,Breckland 011,391
E02005514,Breckland 012,90
E02005515,Breckland 013,114
E02005516,Breckland 014,122
E02005517,Breckland 015,345
E02005518,Breckland 016,477
E02005519,Breckland 017,291
E02005520,Broadland 001,289
E02005521,Broadland 002,221
E02005522,Broadland 003,101
E02005523,Broadland 004,148
E02005524,Broadland 005,132
E02005525,Broadland 006,244
E02005526,Broadland 007,137
E02005527,Broadland 008,176
E02005528,Broadland 009,185
E02005529,Broadland 010,119
E02005530,Broadland 011,146
E02005531,Broadland 012,161
E02005532,Broadland 013,258
E02005533,Broadland 014,196
E02005534,Broadland 015,279
E02005535,Broadland 016,180
E02005536,Broadland 017,132
E02005537,Broadland 018,138
E02005538,Great Yarmouth 001,170
E02005539,Great Yarmouth 002,131
E02005540,Great Yarmouth 003,249
E02005541,Great Yarmouth 004,345
E02005542,Great Yarmouth 005,825
E02005543,Great Yarmouth 006,1127
E02005544,Great Yarmouth 007,406
E02005545,Great Yarmouth 008,188
E02005546,Great Yarmouth 009,530
E02005547,Great Yarmouth 010,347
E02005548,Great Yarmouth 011,282
E02005549,Great Yarmouth 012,135
E02005550,Great Yarmouth 013,271
E02005551,King's Lynn and West Norfolk 001,377
E02005552,King's Lynn and West Norfolk 002,122
E02005553,King's Lynn and West Norfolk 003,329
E02005554,King's Lynn and West Norfolk 004,207
E02005555,King's Lynn and West Norfolk 005,25
E02005556,King's Lynn and West Norfolk 006,160
E02005557,King's Lynn and West Norfolk 007,246
E02005558,King's Lynn and West Norfolk 008,143
E02005559,King's Lynn and West Norfolk 009,331
E02005560,King's Lynn and West Norfolk 010,451
E02005561,King's Lynn and West Norfolk 011,1369
E02005562,King's Lynn and West Norfolk 012,159
E02005563,King's Lynn and West Norfolk 013,149
E02005564,King's Lynn and West Norfolk 014,92
E02005565,King's Lynn and West Norfolk 015,117
E02005566,King's Lynn and West Norfolk 016,191
E02005567,King's Lynn and West Norfolk 017,478
E02005568,King's Lynn and West Norfolk 018,114
E02005569,King's Lynn and West Norfolk 019,105
E02005570,North Norfolk 001,368
E02005571,North Norfolk 002,189
E02005572,North Norfolk 003,658
E02005573,North Norfolk 004,210
E02005574,North Norfolk 005,141
E02005575,North Norfolk 006,104
E02005576,North Norfolk 007,204
E02005577,North Norfolk 008,125
E02005578,North Norfolk 009,127
E02005580,North Norfolk 011,395
E02005581,North Norfolk 012,84
E02005582,North Norfolk 013,293
E02005583,North Norfolk 014,183
E02005584,Norwich 001,714
E02005585,Norwich 002,649
E02005586,Norwich 003,749
E02005587,Norwich 004,336
E02005588,Norwich 005,541
E02005589,Norwich 006,525
E02005592,Norwich 009,607
E02005593,Norwich 010,311
E02005594,Norwich 011,1256
E02005595,Norwich 012,281
E02005596,Norwich 013,637
E02005598,South Norfolk 002,192
E02005599,South Norfolk 003,195
E02005600,South Norfolk 004,123
E02005601,South Norfolk 005,387
E02005602,South Norfolk 006,361
E02005603,South Norfolk 007,211
E02005604,South Norfolk 008,236
E02005605,South Norfolk 009,194
E02005606,South Norfolk 010,107
E02005607,South Norfolk 011,172
E02005608,South Norfolk 012,167
E02005609,South Norfolk 013,261
E02005610,South Norfolk 014,151
E02005611,South Norfolk 015,485
E02005921,Cherwell 001,211
E02005922,Cherwell 002,297
E02005923,Cherwell 003,260
E02005924,Cherwell 004,1518
E02005925,Cherwell 005,296
E02005926,Cherwell 006,393
E02005927,Cherwell 007,272
E02005928,Cherwell 008,179
E02005929,Cherwell 009,118
E02005930,Cherwell 010,164
E02005931,Cherwell 011,181
E02005932,Cherwell 012,283
E02005933,Cherwell 013,220
E02005934,Cherwell 014,163
E02005935,Cherwell 015,681
E02005936,Cherwell 016,259
E02005937,Cherwell 017,348
E02005938,Cherwell 018,129
E02005939,Cherwell 019,321
E02005940,Oxford 001,275
E02005941,Oxford 002,432
E02005942,Oxford 003,283
E02005943,Oxford 004,178
E02005944,Oxford 005,450
E02005945,Oxford 006,571
E02005946,Oxford 007,487
E02005947,Oxford 008,741
E02005948,Oxford 009,510
E02005949,Oxford 010,423
E02005950,Oxford 011,805
E02005951,Oxford 012,448
E02005953,Oxford 014,305
E02005954,Oxford 015,455
E02005955,Oxford 016,473
E02005956,Oxford 017,398
E02005957,Oxford 018,391
E02005958,South Oxfordshire 001,199
E02005959,South Oxfordshire 002,182
E02005960,South Oxfordshire 003,284
E02005961,South Oxfordshire 004,265
E02005962,South Oxfordshire 005,181
E02005963,South Oxfordshire 006,307
E02005964,South Oxfordshire 007,78
E02005965,South Oxfordshire 008,140
E02005966,South Oxfordshire 009,197
E02005967,South Oxfordshire 010,286
E02005968,South Oxfordshire 011,168
E02005969,South Oxfordshire 012,491
E02005970,South Oxfordshire 013,464
E02005971,South Oxfordshire 014,167
E02005972,South Oxfordshire 015,231
E02005973,South Oxfordshire 016,317
E02005974,South Oxfordshire 017,320
E02005975,South Oxfordshire 018,139
E02005976,South Oxfordshire 019,77
E02005977,South Oxfordshire 020,69
E02005978,Vale of White Horse 001,139
E02005979,Vale of White Horse 002,357
E02005980,Vale of White Horse 003,271
E02005981,Vale of White Horse 004,233
E02005982,Vale of White Horse 005,208
E02005983,Vale of White Horse 006,990
E02005984,Vale of White Horse 007,111
E02005985,Vale of White Horse 008,355
E02005986,Vale of White Horse 009,397
E02005987,Vale of White Horse 010,284
E02005988,Vale of White Horse 011,189
E02005991,Vale of White Horse 014,449
E02005992,Vale of White Horse 015,415
E02005993,West Oxfordshire 001,276
E02005994,West Oxfordshire 002,128
E02005995,West Oxfordshire 003,140
E02005996,West Oxfordshire 004,276
E02005997,West Oxfordshire 005,158
E02005998,West Oxfordshire 006,180
E02005999,West Oxfordshire 007,111
E02006000,West Oxfordshire 008,428
E02006001,West Oxfordshire 009,218
E02006002,West Oxfordshire 010,657
E02006003,West Oxfordshire 011,163
E02006004,West Oxfordshire 012,176
E02006005,West Oxfordshire 013,224
E02006006,West Oxfordshire 014,213
E02006007,West Oxfordshire 015,156
E02006227,Babergh 001,231
E02006228,Babergh 002,150
E02006229,Babergh 003,191
E02006230,Babergh 004,339
E02006231,Babergh 005,211
E02006232,Babergh 006,71
E02006233,Babergh 007,817
E02006234,Babergh 008,270
E02006235,Babergh 009,149
E02006236,Babergh 010,97
E02006237,Babergh 011,152
E02006238,West Suffolk 002,466
E02006239,West Suffolk 001,132
E02006240,West Suffolk 003,252
E02006241,West Suffolk 004,447
E02006242,West Suffolk 007,168
E02006243,West Suffolk 008,616
E02006245,Ipswich 001,260
E02006246,Ipswich 002,83
E02006247,Ipswich 003,271
E02006248,Ipswich 004,178
E02006249,Ipswich 005,470
E02006250,Ipswich 006,997
E02006251,Ipswich 007,1501
E02006252,Ipswich 008,519
E02006253,Ipswich 009,168
E02006254,Ipswich 010,851
E02006255,Ipswich 011,408
E02006256,Ipswich 012,741
E02006257,Ipswich 013,443
E02006258,Ipswich 014,263
E02006259,Ipswich 015,449
E02006260,Ipswich 016,224
E02006261,Mid Suffolk 001,182
E02006262,Mid Suffolk 002,160
E02006263,Mid Suffolk 003,177
E02006264,Mid Suffolk 004,159
E02006265,Mid Suffolk 005,203
E02006266,Mid Suffolk 006,289
E02006267,Mid Suffolk 007,157
E02006268,Mid Suffolk 008,314
E02006269,Mid Suffolk 009,184
E02006270,Mid Suffolk 010,380
E02006271,Mid Suffolk 011,338
E02006272,Mid Suffolk 012,215
E02006273,West Suffolk 005,116
E02006274,West Suffolk 006,119
E02006275,West Suffolk 009,341
E02006276,West Suffolk 016,156
E02006277,West Suffolk 012,227
E02006278,West Suffolk 011,946
E02006279,West Suffolk 014,339
E02006280,West Suffolk 010,142
E02006281,West Suffolk 013,630
E02006282,West Suffolk 017,134
E02006283,West Suffolk 018,82
E02006284,West Suffolk 019,355
E02006285,West Suffolk 021,240
E02006286,West Suffolk 020,462
E02006287,East Suffolk 016,98
E02006288,East Suffolk 017,219
E02006289,East Suffolk 018,304
E02006290,East Suffolk 019,408
E02006291,East Suffolk 020,283
E02006292,East Suffolk 021,58
E02006293,East Suffolk 023,180
E02006294,East Suffolk 022,397
E02006295,East Suffolk 024,183
E02006296,East Suffolk 025,284
E02006297,East Suffolk 026,89
E02006298,East Suffolk 027,248
E02006299,East Suffolk 028,213
E02006300,East Suffolk 029,761
E02006301,East Suffolk 030,591
E02006302,East Suffolk 001,164
E02006303,East Suffolk 002,511
E02006304,East Suffolk 003,221
E02006305,East Suffolk 004,608
E02006306,East Suffolk 005,294
E02006307,East Suffolk 007,121
E02006308,East Suffolk 006,1200
E02006309,East Suffolk 009,410
E02006310,East Suffolk 008,128
E02006311,East Suffolk 010,344
E02006312,East Suffolk 011,155
E02006313,East Suffolk 012,232
E02006314,East Suffolk 013,254
E02006315,East Suffolk 014,191
E02006316,East Suffolk 015,279
E02006317,Elmbridge 001,165
E02006318,Elmbridge 002,289
E02006319,Elmbridge 003,447
E02006320,Elmbridge 004,498
E02006321,Elmbridge 005,165
E02006322,Elmbridge 006,228
E02006323,Elmbridge 007,598
E02006324,Elmbridge 008,181
E02006325,Elmbridge 009,168
E02006326,Elmbridge 010,451
E02006327,Elmbridge 011,244
E02006328,Elmbridge 012,749
E02006329,Elmbridge 013,241
E02006330,Elmbridge 014,540
E02006331,Elmbridge 015,141
E02006332,Elmbridge 016,178
E02006333,Elmbridge 017,380
E02006334,Elmbridge 018,157
E02006335,Epsom and Ewell 001,269
E02006336,Epsom and Ewell 002,243
E02006337,Epsom and Ewell 003,89
E02006338,Epsom and Ewell 004,60
E02006339,Epsom and Ewell 005,338
E02006341,Epsom and Ewell 007,647
E02006342,Epsom and Ewell 008,916
E02006343,Epsom and Ewell 009,73
E02006344,Guildford 001,212
E02006345,Guildford 002,126
E02006346,Guildford 003,149
E02006347,Guildford 004,285
E02006348,Guildford 005,174
E02006349,Guildford 006,432
E02006350,Guildford 007,367
E02006351,Guildford 008,528
E02006352,Guildford 009,150
E02006353,Guildford 010,344
E02006354,Guildford 011,319
E02006355,Guildford 012,309
E02006356,Guildford 013,1668
E02006357,Guildford 014,263
E02006358,Guildford 015,505
E02006359,Guildford 016,380
E02006360,Guildford 017,262
E02006361,Guildford 018,97
E02006362,Mole Valley 001,185
E02006363,Mole Valley 002,223
E02006364,Mole Valley 003,938
E02006365,Mole Valley 004,345
E02006366,Mole Valley 005,156
E02006367,Mole Valley 006,327
E02006368,Mole Valley 007,242
E02006369,Mole Valley 008,294
E02006370,Mole Valley 009,465
E02006371,Mole Valley 010,574
E02006372,Mole Valley 011,381
E02006373,Mole Valley 012,304
E02006374,Mole Valley 013,373
E02006375,Reigate and Banstead 001,105
E02006376,Reigate and Banstead 002,271
E02006377,Reigate and Banstead 003,74
E02006378,Reigate and Banstead 004,143
E02006379,Reigate and Banstead 005,393
E02006380,Reigate and Banstead 006,144
E02006381,Reigate and Banstead 007,142
E02006382,Reigate and Banstead 008,339
E02006383,Reigate and Banstead 009,444
E02006384,Reigate and Banstead 010,829
E02006385,Reigate and Banstead 011,1083
E02006386,Reigate and Banstead 012,434
E02006387,Reigate and Banstead 013,204
E02006388,Reigate and Banstead 014,450
E02006389,Reigate and Banstead 015,230
E02006390,Reigate and Banstead 016,245
E02006391,Reigate and Banstead 017,160
E02006392,Reigate and Banstead 018,741
E02006393,Runnymede 001,547
E02006394,Runnymede 002,603
E02006395,Runnymede 003,594
E02006396,Runnymede 004,272
E02006397,Runnymede 005,138
E02006398,Runnymede 006,772
E02006399,Runnymede 007,709
E02006400,Runnymede 008,312
E02006401,Runnymede 009,716
E02006402,Runnymede 010,205
E02006403,Spelthorne 001,715
E02006404,Spelthorne 002,322
E02006405,Spelthorne 003,492
E02006406,Spelthorne 004,999
E02006407,Spelthorne 005,374
E02006408,Spelthorne 006,543
E02006409,Spelthorne 007,354
E02006410,Spelthorne 008,422
E02006411,Spelthorne 009,250
E02006412,Spelthorne 010,261
E02006413,Spelthorne 011,355
E02006414,Spelthorne 012,175
E02006415,Spelthorne 013,347
E02006416,Surrey Heath 001,241
E02006417,Surrey Heath 002,321
E02006418,Surrey Heath 003,231
E02006419,Surrey Heath 004,396
E02006420,Surrey Heath 005,247
E02006421,Surrey Heath 006,190
E02006422,Surrey Heath 007,138
E02006423,Surrey Heath 008,674
E02006424,Surrey Heath 009,99
E02006425,Surrey Heath 010,227
E02006426,Surrey Heath 011,108
E02006427,Surrey Heath 012,262
E02006429,Tandridge 002,534
E02006430,Tandridge 003,341
E02006431,Tandridge 004,507
E02006432,Tandridge 005,253
E02006433,Tandridge 006,292
E02006434,Tandridge 007,221
E02006435,Tandridge 008,227
E02006436,Tandridge 009,256
E02006437,Tandridge 010,295
E02006438,Tandridge 011,236
E02006439,Waverley 001,333
E02006440,Waverley 002,126
E02006441,Waverley 003,644
E02006442,Waverley 004,152
E02006443,Waverley 005,494
E02006444,Waverley 006,204
E02006445,Waverley 007,605
E02006446,Waverley 008,251
E02006447,Waverley 009,167
E02006448,Waverley 010,190
E02006449,Waverley 011,324
E02006450,Waverley 012,191
E02006451,Waverley 013,530
E02006453,Waverley 015,296
E02006454,Waverley 016,294
E02006455,Waverley 017,440
E02006456,Woking 001,297
E02006457,Woking 002,249
E02006458,Woking 003,235
E02006459,Woking 004,679
E02006460,Woking 005,797
E02006461,Woking 006,326
E02006462,Woking 007,371
E02006463,Woking 008,1485
E02006464,Woking 009,432
E02006465,Woking 010,277
E02006466,Woking 011,341
E02006467,Woking 012,97
E02006534,Adur 001,180
E02006535,Adur 002,119
E02006536,Adur 003,141
E02006537,Adur 004,592
E02006538,Adur 005,644
E02006539,Adur 006,364
E02006540,Adur 007,397
E02006541,Adur 008,706
E02006542,Arun 001,239
E02006543,Arun 002,147
E02006544,Arun 003,279
E02006545,Arun 004,422
E02006546,Arun 005,338
E02006547,Arun 006,184
E02006548,Arun 007,346
E02006549,Arun 008,127
E02006550,Arun 009,336
E02006551,Arun 010,382
E02006552,Arun 011,1346
E02006553,Arun 012,315
E02006554,Arun 013,316
E02006555,Arun 014,615
E02006556,Arun 015,221
E02006557,Arun 016,485
E02006558,Arun 017,2051
E02006559,Arun 018,133
E02006560,Arun 019,266
E02006561,Chichester 001,181
E02006562,Chichester 002,127
E02006563,Chichester 003,143
E02006564,Chichester 004,474
E02006565,Chichester 005,235
E02006566,Chichester 006,202
E02006567,Chichester 007,170
E02006568,Chichester 008,832
E02006569,Chichester 009,262
E02006570,Chichester 010,987
E02006571,Chichester 011,254
E02006572,Chichester 012,514
E02006573,Chichester 013,313
E02006574,Chichester 014,497
E02006575,Crawley 001,287
E02006576,Crawley 002,251
E02006577,Crawley 003,555
E02006578,Crawley 004,1144
E02006579,Crawley 005,423
E02006580,Crawley 006,338
E02006581,Crawley 007,911
E02006582,Crawley 008,114
E02006583,Crawley 009,493
E02006584,Crawley 010,497
E02006585,Crawley 011,219
E02006586,Crawley 012,212
E02006587,Crawley 013,759
E02006588,Horsham 001,731
E02006589,Horsham 002,310
E02006590,Horsham 003,476
E02006591,Horsham 004,639
E02006592,Horsham 005,163
E02006593,Horsham 006,1228
E02006594,Horsham 007,410
E02006595,Horsham 008,175
E02006596,Horsham 009,295
E02006597,Horsham 010,431
E02006598,Horsham 011,127
E02006599,Horsham 012,89
E02006600,Horsham 013,517
E02006601,Horsham 014,375
E02006602,Horsham 015,103
E02006603,Horsham 016,297
E02006604,Mid Sussex 001,1270
E02006605,Mid Sussex 002,139
E02006606,Mid Sussex 003,232
E02006607,Mid Sussex 004,193
E02006608,Mid Sussex 005,175
E02006609,Mid Sussex 006,178
E02006610,Mid Sussex 007,347
E02006611,Mid Sussex 008,197
E02006612,Mid Sussex 009,1130
E02006613,Mid Sussex 010,438
E02006614,Mid Sussex 011,459
E02006615,Mid Sussex 012,170
E02006616,Mid Sussex 013,256
E02006617,Mid Sussex 014,776
E02006618,Mid Sussex 015,55
E02006619,Mid Sussex 016,247
E02006620,Mid Sussex 017,310
E02006621,Worthing 001,149
E02006622,Worthing 002,382
E02006623,Worthing 003,328
E02006624,Worthing 004,168
E02006625,Worthing 005,508
E02006626,Worthing 006,281
E02006627,Worthing 007,515
E02006628,Worthing 008,871
E02006629,Worthing 009,589
E02006630,Worthing 010,1745
E02006631,Worthing 011,2291
E02006632,Worthing 012,575
E02006633,Worthing 013,225
E02006782,Bromley 040,238
E02006783,Lewisham 037,204
E02006784,Lewisham 038,525
E02006785,Bexley 029,227
E02006786,Greenwich 033,385
E02006787,Bromley 041,306
E02006788,Croydon 045,261
E02006789,Bromley 042,177
E02006790,Tandridge 012,259
E02006791,Ealing 040,962
E02006792,Hounslow 029,1310
E02006793,Enfield 037,805
E02006794,Haringey 037,1032
E02006795,Harrow 032,162
E02006796,Hillingdon 033,483
E02006798,Lewisham 039,1246
E02006799,Barking and Dagenham 023,368
E02006800,Redbridge 034,850
E02006801,Lambeth 036,1318
E02006802,Southwark 034,1304
E02006821,Portsmouth 026,117
E02006822,Havant 018,189
E02006823,Buckinghamshire 039,195
E02006824,Buckinghamshire 036,255
E02006825,East Cambridgeshire 011,123
E02006826,West Suffolk 015,575
E02006829,East Hampshire 016,192
E02006830,Havant 019,382
E02006831,Havant 020,185
E02006832,Sevenoaks 016,139
E02006833,Tonbridge and Malling 014,385
E02006836,Sutton 025,278
E02006837,Epsom and Ewell 010,357
E02006838,East Hampshire 017,162
E02006839,Waverley 018,392
E02006853,Tower Hamlets 032,2269
E02006854,Tower Hamlets 033,1437
E02006855,Canterbury 019,377
E02006856,Canterbury 020,994
E02006857,Eastbourne 013,380
E02006858,Eastbourne 014,231
E02006859,Thurrock 019,114
E02006873,South Cambridgeshire 020,213
E02006874,South Cambridgeshire 021,174
E02006877,Peterborough 022,339
E02006878,Peterborough 023,287
E02006879,Folkestone and Hythe 014,1566
E02006880,Folkestone and Hythe 015,1043
E02006882,Harrow 033,198
E02006886,Vale of White Horse 016,287
E02006907,Norwich 014,1718
E02006908,Norwich 015,590
E02006918,Hackney 028,1041
E02006921,Hackney 029,778
E02006922,Colchester 022,501
E02006924,Redbridge 035,590
E02006925,Redbridge 036,264
E02006926,Thurrock 020,200
E02006927,Greenwich 034,910
E02006928,Greenwich 035,1605
E02006930,Greenwich 037,990
E02006931,Greenwich 038,978
E02006937,Luton 022,1444
E02006938,Luton 023,1699
E02006939,Reading 019,1459
E02006940,Reading 020,1406
E02006941,Southwark 035,1147
E02006942,Southwark 036,1076
E02006953,Barnet 042,1445
E02006954,Barnet 043,966
E02006955,Brent 035,1164
E02006956,Brent 036,411
E02006968,Ealing 041,849
E02006969,Ealing 042,1057
E02006970,Ealing 043,425
E02006971,Ealing 044,170
E02006972,Hounslow 030,701
E02006973,Hounslow 031,1144
E02006975,Portsmouth 027,998
E02006976,Portsmouth 028,659
E02006978,Chelmsford 022,994
E02006979,Chelmsford 023,1121
E02006980,Rochford 011,75
E02006981,Rochford 012,271
E02006987,Croydon 046,2042
E02006988,Croydon 047,1234
E02006991,Greenwich 039,1173
E02006992,Greenwich 040,1026
E02006993,Greenwich 041,1147
E02006994,Greenwich 042,1180
E02006995,Newham 038,587
E02006996,Newham 039,955
E02006997,Newham 040,1343
E02006998,Newham 041,749
E02006999,Newham 042,1597
E02007004,Thurrock 021,611
E02007005,Thurrock 022,447
E02007008,Lewisham 040,1177
E02007009,Lewisham 041,1456
E02007010,Bedford 021,202
E02007011,Bedford 022,163
E02007012,Milton Keynes 033,331
E02007013,Milton Keynes 034,308
E02007014,Milton Keynes 035,437
E02007015,Milton Keynes 036,351
E02007016,Milton Keynes 037,297
E02007017,Redbridge 037,126
E02007018,Redbridge 038,467
E02007019,Redbridge 039,740
E02007020,Redbridge 040,285
E02007021,Oxford 020,310
E02007032,North Norfolk 015,317
E02007033,North Norfolk 016,313
E02007046,Ashford 015,295
E02007047,Ashford 016,290
E02007052,Norwich 016,1234
E02007053,Norwich 017,1183
E02007054,South Norfolk 016,172
E02007055,South Norfolk 017,255
E02007056,Colchester 023,288
E02007057,Colchester 024,264
E02007068,Slough 015,630
E02007069,Slough 016,391
E02007074,Southampton 033,1159
E02007075,Southampton 034,974
E02007076,Test Valley 016,263
E02007077,Test Valley 017,223
E02007078,Test Valley 018,644
E02007083,Wandsworth 038,1536
E02007084,Wandsworth 039,1245
E02007085,South Cambridgeshire 022,385
E02007086,Cambridge 015,506
E02007087,Cambridge 014,757
E02007088,North Hertfordshire 016,143
E02007089,North Hertfordshire 017,147
E02007090,St Albans 021,201
E02007091,Stevenage 013,312
E02007092,Welwyn Hatfield 017,377
E02007093,East Hertfordshire 019,202
E02007108,Hackney 030,1017
E02007109,Hackney 031,936
E02007110,Hackney 032,1182
E02007111,Hackney 033,1006
E02007112,Tower Hamlets 034,1511
E02007113,Tower Hamlets 035,1095
E02007114,Tower Hamlets 036,1059
E02007115,Camden 029,1961
E02007116,Oxford 019,448