Middle layer Super Output Areas Code,Middle layer Super Output Areas,3_or_more_cars
E02000001,City of London 001,43
E02000002,Barking and Dagenham 001,136
E02000003,Barking and Dagenham 002,214
E02000004,Barking and Dagenham 003,208
E02000005,Barking and Dagenham 004,170
E02000007,Barking and Dagenham 006,135
E02000008,Barking and Dagenham 007,209
E02000009,Barking and Dagenham 008,175
E02000010,Barking and Dagenham 009,138
E02000011,Barking and Dagenham 010,116
E02000012,Barking and Dagenham 011,275
E02000013,Barking and Dagenham 012,130
E02000014,Barking and Dagenham 013,143
E02000015,Barking and Dagenham 014,111
E02000016,Barking and Dagenham 015,31
E02000017,Barking and Dagenham 016,111
E02000018,Barking and Dagenham 017,114
E02000019,Barking and Dagenham 018,120
E02000020,Barking and Dagenham 019,138
E02000021,Barking and Dagenham 020,126
E02000022,Barking and Dagenham 021,40
E02000023,Barking and Dagenham 022,76
E02000024,Barnet 001,284
E02000025,Barnet 002,226
E02000026,Barnet 003,258
E02000027,Barnet 004,215
E02000028,Barnet 005,204
E02000029,Barnet 006,211
E02000030,Barnet 007,551
E02000031,Barnet 008,244
E02000032,Barnet 009,284
E02000033,Barnet 010,202
E02000034,Barnet 011,213
E02000035,Barnet 012,147
E02000036,Barnet 013,307
E02000037,Barnet 014,343
E02000038,Barnet 015,228
E02000039,Barnet 016,274
E02000040,Barnet 017,210
E02000041,Barnet 018,227
E02000042,Barnet 019,122
E02000043,Barnet 020,187
E02000044,Barnet 021,162
E02000045,Barnet 022,137
E02000046,Barnet 023,70
E02000047,Barnet 024,154
E02000048,Barnet 025,256
E02000049,Barnet 026,101
E02000050,Barnet 027,145
E02000051,Barnet 028,228
E02000052,Barnet 029,82
E02000054,Barnet 031,183
E02000055,Barnet 032,216
E02000056,Barnet 033,352
E02000057,Barnet 034,167
E02000058,Barnet 035,172
E02000059,Barnet 036,140
E02000060,Barnet 037,192
E02000061,Barnet 038,152
E02000062,Barnet 039,60
E02000063,Barnet 040,121
E02000064,Barnet 041,84
E02000065,Bexley 001,129
E02000066,Bexley 002,123
E02000067,Bexley 003,189
E02000068,Bexley 004,149
E02000069,Bexley 005,208
E02000070,Bexley 006,342
E02000071,Bexley 007,291
E02000072,Bexley 008,239
E02000073,Bexley 009,473
E02000074,Bexley 010,225
E02000075,Bexley 011,352
E02000077,Bexley 013,299
E02000078,Bexley 014,338
E02000079,Bexley 015,221
E02000080,Bexley 016,329
E02000081,Bexley 017,285
E02000082,Bexley 018,405
E02000083,Bexley 019,326
E02000084,Bexley 020,504
E02000085,Bexley 021,319
E02000086,Bexley 022,344
E02000087,Bexley 023,379
E02000088,Bexley 024,347
E02000089,Bexley 025,292
E02000090,Bexley 026,250
E02000091,Bexley 027,341
E02000092,Bexley 028,202
E02000093,Brent 001,296
E02000094,Brent 002,230
E02000095,Brent 003,238
E02000096,Brent 004,254
E02000097,Brent 005,266
E02000098,Brent 006,193
E02000099,Brent 007,178
E02000100,Brent 008,318
E02000101,Brent 009,175
E02000102,Brent 010,127
E02000103,Brent 011,128
E02000104,Brent 012,198
E02000105,Brent 013,183
E02000106,Brent 014,132
E02000107,Brent 015,93
E02000108,Brent 016,122
E02000110,Brent 018,83
E02000111,Brent 019,146
E02000112,Brent 020,128
E02000113,Brent 021,98
E02000114,Brent 022,74
E02000115,Brent 023,68
E02000116,Brent 024,37
E02000117,Brent 025,65
E02000118,Brent 026,136
E02000119,Brent 027,48
E02000120,Brent 028,26
E02000121,Brent 029,131
E02000122,Brent 030,129
E02000123,Brent 031,65
E02000124,Brent 032,68
E02000125,Brent 033,82
E02000126,Brent 034,19
E02000127,Bromley 001,180
E02000128,Bromley 002,231
E02000130,Bromley 004,102
E02000131,Bromley 005,78
E02000132,Bromley 006,105
E02000133,Bromley 007,513
E02000134,Bromley 008,185
E02000135,Bromley 009,74
E02000136,Bromley 010,288
E02000137,Bromley 011,225
E02000138,Bromley 012,210
E02000139,Bromley 013,131
E02000140,Bromley 014,261
E02000141,Bromley 015,140
E02000142,Bromley 016,276
E02000144,Bromley 018,178
E02000145,Bromley 019,230
E02000146,Bromley 020,201
E02000147,Bromley 021,424
E02000148,Bromley 022,259
E02000149,Bromley 023,271
E02000150,Bromley 024,313
E02000151,Bromley 025,267
E02000152,Bromley 026,226
E02000153,Bromley 027,356
E02000154,Bromley 028,289
E02000155,Bromley 029,251
E02000156,Bromley 030,530
E02000157,Bromley 031,356
E02000158,Bromley 032,259
E02000159,Bromley 033,510
E02000160,Bromley 034,404
E02000161,Bromley 035,322
E02000162,Bromley 036,301
E02000163,Bromley 037,395
E02000165,Bromley 039,499
E02000166,Camden 001,76
E02000167,Camden 002,89
E02000168,Camden 003,34
E02000169,Camden 004,117
E02000170,Camden 005,58
E02000171,Camden 006,27
E02000172,Camden 007,24
E02000173,Camden 008,63
E02000174,Camden 009,24
E02000175,Camden 010,26
E02000176,Camden 011,24
E02000177,Camden 012,23
E02000178,Camden 013,26
E02000179,Camden 014,36
E02000180,Camden 015,21
E02000181,Camden 016,25
E02000182,Camden 017,48
E02000183,Camden 018,38
E02000184,Camden 019,21
E02000185,Camden 020,22
E02000186,Camden 021,29
E02000187,Camden 022,12
E02000188,Camden 023,15
E02000191,Camden 026,9
E02000192,Camden 027,12
E02000193,Camden 028,15
E02000194,Croydon 001,124
E02000195,Croydon 002,301
E02000196,Croydon 003,181
E02000197,Croydon 004,149
E02000198,Croydon 005,121
E02000199,Croydon 006,121
E02000200,Croydon 007,111
E02000201,Croydon 008,80
E02000202,Croydon 009,127
E02000203,Croydon 010,79
E02000204,Croydon 011,157
E02000206,Croydon 013,109
E02000207,Croydon 014,141
E02000208,Croydon 015,102
E02000209,Croydon 016,112
E02000210,Croydon 017,126
E02000211,Croydon 018,356
E02000212,Croydon 019,109
E02000213,Croydon 020,65
E02000214,Croydon 021,180
E02000215,Croydon 022,80
E02000216,Croydon 023,109
E02000217,Croydon 024,82
E02000218,Croydon 025,222
E02000219,Croydon 026,380
E02000221,Croydon 028,237
E02000222,Croydon 029,152
E02000223,Croydon 030,142
E02000224,Croydon 031,151
E02000225,Croydon 032,237
E02000226,Croydon 033,353
E02000227,Croydon 034,364
E02000228,Croydon 035,403
E02000229,Croydon 036,169
E02000230,Croydon 037,300
E02000231,Croydon 038,539
E02000232,Croydon 039,337
E02000233,Croydon 040,195
E02000234,Croydon 041,323
E02000235,Croydon 042,337
E02000236,Croydon 043,379
E02000237,Croydon 044,364
E02000238,Ealing 001,210
E02000239,Ealing 002,235
E02000240,Ealing 003,200
E02000241,Ealing 004,174
E02000242,Ealing 005,155
E02000243,Ealing 006,196
E02000244,Ealing 007,165
E02000245,Ealing 008,132
E02000246,Ealing 009,244
E02000247,Ealing 010,209
E02000248,Ealing 011,117
E02000249,Ealing 012,184
E02000250,Ealing 013,92
E02000251,Ealing 014,275
E02000252,Ealing 015,72
E02000253,Ealing 016,117
E02000254,Ealing 017,307
E02000255,Ealing 018,137
E02000256,Ealing 019,118
E02000258,Ealing 021,62
E02000259,Ealing 022,87
E02000260,Ealing 023,215
E02000261,Ealing 024,96
E02000262,Ealing 025,58
E02000263,Ealing 026,225
E02000264,Ealing 027,102
E02000265,Ealing 028,58
E02000266,Ealing 029,246
E02000267,Ealing 030,60
E02000268,Ealing 031,129
E02000269,Ealing 032,78
E02000270,Ealing 033,47
E02000271,Ealing 034,59
E02000272,Ealing 035,90
E02000275,Ealing 038,257
E02000276,Ealing 039,54
E02000277,Enfield 001,223
E02000278,Enfield 002,187
E02000279,Enfield 003,198
E02000280,Enfield 004,246
E02000281,Enfield 005,291
E02000282,Enfield 006,177
E02000283,Enfield 007,254
E02000284,Enfield 008,159
E02000285,Enfield 009,245
E02000286,Enfield 010,210
E02000287,Enfield 011,417
E02000288,Enfield 012,231
E02000289,Enfield 013,304
E02000290,Enfield 014,89
E02000291,Enfield 015,159
E02000292,Enfield 016,215
E02000293,Enfield 017,295
E02000294,Enfield 018,224
E02000295,Enfield 019,254
E02000296,Enfield 020,169
E02000297,Enfield 021,372
E02000298,Enfield 022,357
E02000299,Enfield 023,124
E02000300,Enfield 024,145
E02000301,Enfield 025,113
E02000302,Enfield 026,248
E02000303,Enfield 027,135
E02000304,Enfield 028,269
E02000305,Enfield 029,139
E02000306,Enfield 030,74
E02000307,Enfield 031,251
E02000308,Enfield 032,137
E02000309,Enfield 033,103
E02000311,Enfield 035,189
E02000312,Enfield 036,135
E02000313,Greenwich 001,63
E02000314,Greenwich 002,137
E02000315,Greenwich 003,91
E02000317,Greenwich 005,40
E02000318,Greenwich 006,87
E02000319,Greenwich 007,85
E02000320,Greenwich 008,117
E02000321,Greenwich 009,44
E02000323,Greenwich 011,110
E02000324,Greenwich 012,95
E02000326,Greenwich 014,101
E02000327,Greenwich 015,47
E02000328,Greenwich 016,67
E02000329,Greenwich 017,125
E02000331,Greenwich 019,118
E02000332,Greenwich 020,146
E02000333,Greenwich 021,82
E02000334,Greenwich 022,126
E02000335,Greenwich 023,156
E02000337,Greenwich 025,145
E02000339,Greenwich 027,152
E02000340,Greenwich 028,179
E02000341,Greenwich 029,115
E02000342,Greenwich 030,104
E02000343,Greenwich 031,182
E02000344,Greenwich 032,211
E02000345,Hackney 001,27
E02000346,Hackney 002,25
E02000347,Hackney 003,20
E02000348,Hackney 004,13
E02000350,Hackney 006,59
E02000351,Hackney 007,22
E02000352,Hackney 008,27
E02000353,Hackney 009,28
E02000354,Hackney 010,37
E02000355,Hackney 011,41
E02000356,Hackney 012,23
E02000357,Hackney 013,25
E02000358,Hackney 014,45
E02000359,Hackney 015,20
E02000360,Hackney 016,24
E02000361,Hackney 017,8
E02000362,Hackney 018,20
E02000363,Hackney 019,18
E02000364,Hackney 020,32
E02000366,Hackney 022,33
E02000367,Hackney 023,29
E02000368,Hackney 024,37
E02000369,Hackney 025,27
E02000370,Hackney 026,18
E02000372,Hammersmith and Fulham 001,35
E02000373,Hammersmith and Fulham 002,17
E02000374,Hammersmith and Fulham 003,39
E02000375,Hammersmith and Fulham 004,20
E02000376,Hammersmith and Fulham 005,26
E02000377,Hammersmith and Fulham 006,33
E02000378,Hammersmith and Fulham 007,17
E02000379,Hammersmith and Fulham 008,44
E02000380,Hammersmith and Fulham 009,22
E02000381,Hammersmith and Fulham 010,44
E02000382,Hammersmith and Fulham 011,27
E02000383,Hammersmith and Fulham 012,27
E02000384,Hammersmith and Fulham 013,16
E02000385,Hammersmith and Fulham 014,14
E02000386,Hammersmith and Fulham 015,26
E02000387,Hammersmith and Fulham 016,26
E02000388,Hammersmith and Fulham 017,31
E02000389,Hammersmith and Fulham 018,59
E02000390,Hammersmith and Fulham 019,30
E02000391,Hammersmith and Fulham 020,60
E02000392,Hammersmith and Fulham 021,46
E02000393,Hammersmith and Fulham 022,46
E02000394,Hammersmith and Fulham 023,45
E02000395,Hammersmith and Fulham 024,72
E02000396,Hammersmith and Fulham 025,46
E02000397,Haringey 001,49
E02000398,Haringey 002,44
E02000400,Haringey 004,72
E02000401,Haringey 005,59
E02000402,Haringey 006,53
E02000403,Haringey 007,35
E02000404,Haringey 008,36
E02000405,Haringey 009,65
E02000406,Haringey 010,34
E02000407,Haringey 011,30
E02000408,Haringey 012,43
E02000409,Haringey 013,34
E02000410,Haringey 014,60
E02000411,Haringey 015,41
E02000412,Haringey 016,20
E02000413,Haringey 017,89
E02000414,Haringey 018,29
E02000415,Haringey 019,37
E02000416,Haringey 020,31
E02000417,Haringey 021,81
E02000418,Haringey 022,33
E02000419,Haringey 023,36
E02000420,Haringey 024,47
E02000421,Haringey 025,31
E02000422,Haringey 026,30
E02000423,Haringey 027,24
E02000424,Haringey 028,34
E02000425,Haringey 029,39
E02000426,Haringey 030,150
E02000427,Haringey 031,34
E02000428,Haringey 032,45
E02000429,Haringey 033,60
E02000430,Haringey 034,31
E02000431,Haringey 035,33
E02000432,Haringey 036,19
E02000433,Harrow 001,286
E02000434,Harrow 002,268
E02000435,Harrow 003,289
E02000436,Harrow 004,293
E02000437,Harrow 005,287
E02000438,Harrow 006,242
E02000439,Harrow 007,203
E02000440,Harrow 008,333
E02000441,Harrow 009,234
E02000442,Harrow 010,239
E02000443,Harrow 011,169
E02000444,Harrow 012,261
E02000445,Harrow 013,223
E02000447,Harrow 015,259
E02000448,Harrow 016,235
E02000449,Harrow 017,211
E02000451,Harrow 019,219
E02000452,Harrow 020,112
E02000453,Harrow 021,147
E02000454,Harrow 022,237
E02000455,Harrow 023,95
E02000456,Harrow 024,198
E02000457,Harrow 025,169
E02000459,Harrow 027,148
E02000460,Harrow 028,140
E02000461,Harrow 029,126
E02000462,Harrow 030,158
E02000463,Harrow 031,249
E02000464,Havering 001,267
E02000465,Havering 002,262
E02000466,Havering 003,384
E02000467,Havering 004,232
E02000468,Havering 005,353
E02000469,Havering 006,206
E02000470,Havering 007,299
E02000471,Havering 008,454
E02000472,Havering 009,375
E02000473,Havering 010,469
E02000474,Havering 011,244
E02000475,Havering 012,414
E02000476,Havering 013,159
E02000477,Havering 014,395
E02000478,Havering 015,510
E02000479,Havering 016,206
E02000480,Havering 017,312
E02000481,Havering 018,361
E02000482,Havering 019,310
E02000483,Havering 020,269
E02000484,Havering 021,381
E02000485,Havering 022,260
E02000486,Havering 023,235
E02000487,Havering 024,424
E02000488,Havering 025,316
E02000489,Havering 026,263
E02000490,Havering 027,296
E02000491,Havering 028,303
E02000492,Havering 029,369
E02000493,Havering 030,199
E02000494,Hillingdon 001,348
E02000495,Hillingdon 002,243
E02000496,Hillingdon 003,397
E02000497,Hillingdon 004,343
E02000498,Hillingdon 005,259
E02000499,Hillingdon 006,291
E02000500,Hillingdon 007,360
E02000501,Hillingdon 008,278
E02000502,Hillingdon 009,219
E02000503,Hillingdon 010,323
E02000504,Hillingdon 011,375
E02000506,Hillingdon 013,512
E02000507,Hillingdon 014,331
E02000508,Hillingdon 015,194
E02000509,Hillingdon 016,166
E02000510,Hillingdon 017,361
E02000511,Hillingdon 018,469
E02000512,Hillingdon 019,254
E02000513,Hillingdon 020,189
E02000514,Hillingdon 021,342
E02000515,Hillingdon 022,261
E02000516,Hillingdon 023,274
E02000517,Hillingdon 024,271
E02000518,Hillingdon 025,329
E02000519,Hillingdon 026,321
E02000520,Hillingdon 027,331
E02000521,Hillingdon 028,358
E02000522,Hillingdon 029,249
E02000523,Hillingdon 030,336
E02000524,Hillingdon 031,242
E02000525,Hillingdon 032,191
E02000526,Hounslow 001,76
E02000529,Hounslow 004,285
E02000530,Hounslow 005,177
E02000531,Hounslow 006,113
E02000532,Hounslow 007,128
E02000533,Hounslow 008,121
E02000534,Hounslow 009,211
E02000535,Hounslow 010,366
E02000536,Hounslow 011,333
E02000537,Hounslow 012,222
E02000538,Hounslow 013,267
E02000539,Hounslow 014,151
E02000540,Hounslow 015,144
E02000541,Hounslow 016,205
E02000542,Hounslow 017,178
E02000543,Hounslow 018,168
E02000544,Hounslow 019,268
E02000545,Hounslow 020,137
E02000546,Hounslow 021,256
E02000547,Hounslow 022,289
E02000548,Hounslow 023,250
E02000549,Hounslow 024,357
E02000550,Hounslow 025,228
E02000551,Hounslow 026,190
E02000552,Hounslow 027,261
E02000553,Hounslow 028,241
E02000554,Islington 001,22
E02000555,Islington 002,38
E02000556,Islington 003,54
E02000557,Islington 004,22
E02000558,Islington 005,23
E02000559,Islington 006,54
E02000560,Islington 007,18
E02000561,Islington 008,36
E02000562,Islington 009,36
E02000563,Islington 010,25
E02000564,Islington 011,18
E02000565,Islington 012,23
E02000566,Islington 013,29
E02000567,Islington 014,29
E02000568,Islington 015,26
E02000569,Islington 016,45
E02000570,Islington 017,28
E02000571,Islington 018,18
E02000572,Islington 019,15
E02000573,Islington 020,23
E02000574,Islington 021,19
E02000575,Islington 022,23
E02000576,Islington 023,9
E02000577,Kensington and Chelsea 001,25
E02000578,Kensington and Chelsea 002,33
E02000579,Kensington and Chelsea 003,78
E02000580,Kensington and Chelsea 004,17
E02000581,Kensington and Chelsea 005,28
E02000582,Kensington and Chelsea 006,50
E02000583,Kensington and Chelsea 007,91
E02000584,Kensington and Chelsea 008,76
E02000585,Kensington and Chelsea 009,90
E02000586,Kensington and Chelsea 010,58
E02000587,Kensington and Chelsea 011,75
E02000588,Kensington and Chelsea 012,61
E02000589,Kensington and Chelsea 013,31
E02000590,Kensington and Chelsea 014,56
E02000591,Kensington and Chelsea 015,21
E02000592,Kensington and Chelsea 016,42
E02000593,Kensington and Chelsea 017,23
E02000594,Kensington and Chelsea 018,75
E02000595,Kensington and Chelsea 019,82
E02000596,Kensington and Chelsea 020,50
E02000597,Kensington and Chelsea 021,34
E02000598,Kingston upon Thames 001,169
E02000599,Kingston upon Thames 002,367
E02000600,Kingston upon Thames 003,100
E02000601,Kingston upon Thames 004,87
E02000602,Kingston upon Thames 005,77
E02000603,Kingston upon Thames 006,165
E02000604,Kingston upon Thames 007,118
E02000605,Kingston upon Thames 008,191
E02000606,Kingston upon Thames 009,104
E02000607,Kingston upon Thames 010,146
E02000608,Kingston upon Thames 011,53
E02000609,Kingston upon Thames 012,282
E02000610,Kingston upon Thames 013,108
E02000611,Kingston upon Thames 014,305
E02000612,Kingston upon Thames 015,310
E02000613,Kingston upon Thames 016,165
E02000614,Kingston upon Thames 017,277
E02000615,Kingston upon Thames 018,311
E02000616,Kingston upon Thames 019,244
E02000617,Kingston upon Thames 020,353
E02000619,Lambeth 002,32
E02000620,Lambeth 003,33
E02000621,Lambeth 004,39
E02000622,Lambeth 005,28
E02000623,Lambeth 006,22
E02000624,Lambeth 007,23
E02000625,Lambeth 008,21
E02000626,Lambeth 009,33
E02000627,Lambeth 010,32
E02000628,Lambeth 011,33
E02000629,Lambeth 012,40
E02000630,Lambeth 013,52
E02000631,Lambeth 014,56
E02000632,Lambeth 015,33
E02000633,Lambeth 016,39
E02000634,Lambeth 017,27
E02000635,Lambeth 018,32
E02000636,Lambeth 019,68
E02000637,Lambeth 020,37
E02000638,Lambeth 021,36
E02000639,Lambeth 022,43
E02000640,Lambeth 023,62
E02000641,Lambeth 024,41
E02000642,Lambeth 025,53
E02000643,Lambeth 026,55
E02000644,Lambeth 027,85
E02000645,Lambeth 028,89
E02000646,Lambeth 029,120
E02000647,Lambeth 030,101
E02000648,Lambeth 031,54
E02000649,Lambeth 032,70
E02000650,Lambeth 033,49
E02000651,Lambeth 034,103
E02000652,Lambeth 035,109
E02000653,Lewisham 001,56
E02000654,Lewisham 002,41
E02000655,Lewisham 003,57
E02000657,Lewisham 005,44
E02000658,Lewisham 006,54
E02000659,Lewisham 007,77
E02000660,Lewisham 008,51
E02000661,Lewisham 009,48
E02000662,Lewisham 010,44
E02000663,Lewisham 011,46
E02000665,Lewisham 013,48
E02000666,Lewisham 014,71
E02000667,Lewisham 015,62
E02000668,Lewisham 016,63
E02000669,Lewisham 017,44
E02000670,Lewisham 018,39
E02000671,Lewisham 019,68
E02000672,Lewisham 020,82
E02000673,Lewisham 021,83
E02000674,Lewisham 022,125
E02000675,Lewisham 023,151
E02000676,Lewisham 024,67
E02000677,Lewisham 025,153
E02000678,Lewisham 026,123
E02000679,Lewisham 027,91
E02000680,Lewisham 028,52
E02000681,Lewisham 029,130
E02000682,Lewisham 030,146
E02000683,Lewisham 031,83
E02000685,Lewisham 033,75
E02000686,Lewisham 034,63
E02000687,Lewisham 035,66
E02000689,Merton 001,99
E02000690,Merton 002,248
E02000691,Merton 003,68
E02000692,Merton 004,104
E02000693,Merton 005,38
E02000694,Merton 006,46
E02000695,Merton 007,123
E02000696,Merton 008,101
E02000697,Merton 009,55
E02000698,Merton 010,178
E02000699,Merton 011,77
E02000700,Merton 012,86
E02000701,Merton 013,129
E02000702,Merton 014,127
E02000703,Merton 015,132
E02000704,Merton 016,91
E02000705,Merton 017,190
E02000706,Merton 018,104
E02000707,Merton 019,186
E02000708,Merton 020,146
E02000709,Merton 021,211
E02000710,Merton 022,169
E02000711,Merton 023,133
E02000712,Merton 024,191
E02000713,Merton 025,270
E02000714,Newham 001,56
E02000715,Newham 002,38
E02000716,Newham 003,66
E02000717,Newham 004,58
E02000718,Newham 005,50
E02000719,Newham 006,43
E02000720,Newham 007,83
E02000721,Newham 008,86
E02000722,Newham 009,34
E02000723,Newham 010,83
E02000724,Newham 011,110
E02000725,Newham 012,29
E02000727,Newham 014,69
E02000728,Newham 015,62
E02000729,Newham 016,102
E02000730,Newham 017,149
E02000731,Newham 018,66
E02000732,Newham 019,42
E02000733,Newham 020,50
E02000734,Newham 021,53
E02000735,Newham 022,46
E02000736,Newham 023,60
E02000737,Newham 024,65
E02000738,Newham 025,66
E02000739,Newham 026,45
E02000740,Newham 027,31
E02000741,Newham 028,67
E02000742,Newham 029,66
E02000743,Newham 030,38
E02000744,Newham 031,37
E02000745,Newham 032,71
E02000746,Newham 033,71
E02000747,Newham 034,45
E02000748,Newham 035,36
E02000749,Newham 036,53
E02000751,Redbridge 001,399
E02000752,Redbridge 002,170
E02000753,Redbridge 003,162
E02000754,Redbridge 004,147
E02000755,Redbridge 005,159
E02000756,Redbridge 006,371
E02000757,Redbridge 007,228
E02000758,Redbridge 008,248
E02000759,Redbridge 009,253
E02000760,Redbridge 010,174
E02000762,Redbridge 012,226
E02000763,Redbridge 013,189
E02000764,Redbridge 014,246
E02000765,Redbridge 015,127
E02000767,Redbridge 017,155
E02000768,Redbridge 018,117
E02000770,Redbridge 020,193
E02000772,Redbridge 022,173
E02000773,Redbridge 023,201
E02000774,Redbridge 024,130
E02000776,Redbridge 026,143
E02000777,Redbridge 027,110
E02000779,Redbridge 029,137
E02000781,Redbridge 031,474
E02000782,Redbridge 032,91
E02000783,Redbridge 033,80
E02000784,Richmond upon Thames 001,186
E02000785,Richmond upon Thames 002,148
E02000786,Richmond upon Thames 003,116
E02000787,Richmond upon Thames 004,134
E02000788,Richmond upon Thames 005,118
E02000789,Richmond upon Thames 006,97
E02000790,Richmond upon Thames 007,102
E02000791,Richmond upon Thames 008,96
E02000792,Richmond upon Thames 009,93
E02000793,Richmond upon Thames 010,214
E02000794,Richmond upon Thames 011,131
E02000795,Richmond upon Thames 012,200
E02000796,Richmond upon Thames 013,373
E02000797,Richmond upon Thames 014,66
E02000798,Richmond upon Thames 015,230
E02000799,Richmond upon Thames 016,142
E02000800,Richmond upon Thames 017,86
E02000801,Richmond upon Thames 018,111
E02000802,Richmond upon Thames 019,156
E02000803,Richmond upon Thames 020,269
E02000804,Richmond upon Thames 021,107
E02000805,Richmond upon Thames 022,201
E02000806,Richmond upon Thames 023,284
E02000807,Southwark 001,48
E02000808,Southwark 002,26
E02000810,Southwark 004,34
E02000812,Southwark 006,31
E02000813,Southwark 007,27
E02000814,Southwark 008,52
E02000815,Southwark 009,12
E02000816,Southwark 010,42
E02000817,Southwark 011,27
E02000818,Southwark 012,26
E02000819,Southwark 013,25
E02000820,Southwark 014,17
E02000821,Southwark 015,26
E02000822,Southwark 016,15
E02000823,Southwark 017,27
E02000824,Southwark 018,36
E02000825,Southwark 019,57
E02000826,Southwark 020,25
E02000827,Southwark 021,24
E02000828,Southwark 022,38
E02000829,Southwark 023,35
E02000830,Southwark 024,36
E02000831,Southwark 025,38
E02000832,Southwark 026,54
E02000833,Southwark 027,30
E02000834,Southwark 028,51
E02000835,Southwark 029,61
E02000836,Southwark 030,57
E02000837,Southwark 031,113
E02000838,Southwark 032,70
E02000839,Southwark 033,146
E02000840,Sutton 001,155
E02000841,Sutton 002,189
E02000842,Sutton 003,351
E02000843,Sutton 004,179
E02000844,Sutton 005,266
E02000845,Sutton 006,242
E02000846,Sutton 007,240
E02000847,Sutton 008,357
E02000848,Sutton 009,334
E02000849,Sutton 010,210
E02000850,Sutton 011,378
E02000851,Sutton 012,124
E02000852,Sutton 013,198
E02000853,Sutton 014,170
E02000854,Sutton 015,213
E02000855,Sutton 016,328
E02000856,Sutton 017,280
E02000857,Sutton 018,101
E02000858,Sutton 019,190
E02000859,Sutton 020,291
E02000860,Sutton 021,96
E02000861,Sutton 022,385
E02000863,Sutton 024,385
E02000864,Tower Hamlets 001,40
E02000865,Tower Hamlets 002,33
E02000866,Tower Hamlets 003,48
E02000867,Tower Hamlets 004,34
E02000868,Tower Hamlets 005,14
E02000869,Tower Hamlets 006,18
E02000870,Tower Hamlets 007,14
E02000871,Tower Hamlets 008,18
E02000872,Tower Hamlets 009,18
E02000873,Tower Hamlets 010,20
E02000874,Tower Hamlets 011,19
E02000875,Tower Hamlets 012,33
E02000876,Tower Hamlets 013,19
E02000877,Tower Hamlets 014,48
E02000878,Tower Hamlets 015,23
E02000879,Tower Hamlets 016,24
E02000880,Tower Hamlets 017,22
E02000881,Tower Hamlets 018,28
E02000882,Tower Hamlets 019,38
E02000883,Tower Hamlets 020,21
E02000884,Tower Hamlets 021,25
E02000885,Tower Hamlets 022,20
E02000886,Tower Hamlets 023,25
E02000887,Tower Hamlets 024,32
E02000888,Tower Hamlets 025,25
E02000889,Tower Hamlets 026,24
E02000890,Tower Hamlets 027,44
E02000893,Tower Hamlets 030,26
E02000894,Tower Hamlets 031,58
E02000895,Waltham Forest 001,290
E02000896,Waltham Forest 002,297
E02000897,Waltham Forest 003,216
E02000898,Waltham Forest 004,240
E02000899,Waltham Forest 005,267
E02000900,Waltham Forest 006,209
E02000901,Waltham Forest 007,225
E02000902,Waltham Forest 008,158
E02000903,Waltham Forest 009,102
E02000904,Waltham Forest 010,115
E02000905,Waltham Forest 011,104
E02000906,Waltham Forest 012,52
E02000907,Waltham Forest 013,63
E02000908,Waltham Forest 014,43
E02000909,Waltham Forest 015,80
E02000910,Waltham Forest 016,55
E02000911,Waltham Forest 017,49
E02000912,Waltham Forest 018,92
E02000913,Waltham Forest 019,139
E02000914,Waltham Forest 020,97
E02000915,Waltham Forest 021,79
E02000916,Waltham Forest 022,97
E02000917,Waltham Forest 023,53
E02000918,Waltham Forest 024,55
E02000919,Waltham Forest 025,50
E02000920,Waltham Forest 026,62
E02000921,Waltham Forest 027,75
E02000922,Waltham Forest 028,66
E02000923,Wandsworth 001,70
E02000925,Wandsworth 003,44
E02000926,Wandsworth 004,42
E02000927,Wandsworth 005,28
E02000928,Wandsworth 006,61
E02000929,Wandsworth 007,17
E02000930,Wandsworth 008,52
E02000931,Wandsworth 009,40
E02000932,Wandsworth 010,104
E02000933,Wandsworth 011,158
E02000934,Wandsworth 012,48
E02000935,Wandsworth 013,60
E02000936,Wandsworth 014,63
E02000937,Wandsworth 015,103
E02000938,Wandsworth 016,74
E02000939,Wandsworth 017,104
E02000940,Wandsworth 018,26
E02000941,Wandsworth 019,90
E02000942,Wandsworth 020,99
E02000943,Wandsworth 021,55
E02000944,Wandsworth 022,46
E02000945,Wandsworth 023,61
E02000946,Wandsworth 024,52
E02000947,Wandsworth 025,46
E02000948,Wandsworth 026,46
E02000949,Wandsworth 027,113
E02000950,Wandsworth 028,67
E02000951,Wandsworth 029,36
E02000952,Wandsworth 030,40
E02000953,Wandsworth 031,34
E02000954,Wandsworth 032,44
E02000955,Wandsworth 033,38
E02000956,Wandsworth 034,21
E02000957,Wandsworth 035,36
E02000958,Wandsworth 036,90
E02000959,Wandsworth 037,46
E02000960,Westminster 001,50
E02000961,Westminster 002,75
E02000962,Westminster 003,32
E02000963,Westminster 004,27
E02000964,Westminster 005,29
E02000965,Westminster 006,28
E02000966,Westminster 007,87
E02000967,Westminster 008,40
E02000968,Westminster 009,37
E02000969,Westminster 010,15
E02000970,Westminster 011,61
E02000971,Westminster 012,38
E02000972,Westminster 013,26
E02000973,Westminster 014,51
E02000974,Westminster 015,80
E02000975,Westminster 016,21
E02000976,Westminster 017,33
E02000977,Westminster 018,47
E02000978,Westminster 019,121
E02000979,Westminster 020,34
E02000980,Westminster 021,18
E02000981,Westminster 022,34
E02000982,Westminster 023,36
E02000983,Westminster 024,24
E02003237,Peterborough 001,407
E02003238,Peterborough 002,228
E02003239,Peterborough 003,477
E02003240,Peterborough 004,385
E02003241,Peterborough 005,404
E02003242,Peterborough 006,311
E02003243,Peterborough 007,254
E02003244,Peterborough 008,244
E02003245,Peterborough 009,125
E02003246,Peterborough 010,147
E02003247,Peterborough 011,192
E02003248,Peterborough 012,311
E02003249,Peterborough 013,278
E02003250,Peterborough 014,148
E02003251,Peterborough 015,355
E02003252,Peterborough 016,247
E02003253,Peterborough 017,207
E02003254,Peterborough 018,449
E02003255,Peterborough 019,454
E02003257,Peterborough 021,193
E02003258,Luton 001,435
E02003259,Luton 002,289
E02003260,Luton 003,204
E02003261,Luton 004,293
E02003262,Luton 005,342
E02003263,Luton 006,408
E02003264,Luton 007,518
E02003265,Luton 008,355
E02003266,Luton 009,273
E02003267,Luton 010,446
E02003268,Luton 011,385
E02003269,Luton 012,417
E02003270,Luton 013,292
E02003271,Luton 014,442
E02003272,Luton 015,281
E02003273,Luton 016,367
E02003274,Luton 017,180
E02003276,Luton 019,151
E02003277,Luton 020,304
E02003278,Luton 021,205
E02003279,Southend-on-Sea 001,531
E02003280,Southend-on-Sea 002,447
E02003281,Southend-on-Sea 003,433
E02003282,Southend-on-Sea 004,396
E02003283,Southend-on-Sea 005,395
E02003284,Southend-on-Sea 006,336
E02003285,Southend-on-Sea 007,210
E02003286,Southend-on-Sea 008,437
E02003287,Southend-on-Sea 009,380
E02003288,Southend-on-Sea 010,178
E02003289,Southend-on-Sea 011,224
E02003290,Southend-on-Sea 012,281
E02003291,Southend-on-Sea 013,447
E02003292,Southend-on-Sea 014,167
E02003293,Southend-on-Sea 015,176
E02003294,Southend-on-Sea 016,436
E02003295,Southend-on-Sea 017,474
E02003296,Thurrock 001,514
E02003297,Thurrock 002,387
E02003298,Thurrock 003,407
E02003299,Thurrock 004,555
E02003300,Thurrock 005,404
E02003301,Thurrock 006,414
E02003302,Thurrock 007,366
E02003303,Thurrock 008,400
E02003304,Thurrock 009,506
E02003305,Thurrock 010,387
E02003307,Thurrock 012,437
E02003308,Thurrock 013,385
E02003309,Thurrock 014,387
E02003311,Thurrock 016,244
E02003312,Thurrock 017,133
E02003313,Thurrock 018,380
E02003314,Medway 001,457
E02003315,Medway 002,483
E02003316,Medway 003,765
E02003317,Medway 004,357
E02003318,Medway 005,420
E02003319,Medway 006,262
E02003320,Medway 007,270
E02003321,Medway 008,244
E02003322,Medway 009,133
E02003323,Medway 010,245
E02003324,Medway 011,414
E02003325,Medway 012,98
E02003326,Medway 013,230
E02003327,Medway 014,195
E02003328,Medway 015,142
E02003329,Medway 016,152
E02003330,Medway 017,195
E02003331,Medway 018,369
E02003332,Medway 019,302
E02003333,Medway 020,140
E02003334,Medway 021,182
E02003335,Medway 022,146
E02003336,Medway 023,349
E02003337,Medway 024,315
E02003338,Medway 025,263
E02003339,Medway 026,320
E02003340,Medway 027,333
E02003341,Medway 028,413
E02003342,Medway 029,352
E02003343,Medway 030,445
E02003344,Medway 031,357
E02003345,Medway 032,336
E02003346,Medway 033,377
E02003347,Medway 034,349
E02003348,Medway 035,631
E02003349,Medway 036,394
E02003350,Medway 037,367
E02003351,Medway 038,440
E02003352,Bracknell Forest 001,451
E02003353,Bracknell Forest 002,658
E02003354,Bracknell Forest 003,614
E02003355,Bracknell Forest 004,249
E02003356,Bracknell Forest 005,428
E02003357,Bracknell Forest 006,349
E02003358,Bracknell Forest 007,414
E02003359,Bracknell Forest 008,272
E02003360,Bracknell Forest 009,560
E02003361,Bracknell Forest 010,346
E02003362,Bracknell Forest 011,314
E02003363,Bracknell Forest 012,405
E02003364,Bracknell Forest 013,441
E02003365,Bracknell Forest 014,478
E02003366,Bracknell Forest 015,375
E02003367,West Berkshire 001,560
E02003368,West Berkshire 002,409
E02003369,West Berkshire 003,510
E02003370,West Berkshire 004,425
E02003371,West Berkshire 005,364
E02003372,West Berkshire 006,407
E02003373,West Berkshire 007,740
E02003374,West Berkshire 008,294
E02003375,West Berkshire 009,386
E02003376,West Berkshire 010,295
E02003377,West Berkshire 011,792
E02003378,West Berkshire 012,346
E02003379,West Berkshire 013,309
E02003380,West Berkshire 014,531
E02003381,West Berkshire 015,421
E02003382,West Berkshire 016,325
E02003383,West Berkshire 017,432
E02003384,West Berkshire 018,606
E02003385,West Berkshire 019,317
E02003386,West Berkshire 020,279
E02003387,West Berkshire 021,499
E02003388,West Berkshire 022,421
E02003389,Reading 001,402
E02003390,Reading 002,412
E02003391,Reading 003,251
E02003392,Reading 004,154
E02003393,Reading 005,403
E02003394,Reading 006,227
E02003395,Reading 007,79
E02003396,Reading 008,224
E02003397,Reading 009,285
E02003398,Reading 010,131
E02003400,Reading 012,205
E02003401,Reading 013,157
E02003402,Reading 014,119
E02003403,Reading 015,321
E02003404,Reading 016,175
E02003405,Reading 017,287
E02003406,Reading 018,271
E02003407,Slough 001,373
E02003408,Slough 002,411
E02003409,Slough 003,373
E02003410,Slough 004,436
E02003411,Slough 005,437
E02003412,Slough 006,454
E02003414,Slough 008,418
E02003415,Slough 009,245
E02003416,Slough 010,411
E02003417,Slough 011,370
E02003418,Slough 012,403
E02003419,Slough 013,308
E02003420,Slough 014,269
E02003421,Windsor and Maidenhead 001,352
E02003422,Windsor and Maidenhead 002,968
E02003423,Windsor and Maidenhead 003,299
E02003424,Windsor and Maidenhead 004,476
E02003425,Windsor and Maidenhead 005,319
E02003426,Windsor and Maidenhead 006,538
E02003427,Windsor and Maidenhead 007,299
E02003428,Windsor and Maidenhead 008,528
E02003429,Windsor and Maidenhead 009,588
E02003430,Windsor and Maidenhead 010,224
E02003431,Windsor and Maidenhead 011,399
E02003432,Windsor and Maidenhead 012,189
E02003433,Windsor and Maidenhead 013,299
E02003434,Windsor and Maidenhead 014,380
E02003435,Windsor and Maidenhead 015,347
E02003436,Windsor and Maidenhead 016,761
E02003437,Windsor and Maidenhead 017,472
E02003438,Windsor and Maidenhead 018,757
E02003439,Wokingham 001,404
E02003440,Wokingham 002,487
E02003441,Wokingham 003,491
E02003442,Wokingham 004,487
E02003443,Wokingham 005,275
E02003444,Wokingham 006,484
E02003445,Wokingham 007,441
E02003446,Wokingham 008,425
E02003447,Wokingham 009,552
E02003448,Wokingham 010,488
E02003449,Wokingham 011,346
E02003450,Wokingham 012,584
E02003451,Wokingham 013,311
E02003452,Wokingham 014,449
E02003453,Wokingham 015,478
E02003454,Wokingham 016,455
E02003455,Wokingham 017,593
E02003456,Wokingham 018,478
E02003457,Wokingham 019,821
E02003458,Wokingham 020,626
E02003459,Milton Keynes 001,548
E02003460,Milton Keynes 002,738
E02003461,Milton Keynes 003,357
E02003462,Milton Keynes 004,394
E02003463,Milton Keynes 005,314
E02003464,Milton Keynes 006,210
E02003465,Milton Keynes 007,323
E02003466,Milton Keynes 008,197
E02003467,Milton Keynes 009,182
E02003468,Milton Keynes 010,336
E02003469,Milton Keynes 011,257
E02003470,Milton Keynes 012,130
E02003471,Milton Keynes 013,189
E02003472,Milton Keynes 014,178
E02003473,Milton Keynes 015,235
E02003474,Milton Keynes 016,354
E02003476,Milton Keynes 018,168
E02003478,Milton Keynes 020,285
E02003479,Milton Keynes 021,179
E02003480,Milton Keynes 022,356
E02003481,Milton Keynes 023,202
E02003482,Milton Keynes 024,455
E02003483,Milton Keynes 025,489
E02003484,Milton Keynes 026,285
E02003485,Milton Keynes 027,316
E02003486,Milton Keynes 028,423
E02003487,Milton Keynes 029,329
E02003488,Milton Keynes 030,290
E02003489,Milton Keynes 031,326
E02003490,Milton Keynes 032,272
E02003491,Brighton and Hove 001,304
E02003492,Brighton and Hove 002,175
E02003493,Brighton and Hove 003,314
E02003494,Brighton and Hove 004,206
E02003495,Brighton and Hove 005,263
E02003496,Brighton and Hove 006,234
E02003497,Brighton and Hove 007,374
E02003498,Brighton and Hove 008,124
E02003499,Brighton and Hove 009,217
E02003500,Brighton and Hove 010,110
E02003501,Brighton and Hove 011,177
E02003502,Brighton and Hove 012,174
E02003503,Brighton and Hove 013,278
E02003504,Brighton and Hove 014,75
E02003505,Brighton and Hove 015,58
E02003506,Brighton and Hove 016,71
E02003507,Brighton and Hove 017,411
E02003508,Brighton and Hove 018,93
E02003509,Brighton and Hove 019,62
E02003510,Brighton and Hove 020,96
E02003511,Brighton and Hove 021,140
E02003512,Brighton and Hove 022,72
E02003513,Brighton and Hove 023,101
E02003514,Brighton and Hove 024,35
E02003515,Brighton and Hove 025,104
E02003516,Brighton and Hove 026,50
E02003517,Brighton and Hove 027,30
E02003518,Brighton and Hove 028,73
E02003519,Brighton and Hove 029,33
E02003520,Brighton and Hove 030,51
E02003521,Brighton and Hove 031,43
E02003522,Brighton and Hove 032,67
E02003523,Brighton and Hove 033,391
E02003524,Portsmouth 001,207
E02003525,Portsmouth 002,149
E02003526,Portsmouth 003,415
E02003527,Portsmouth 004,233
E02003529,Portsmouth 006,328
E02003530,Portsmouth 007,221
E02003531,Portsmouth 008,284
E02003532,Portsmouth 009,192
E02003533,Portsmouth 010,73
E02003534,Portsmouth 011,214
E02003535,Portsmouth 012,160
E02003536,Portsmouth 013,83
E02003537,Portsmouth 014,304
E02003538,Portsmouth 015,106
E02003540,Portsmouth 017,216
E02003541,Portsmouth 018,111
E02003542,Portsmouth 019,134
E02003543,Portsmouth 020,135
E02003544,Portsmouth 021,103
E02003545,Portsmouth 022,112
E02003546,Portsmouth 023,203
E02003547,Portsmouth 024,139
E02003548,Portsmouth 025,132
E02003549,Southampton 001,302
E02003550,Southampton 002,277
E02003551,Southampton 003,157
E02003552,Southampton 004,191
E02003553,Southampton 005,216
E02003554,Southampton 006,186
E02003555,Southampton 007,282
E02003556,Southampton 008,217
E02003557,Southampton 009,216
E02003558,Southampton 010,126
E02003559,Southampton 011,310
E02003560,Southampton 012,195
E02003561,Southampton 013,182
E02003562,Southampton 014,258
E02003563,Southampton 015,171
E02003564,Southampton 016,297
E02003565,Southampton 017,128
E02003566,Southampton 018,252
E02003567,Southampton 019,266
E02003568,Southampton 020,180
E02003569,Southampton 021,108
E02003570,Southampton 022,126
E02003571,Southampton 023,99
E02003572,Southampton 024,226
E02003573,Southampton 025,257
E02003574,Southampton 026,291
E02003575,Southampton 027,167
E02003576,Southampton 028,264
E02003578,Southampton 030,258
E02003579,Southampton 031,258
E02003580,Southampton 032,126
E02003581,Isle of Wight 001,235
E02003582,Isle of Wight 002,454
E02003583,Isle of Wight 003,300
E02003584,Isle of Wight 004,149
E02003585,Isle of Wight 005,397
E02003586,Isle of Wight 006,354
E02003587,Isle of Wight 007,267
E02003588,Isle of Wight 008,350
E02003589,Isle of Wight 009,222
E02003590,Isle of Wight 010,404
E02003591,Isle of Wight 011,386
E02003592,Isle of Wight 012,440
E02003593,Isle of Wight 013,420
E02003594,Isle of Wight 014,373
E02003595,Isle of Wight 015,491
E02003596,Isle of Wight 016,305
E02003597,Isle of Wight 017,471
E02003598,Isle of Wight 018,285
E02003599,Central Bedfordshire 001,306
E02003600,Central Bedfordshire 002,358
E02003601,Central Bedfordshire 003,578
E02003602,Central Bedfordshire 004,612
E02003603,Central Bedfordshire 005,448
E02003604,Central Bedfordshire 006,507
E02003605,Central Bedfordshire 007,628
E02003606,Central Bedfordshire 008,729
E02003607,Central Bedfordshire 009,738
E02003608,Central Bedfordshire 010,748
E02003609,Central Bedfordshire 011,744
E02003610,Central Bedfordshire 012,511
E02003611,Central Bedfordshire 013,647
E02003612,Central Bedfordshire 014,699
E02003613,Central Bedfordshire 015,335
E02003614,Central Bedfordshire 016,444
E02003615,Central Bedfordshire 017,798
E02003616,Bedford 001,493
E02003617,Bedford 002,755
E02003618,Bedford 003,574
E02003619,Bedford 004,930
E02003620,Bedford 005,352
E02003621,Bedford 006,399
E02003622,Bedford 007,319
E02003623,Bedford 008,705
E02003624,Bedford 009,168
E02003625,Bedford 010,157
E02003626,Bedford 011,234
E02003627,Bedford 012,191
E02003628,Bedford 013,238
E02003629,Bedford 014,291
E02003630,Bedford 015,263
E02003631,Bedford 016,236
E02003632,Bedford 017,200
E02003633,Bedford 018,432
E02003635,Bedford 020,546
E02003636,Central Bedfordshire 018,540
E02003637,Central Bedfordshire 019,808
E02003638,Central Bedfordshire 020,462
E02003639,Central Bedfordshire 021,329
E02003640,Central Bedfordshire 022,232
E02003641,Central Bedfordshire 023,252
E02003642,Central Bedfordshire 025,297
E02003643,Central Bedfordshire 024,548
E02003644,Central Bedfordshire 026,440
E02003645,Central Bedfordshire 027,414
E02003646,Central Bedfordshire 028,479
E02003647,Central Bedfordshire 029,359
E02003648,Central Bedfordshire 030,224
E02003649,Central Bedfordshire 031,364
E02003650,Central Bedfordshire 032,596
E02003651,Central Bedfordshire 033,426
E02003652,Buckinghamshire 001,581
E02003653,Buckinghamshire 002,284
E02003654,Buckinghamshire 003,536
E02003655,Buckinghamshire 004,919
E02003656,Buckinghamshire 005,404
E02003657,Buckinghamshire 006,615
E02003658,Buckinghamshire 007,632
E02003659,Buckinghamshire 009,718
E02003660,Buckinghamshire 008,837
E02003661,Buckinghamshire 010,503
E02003662,Buckinghamshire 012,278
E02003663,Buckinghamshire 011,492
E02003664,Buckinghamshire 013,266
E02003665,Buckinghamshire 014,243
E02003666,Buckinghamshire 015,161
E02003667,Buckinghamshire 016,343
E02003668,Buckinghamshire 018,550
E02003669,Buckinghamshire 017,266
E02003670,Buckinghamshire 019,413
E02003671,Buckinghamshire 020,223
E02003672,Buckinghamshire 021,919
E02003673,Buckinghamshire 022,592
E02003674,Buckinghamshire 023,437
E02003675,Buckinghamshire 024,468
E02003676,Buckinghamshire 029,808
E02003677,Buckinghamshire 027,477
E02003678,Buckinghamshire 028,298
E02003679,Buckinghamshire 030,252
E02003680,Buckinghamshire 031,715
E02003681,Buckinghamshire 032,481
E02003682,Buckinghamshire 034,375
E02003683,Buckinghamshire 035,411
E02003685,Buckinghamshire 047,635
E02003686,Buckinghamshire 050,553
E02003687,Buckinghamshire 054,412
E02003688,Buckinghamshire 053,751
E02003689,Buckinghamshire 058,806
E02003690,Buckinghamshire 059,430
E02003691,Buckinghamshire 063,598
E02003692,Buckinghamshire 064,717
E02003693,Buckinghamshire 065,555
E02003694,Buckinghamshire 066,428
E02003695,Buckinghamshire 067,826
E02003696,Buckinghamshire 026,471
E02003697,Buckinghamshire 025,605
E02003698,Buckinghamshire 033,767
E02003699,Buckinghamshire 037,459
E02003701,Buckinghamshire 038,544
E02003702,Buckinghamshire 040,821
E02003703,Buckinghamshire 041,356
E02003704,Buckinghamshire 045,396
E02003705,Buckinghamshire 042,251
E02003706,Buckinghamshire 043,281
E02003707,Buckinghamshire 044,301
E02003708,Buckinghamshire 046,291
E02003709,Buckinghamshire 048,225
E02003710,Buckinghamshire 049,506
E02003711,Buckinghamshire 051,331
E02003712,Buckinghamshire 052,432
E02003713,Buckinghamshire 055,443
E02003714,Buckinghamshire 056,395
E02003715,Buckinghamshire 057,557
E02003716,Buckinghamshire 060,359
E02003717,Buckinghamshire 062,498
E02003718,Buckinghamshire 061,209
E02003719,Cambridge 001,245
E02003720,Cambridge 002,171
E02003721,Cambridge 003,135
E02003722,Cambridge 004,144
E02003723,Cambridge 005,75
E02003724,Cambridge 006,162
E02003725,Cambridge 007,102
E02003726,Cambridge 008,57
E02003727,Cambridge 009,143
E02003728,Cambridge 010,202
E02003729,Cambridge 011,193
E02003731,Cambridge 013,268
E02003732,East Cambridgeshire 001,546
E02003733,East Cambridgeshire 002,638
E02003734,East Cambridgeshire 003,421
E02003735,East Cambridgeshire 004,316
E02003736,East Cambridgeshire 005,780
E02003737,East Cambridgeshire 006,708
E02003738,East Cambridgeshire 007,485
E02003739,East Cambridgeshire 008,431
E02003740,East Cambridgeshire 009,426
E02003742,Fenland 001,496
E02003743,Fenland 002,349
E02003744,Fenland 003,516
E02003745,Fenland 004,823
E02003746,Fenland 005,381
E02003747,Fenland 006,594
E02003748,Fenland 007,296
E02003749,Fenland 008,466
E02003750,Fenland 009,418
E02003751,Fenland 010,570
E02003752,Fenland 011,645
E02003753,Huntingdonshire 001,562
E02003754,Huntingdonshire 002,441
E02003755,Huntingdonshire 003,588
E02003756,Huntingdonshire 004,485
E02003757,Huntingdonshire 005,488
E02003758,Huntingdonshire 006,635
E02003759,Huntingdonshire 007,467
E02003760,Huntingdonshire 008,223
E02003761,Huntingdonshire 009,285
E02003762,Huntingdonshire 010,605
E02003763,Huntingdonshire 011,418
E02003764,Huntingdonshire 012,289
E02003765,Huntingdonshire 013,257
E02003766,Huntingdonshire 014,311
E02003767,Huntingdonshire 015,608
E02003768,Huntingdonshire 016,633
E02003769,Huntingdonshire 017,436
E02003770,Huntingdonshire 018,591
E02003771,Huntingdonshire 019,228
E02003772,Huntingdonshire 020,375
E02003773,Huntingdonshire 021,442
E02003774,Huntingdonshire 022,245
E02003775,South Cambridgeshire 001,470
E02003776,South Cambridgeshire 002,367
E02003777,South Cambridgeshire 003,423
E02003778,South Cambridgeshire 004,282
E02003780,South Cambridgeshire 006,381
E02003781,South Cambridgeshire 007,283
E02003784,South Cambridgeshire 010,548
E02003785,South Cambridgeshire 011,350
E02003786,South Cambridgeshire 012,274
E02003787,South Cambridgeshire 013,584
E02003788,South Cambridgeshire 014,418
E02003789,South Cambridgeshire 015,269
E02003790,South Cambridgeshire 016,690
E02003791,South Cambridgeshire 017,535
E02003792,South Cambridgeshire 018,627
E02003793,South Cambridgeshire 019,562
E02004356,Eastbourne 001,315
E02004357,Eastbourne 002,237
E02004358,Eastbourne 003,244
E02004359,Eastbourne 004,262
E02004361,Eastbourne 006,354
E02004362,Eastbourne 007,286
E02004363,Eastbourne 008,183
E02004364,Eastbourne 009,225
E02004365,Eastbourne 010,142
E02004366,Eastbourne 011,88
E02004367,Eastbourne 012,216
E02004368,Hastings 001,458
E02004369,Hastings 002,509
E02004370,Hastings 003,211
E02004371,Hastings 004,221
E02004372,Hastings 005,123
E02004373,Hastings 006,316
E02004374,Hastings 007,186
E02004375,Hastings 008,179
E02004376,Hastings 009,71
E02004377,Hastings 010,440
E02004378,Hastings 011,77
E02004379,Lewes 001,628
E02004380,Lewes 002,661
E02004381,Lewes 003,188
E02004382,Lewes 004,331
E02004383,Lewes 005,174
E02004384,Lewes 006,348
E02004385,Lewes 007,336
E02004386,Lewes 008,225
E02004387,Lewes 009,196
E02004388,Lewes 010,287
E02004389,Lewes 011,485
E02004390,Lewes 012,383
E02004391,Lewes 013,144
E02004392,Rother 001,694
E02004393,Rother 002,469
E02004394,Rother 003,729
E02004395,Rother 004,344
E02004396,Rother 005,706
E02004397,Rother 006,548
E02004398,Rother 007,334
E02004399,Rother 008,361
E02004400,Rother 009,633
E02004401,Rother 010,354
E02004402,Rother 011,175
E02004403,Wealden 001,510
E02004404,Wealden 002,598
E02004405,Wealden 003,371
E02004406,Wealden 004,570
E02004407,Wealden 005,640
E02004408,Wealden 006,473
E02004409,Wealden 007,603
E02004410,Wealden 008,838
E02004411,Wealden 009,495
E02004412,Wealden 010,556
E02004413,Wealden 011,711
E02004414,Wealden 012,361
E02004415,Wealden 013,612
E02004416,Wealden 014,646
E02004417,Wealden 015,387
E02004418,Wealden 016,333
E02004419,Wealden 017,254
E02004420,Wealden 018,930
E02004421,Wealden 019,418
E02004422,Wealden 020,721
E02004423,Wealden 021,443
E02004424,Basildon 001,435
E02004425,Basildon 002,300
E02004426,Basildon 003,352
E02004427,Basildon 004,379
E02004428,Basildon 005,341
E02004429,Basildon 006,568
E02004430,Basildon 007,533
E02004431,Basildon 008,483
E02004432,Basildon 009,495
E02004433,Basildon 010,424
E02004434,Basildon 011,431
E02004435,Basildon 012,319
E02004436,Basildon 013,151
E02004437,Basildon 014,365
E02004438,Basildon 015,247
E02004439,Basildon 016,218
E02004440,Basildon 017,232
E02004441,Basildon 018,253
E02004442,Basildon 019,242
E02004443,Basildon 020,348
E02004444,Basildon 021,483
E02004445,Basildon 022,305
E02004446,Braintree 001,692
E02004447,Braintree 002,676
E02004448,Braintree 003,600
E02004449,Braintree 004,414
E02004450,Braintree 005,646
E02004451,Braintree 006,668
E02004452,Braintree 007,613
E02004453,Braintree 008,306
E02004454,Braintree 009,333
E02004455,Braintree 010,586
E02004456,Braintree 011,425
E02004457,Braintree 012,672
E02004458,Braintree 013,643
E02004459,Braintree 014,622
E02004460,Braintree 015,447
E02004461,Braintree 016,200
E02004462,Braintree 017,403
E02004463,Braintree 018,511
E02004464,Brentwood 001,886
E02004465,Brentwood 002,376
E02004466,Brentwood 003,372
E02004467,Brentwood 004,334
E02004468,Brentwood 005,580
E02004469,Brentwood 006,437
E02004470,Brentwood 007,269
E02004471,Brentwood 008,323
E02004472,Brentwood 009,426
E02004473,Castle Point 001,486
E02004474,Castle Point 002,548
E02004475,Castle Point 003,477
E02004476,Castle Point 004,613
E02004477,Castle Point 005,393
E02004478,Castle Point 006,334
E02004479,Castle Point 007,496
E02004480,Castle Point 008,415
E02004481,Castle Point 009,335
E02004482,Castle Point 010,400
E02004483,Castle Point 011,481
E02004484,Castle Point 012,450
E02004485,Chelmsford 001,607
E02004486,Chelmsford 002,350
E02004487,Chelmsford 003,415
E02004488,Chelmsford 004,400
E02004489,Chelmsford 005,596
E02004490,Chelmsford 006,253
E02004491,Chelmsford 007,376
E02004492,Chelmsford 008,371
E02004493,Chelmsford 009,379
E02004495,Chelmsford 011,498
E02004496,Chelmsford 012,295
E02004497,Chelmsford 013,476
E02004498,Chelmsford 014,418
E02004499,Chelmsford 015,319
E02004500,Chelmsford 016,793
E02004501,Chelmsford 017,436
E02004502,Chelmsford 018,658
E02004503,Chelmsford 019,493
E02004504,Chelmsford 020,520
E02004505,Chelmsford 021,457
E02004506,Colchester 001,601
E02004507,Colchester 002,329
E02004508,Colchester 003,486
E02004512,Colchester 007,172
E02004513,Colchester 008,206
E02004514,Colchester 009,297
E02004515,Colchester 010,688
E02004516,Colchester 011,209
E02004517,Colchester 012,478
E02004518,Colchester 013,253
E02004519,Colchester 014,376
E02004520,Colchester 015,300
E02004521,Colchester 016,372
E02004522,Colchester 017,297
E02004523,Colchester 018,382
E02004524,Colchester 019,730
E02004525,Colchester 020,527
E02004526,Colchester 021,520
E02004527,Epping Forest 001,627
E02004528,Epping Forest 002,808
E02004529,Epping Forest 003,844
E02004530,Epping Forest 004,432
E02004531,Epping Forest 005,307
E02004532,Epping Forest 006,272
E02004533,Epping Forest 007,367
E02004534,Epping Forest 008,392
E02004535,Epping Forest 009,348
E02004536,Epping Forest 010,383
E02004537,Epping Forest 011,269
E02004538,Epping Forest 012,477
E02004539,Epping Forest 013,236
E02004540,Epping Forest 014,263
E02004541,Epping Forest 015,421
E02004542,Epping Forest 016,448
E02004543,Epping Forest 017,367
E02004544,Harlow 001,477
E02004545,Harlow 002,259
E02004546,Harlow 003,233
E02004547,Harlow 004,279
E02004548,Harlow 005,495
E02004549,Harlow 006,299
E02004550,Harlow 007,227
E02004551,Harlow 008,273
E02004552,Harlow 009,297
E02004553,Harlow 010,279
E02004554,Harlow 011,299
E02004555,Maldon 001,585
E02004556,Maldon 002,757
E02004557,Maldon 003,547
E02004558,Maldon 004,292
E02004559,Maldon 005,522
E02004560,Maldon 006,800
E02004561,Maldon 007,1115
E02004562,Maldon 008,536
E02004563,Rochford 001,475
E02004564,Rochford 002,622
E02004566,Rochford 004,351
E02004567,Rochford 005,499
E02004568,Rochford 006,477
E02004569,Rochford 007,453
E02004570,Rochford 008,453
E02004571,Rochford 009,500
E02004572,Rochford 010,540
E02004573,Tendring 001,191
E02004574,Tendring 002,259
E02004575,Tendring 003,782
E02004576,Tendring 004,584
E02004577,Tendring 005,555
E02004578,Tendring 006,260
E02004579,Tendring 007,583
E02004580,Tendring 008,625
E02004581,Tendring 009,608
E02004582,Tendring 010,287
E02004583,Tendring 011,501
E02004584,Tendring 012,286
E02004585,Tendring 013,428
E02004586,Tendring 014,287
E02004587,Tendring 015,258
E02004588,Tendring 016,150
E02004589,Tendring 017,271
E02004590,Tendring 018,363
E02004591,Uttlesford 001,505
E02004592,Uttlesford 002,558
E02004593,Uttlesford 003,733
E02004594,Uttlesford 004,728
E02004595,Uttlesford 005,1001
E02004596,Uttlesford 006,848
E02004597,Uttlesford 007,574
E02004598,Uttlesford 008,920
E02004599,Uttlesford 009,799
E02004675,Basingstoke and Deane 001,464
E02004676,Basingstoke and Deane 002,666
E02004677,Basingstoke and Deane 003,678
E02004678,Basingstoke and Deane 004,614
E02004679,Basingstoke and Deane 005,662
E02004680,Basingstoke and Deane 006,400
E02004681,Basingstoke and Deane 007,388
E02004682,Basingstoke and Deane 008,377
E02004683,Basingstoke and Deane 009,212
E02004684,Basingstoke and Deane 010,442
E02004685,Basingstoke and Deane 011,189
E02004686,Basingstoke and Deane 012,219
E02004687,Basingstoke and Deane 013,277
E02004688,Basingstoke and Deane 014,289
E02004689,Basingstoke and Deane 015,428
E02004690,Basingstoke and Deane 016,418
E02004691,Basingstoke and Deane 017,685
E02004692,Basingstoke and Deane 018,532
E02004693,Basingstoke and Deane 019,283
E02004694,Basingstoke and Deane 020,487
E02004695,Basingstoke and Deane 021,544
E02004696,Basingstoke and Deane 022,474
E02004697,East Hampshire 001,574
E02004698,East Hampshire 002,231
E02004699,East Hampshire 003,615
E02004700,East Hampshire 004,398
E02004702,East Hampshire 006,575
E02004703,East Hampshire 007,1297
E02004704,East Hampshire 008,541
E02004705,East Hampshire 009,689
E02004706,East Hampshire 010,556
E02004707,East Hampshire 011,815
E02004708,East Hampshire 012,365
E02004709,East Hampshire 013,639
E02004710,East Hampshire 014,527
E02004712,Eastleigh 001,584
E02004713,Eastleigh 002,447
E02004714,Eastleigh 003,403
E02004715,Eastleigh 004,346
E02004716,Eastleigh 005,487
E02004717,Eastleigh 006,447
E02004718,Eastleigh 007,242
E02004719,Eastleigh 008,761
E02004720,Eastleigh 009,650
E02004721,Eastleigh 010,603
E02004722,Eastleigh 011,338
E02004723,Eastleigh 012,600
E02004724,Eastleigh 013,543
E02004725,Eastleigh 014,243
E02004726,Eastleigh 015,344
E02004727,Fareham 001,693
E02004728,Fareham 002,551
E02004729,Fareham 003,335
E02004730,Fareham 004,573
E02004731,Fareham 005,501
E02004732,Fareham 006,615
E02004733,Fareham 007,521
E02004734,Fareham 008,526
E02004735,Fareham 009,426
E02004736,Fareham 010,492
E02004737,Fareham 011,276
E02004738,Fareham 012,396
E02004739,Fareham 013,419
E02004740,Fareham 014,452
E02004741,Gosport 001,360
E02004742,Gosport 002,284
E02004743,Gosport 003,341
E02004744,Gosport 004,254
E02004745,Gosport 005,286
E02004746,Gosport 006,536
E02004747,Gosport 007,168
E02004748,Gosport 008,184
E02004749,Gosport 009,345
E02004750,Gosport 010,272
E02004751,Hart 001,642
E02004752,Hart 002,658
E02004753,Hart 003,761
E02004754,Hart 004,521
E02004755,Hart 005,625
E02004756,Hart 006,609
E02004757,Hart 007,603
E02004758,Hart 008,673
E02004759,Hart 009,558
E02004760,Hart 010,710
E02004761,Hart 011,393
E02004764,Havant 003,520
E02004765,Havant 004,384
E02004766,Havant 005,321
E02004767,Havant 006,198
E02004768,Havant 007,228
E02004769,Havant 008,176
E02004770,Havant 009,218
E02004771,Havant 010,322
E02004772,Havant 011,587
E02004774,Havant 013,527
E02004775,Havant 014,495
E02004776,Havant 015,440
E02004777,Havant 016,282
E02004778,Havant 017,375
E02004779,New Forest 001,928
E02004780,New Forest 002,298
E02004781,New Forest 003,496
E02004782,New Forest 004,398
E02004783,New Forest 005,421
E02004784,New Forest 006,549
E02004785,New Forest 007,545
E02004786,New Forest 008,523
E02004787,New Forest 009,439
E02004788,New Forest 010,639
E02004789,New Forest 011,623
E02004790,New Forest 012,455
E02004791,New Forest 013,316
E02004792,New Forest 014,624
E02004793,New Forest 015,642
E02004794,New Forest 016,638
E02004795,New Forest 017,605
E02004796,New Forest 018,776
E02004797,New Forest 019,412
E02004798,New Forest 020,341
E02004799,New Forest 021,358
E02004800,New Forest 022,422
E02004801,New Forest 023,509
E02004802,Rushmoor 001,365
E02004803,Rushmoor 002,286
E02004804,Rushmoor 003,467
E02004805,Rushmoor 004,476
E02004806,Rushmoor 005,495
E02004807,Rushmoor 006,466
E02004808,Rushmoor 007,452
E02004809,Rushmoor 008,179
E02004810,Rushmoor 009,335
E02004811,Rushmoor 010,335
E02004812,Rushmoor 011,349
E02004813,Rushmoor 012,286
E02004814,Test Valley 001,515
E02004815,Test Valley 002,195
E02004817,Test Valley 004,328
E02004818,Test Valley 005,649
E02004819,Test Valley 006,402
E02004820,Test Valley 007,605
E02004821,Test Valley 008,421
E02004822,Test Valley 009,788
E02004823,Test Valley 010,425
E02004824,Test Valley 011,198
E02004825,Test Valley 012,742
E02004826,Test Valley 013,800
E02004827,Test Valley 014,463
E02004828,Test Valley 015,530
E02004829,Winchester 001,391
E02004830,Winchester 002,445
E02004831,Winchester 003,471
E02004832,Winchester 004,624
E02004833,Winchester 005,314
E02004834,Winchester 006,172
E02004835,Winchester 007,221
E02004836,Winchester 008,234
E02004837,Winchester 009,492
E02004838,Winchester 010,731
E02004839,Winchester 011,844
E02004840,Winchester 012,672
E02004841,Winchester 013,823
E02004842,Winchester 014,731
E02004843,Broxbourne 001,454
E02004844,Broxbourne 002,403
E02004845,Broxbourne 003,327
E02004846,Broxbourne 004,442
E02004847,Broxbourne 005,407
E02004848,Broxbourne 006,504
E02004849,Broxbourne 007,606
E02004850,Broxbourne 008,395
E02004851,Broxbourne 009,291
E02004852,Broxbourne 010,302
E02004853,Broxbourne 011,337
E02004854,Broxbourne 012,286
E02004855,Broxbourne 013,217
E02004856,Dacorum 001,428
E02004857,Dacorum 002,340
E02004858,Dacorum 003,243
E02004859,Dacorum 004,386
E02004860,Dacorum 005,251
E02004861,Dacorum 006,416
E02004862,Dacorum 007,308
E02004863,Dacorum 008,265
E02004864,Dacorum 009,290
E02004865,Dacorum 010,240
E02004866,Dacorum 011,320
E02004867,Dacorum 012,334
E02004868,Dacorum 013,320
E02004869,Dacorum 014,238
E02004870,Dacorum 015,406
E02004871,Dacorum 016,238
E02004872,Dacorum 017,432
E02004873,Dacorum 018,517
E02004874,Dacorum 019,308
E02004875,Dacorum 020,487
E02004876,Dacorum 021,754
E02004877,Dacorum 022,353
E02004878,East Hertfordshire 001,639
E02004880,East Hertfordshire 003,726
E02004881,East Hertfordshire 004,233
E02004882,East Hertfordshire 005,363
E02004883,East Hertfordshire 006,476
E02004884,East Hertfordshire 007,393
E02004885,East Hertfordshire 008,497
E02004886,East Hertfordshire 009,538
E02004887,East Hertfordshire 010,643
E02004888,East Hertfordshire 011,480
E02004889,East Hertfordshire 012,445
E02004890,East Hertfordshire 013,358
E02004891,East Hertfordshire 014,307
E02004892,East Hertfordshire 015,233
E02004893,East Hertfordshire 016,286
E02004894,East Hertfordshire 017,320
E02004895,East Hertfordshire 018,573
E02004896,Hertsmere 001,391
E02004897,Hertsmere 002,345
E02004898,Hertsmere 003,355
E02004899,Hertsmere 004,313
E02004900,Hertsmere 005,566
E02004901,Hertsmere 006,278
E02004902,Hertsmere 007,277
E02004903,Hertsmere 008,301
E02004904,Hertsmere 009,212
E02004905,Hertsmere 010,381
E02004906,Hertsmere 011,341
E02004907,Hertsmere 012,437
E02004908,Hertsmere 013,574
E02004909,North Hertfordshire 001,240
E02004910,North Hertfordshire 002,528
E02004911,North Hertfordshire 003,247
E02004912,North Hertfordshire 004,473
E02004914,North Hertfordshire 006,248
E02004915,North Hertfordshire 007,173
E02004916,North Hertfordshire 008,364
E02004917,North Hertfordshire 009,292
E02004918,North Hertfordshire 010,232
E02004919,North Hertfordshire 011,254
E02004920,North Hertfordshire 012,397
E02004921,North Hertfordshire 013,279
E02004922,North Hertfordshire 014,769
E02004923,North Hertfordshire 015,697
E02004924,St Albans 001,349
E02004925,St Albans 002,278
E02004926,St Albans 003,306
E02004927,St Albans 004,413
E02004928,St Albans 005,401
E02004929,St Albans 006,435
E02004930,St Albans 007,327
E02004931,St Albans 008,332
E02004932,St Albans 009,234
E02004933,St Albans 010,301
E02004934,St Albans 011,163
E02004935,St Albans 012,115
E02004936,St Albans 013,199
E02004937,St Albans 014,261
E02004939,St Albans 016,236
E02004940,St Albans 017,204
E02004941,St Albans 018,443
E02004942,St Albans 019,399
E02004943,St Albans 020,572
E02004944,Stevenage 001,278
E02004945,Stevenage 002,473
E02004946,Stevenage 003,235
E02004948,Stevenage 005,228
E02004949,Stevenage 006,248
E02004950,Stevenage 007,254
E02004951,Stevenage 008,202
E02004952,Stevenage 009,316
E02004953,Stevenage 010,235
E02004954,Stevenage 011,267
E02004955,Stevenage 012,306
E02004956,Three Rivers 001,578
E02004957,Three Rivers 002,543
E02004958,Three Rivers 003,615
E02004959,Three Rivers 004,471
E02004960,Three Rivers 005,337
E02004961,Three Rivers 006,430
E02004962,Three Rivers 007,433
E02004963,Three Rivers 008,358
E02004964,Three Rivers 009,287
E02004965,Three Rivers 010,333
E02004966,Three Rivers 011,503
E02004967,Three Rivers 012,269
E02004968,Watford 001,317
E02004969,Watford 002,373
E02004970,Watford 003,328
E02004971,Watford 004,318
E02004972,Watford 005,248
E02004973,Watford 006,181
E02004974,Watford 007,329
E02004975,Watford 008,324
E02004976,Watford 009,84
E02004977,Watford 010,124
E02004978,Watford 011,206
E02004979,Watford 012,267
E02004980,Welwyn Hatfield 001,514
E02004981,Welwyn Hatfield 002,462
E02004982,Welwyn Hatfield 003,231
E02004983,Welwyn Hatfield 004,204
E02004984,Welwyn Hatfield 005,252
E02004985,Welwyn Hatfield 006,254
E02004986,Welwyn Hatfield 007,230
E02004987,Welwyn Hatfield 008,304
E02004988,Welwyn Hatfield 009,247
E02004989,Welwyn Hatfield 010,459
E02004990,Welwyn Hatfield 011,315
E02004991,Welwyn Hatfield 012,238
E02004992,Welwyn Hatfield 013,258
E02004994,Welwyn Hatfield 015,519
E02004995,Welwyn Hatfield 016,471
E02004996,Ashford 001,487
E02004997,Ashford 002,756
E02004998,Ashford 003,373
E02005000,Ashford 005,326
E02005001,Ashford 006,452
E02005002,Ashford 007,335
E02005003,Ashford 008,338
E02005004,Ashford 009,631
E02005005,Ashford 010,753
E02005006,Ashford 011,593
E02005007,Ashford 012,693
E02005008,Ashford 013,593
E02005009,Ashford 014,460
E02005010,Canterbury 001,221
E02005011,Canterbury 002,437
E02005012,Canterbury 003,448
E02005013,Canterbury 004,420
E02005014,Canterbury 005,477
E02005015,Canterbury 006,543
E02005016,Canterbury 007,305
E02005017,Canterbury 008,216
E02005018,Canterbury 009,502
E02005019,Canterbury 010,401
E02005020,Canterbury 011,316
E02005021,Canterbury 012,342
E02005022,Canterbury 013,224
E02005023,Canterbury 014,138
E02005025,Canterbury 016,209
E02005026,Canterbury 017,512
E02005027,Canterbury 018,386
E02005028,Dartford 001,229
E02005029,Dartford 002,361
E02005030,Dartford 003,311
E02005031,Dartford 004,246
E02005032,Dartford 005,267
E02005033,Dartford 006,246
E02005034,Dartford 007,419
E02005035,Dartford 008,330
E02005036,Dartford 009,209
E02005037,Dartford 010,443
E02005038,Dartford 011,409
E02005039,Dartford 012,392
E02005040,Dartford 013,522
E02005041,Dover 001,539
E02005042,Dover 002,539
E02005043,Dover 003,296
E02005044,Dover 004,161
E02005045,Dover 005,455
E02005046,Dover 006,423
E02005047,Dover 007,273
E02005048,Dover 008,514
E02005049,Dover 009,411
E02005050,Dover 010,547
E02005051,Dover 011,310
E02005052,Dover 012,170
E02005053,Dover 013,187
E02005054,Dover 014,382
E02005055,Gravesham 001,220
E02005056,Gravesham 002,164
E02005057,Gravesham 003,398
E02005058,Gravesham 004,226
E02005059,Gravesham 005,435
E02005060,Gravesham 006,331
E02005061,Gravesham 007,299
E02005062,Gravesham 008,386
E02005063,Gravesham 009,391
E02005064,Gravesham 010,530
E02005065,Gravesham 011,287
E02005066,Gravesham 012,582
E02005067,Gravesham 013,561
E02005068,Maidstone 001,636
E02005069,Maidstone 002,446
E02005070,Maidstone 003,523
E02005071,Maidstone 004,251
E02005072,Maidstone 005,456
E02005073,Maidstone 006,369
E02005074,Maidstone 007,492
E02005075,Maidstone 008,417
E02005076,Maidstone 009,314
E02005077,Maidstone 010,416
E02005078,Maidstone 011,761
E02005079,Maidstone 012,577
E02005080,Maidstone 013,413
E02005081,Maidstone 014,519
E02005082,Maidstone 015,813
E02005083,Maidstone 016,517
E02005084,Maidstone 017,552
E02005085,Maidstone 018,639
E02005086,Maidstone 019,443
E02005087,Sevenoaks 001,464
E02005088,Sevenoaks 002,364
E02005089,Sevenoaks 003,365
E02005090,Sevenoaks 004,488
E02005091,Sevenoaks 005,448
E02005093,Sevenoaks 007,588
E02005094,Sevenoaks 008,581
E02005095,Sevenoaks 009,539
E02005096,Sevenoaks 010,354
E02005097,Sevenoaks 011,547
E02005098,Sevenoaks 012,553
E02005099,Sevenoaks 013,593
E02005100,Sevenoaks 014,497
E02005101,Sevenoaks 015,633
E02005102,Folkestone and Hythe 001,521
E02005103,Folkestone and Hythe 002,547
E02005104,Folkestone and Hythe 003,311
E02005105,Folkestone and Hythe 004,144
E02005106,Folkestone and Hythe 005,306
E02005107,Folkestone and Hythe 006,476
E02005109,Folkestone and Hythe 008,392
E02005110,Folkestone and Hythe 009,540
E02005111,Folkestone and Hythe 010,233
E02005112,Folkestone and Hythe 011,513
E02005113,Folkestone and Hythe 012,431
E02005114,Folkestone and Hythe 013,365
E02005115,Swale 001,146
E02005116,Swale 002,189
E02005117,Swale 003,463
E02005118,Swale 004,591
E02005119,Swale 005,330
E02005120,Swale 006,521
E02005121,Swale 007,754
E02005122,Swale 008,609
E02005123,Swale 009,677
E02005124,Swale 010,217
E02005125,Swale 011,341
E02005126,Swale 012,394
E02005127,Swale 013,618
E02005128,Swale 014,343
E02005129,Swale 015,347
E02005130,Swale 016,695
E02005131,Swale 017,454
E02005132,Thanet 001,146
E02005133,Thanet 002,459
E02005134,Thanet 003,153
E02005135,Thanet 004,217
E02005136,Thanet 005,403
E02005137,Thanet 006,241
E02005138,Thanet 007,318
E02005139,Thanet 008,386
E02005140,Thanet 009,320
E02005141,Thanet 010,251
E02005142,Thanet 011,297
E02005143,Thanet 012,271
E02005144,Thanet 013,236
E02005145,Thanet 014,510
E02005146,Thanet 015,222
E02005147,Thanet 016,133
E02005148,Thanet 017,396
E02005149,Tonbridge and Malling 001,810
E02005150,Tonbridge and Malling 002,475
E02005151,Tonbridge and Malling 003,769
E02005153,Tonbridge and Malling 005,496
E02005154,Tonbridge and Malling 006,863
E02005155,Tonbridge and Malling 007,783
E02005156,Tonbridge and Malling 008,509
E02005157,Tonbridge and Malling 009,308
E02005158,Tonbridge and Malling 010,411
E02005159,Tonbridge and Malling 011,443
E02005160,Tonbridge and Malling 012,346
E02005161,Tonbridge and Malling 013,262
E02005162,Tunbridge Wells 001,619
E02005163,Tunbridge Wells 002,364
E02005164,Tunbridge Wells 003,310
E02005165,Tunbridge Wells 004,525
E02005166,Tunbridge Wells 005,220
E02005167,Tunbridge Wells 006,498
E02005168,Tunbridge Wells 007,241
E02005169,Tunbridge Wells 008,130
E02005170,Tunbridge Wells 009,271
E02005171,Tunbridge Wells 010,202
E02005172,Tunbridge Wells 011,739
E02005173,Tunbridge Wells 012,351
E02005174,Tunbridge Wells 013,541
E02005175,Tunbridge Wells 014,638
E02005503,Breckland 001,550
E02005504,Breckland 002,758
E02005505,Breckland 003,414
E02005506,Breckland 004,474
E02005507,Breckland 005,492
E02005508,Breckland 006,635
E02005509,Breckland 007,348
E02005510,Breckland 008,561
E02005511,Breckland 009,432
E02005512,Breckland 010,754
E02005513,Breckland 011,528
E02005514,Breckland 012,543
E02005515,Breckland 013,520
E02005516,Breckland 014,591
E02005517,Breckland 015,141
E02005518,Breckland 016,410
E02005519,Breckland 017,270
E02005520,Broadland 001,455
E02005521,Broadland 002,742
E02005522,Broadland 003,432
E02005523,Broadland 004,631
E02005524,Broadland 005,363
E02005525,Broadland 006,548
E02005526,Broadland 007,278
E02005527,Broadland 008,600
E02005528,Broadland 009,384
E02005529,Broadland 010,288
E02005530,Broadland 011,278
E02005531,Broadland 012,270
E02005532,Broadland 013,378
E02005533,Broadland 014,586
E02005534,Broadland 015,345
E02005535,Broadland 016,307
E02005536,Broadland 017,384
E02005537,Broadland 018,384
E02005538,Great Yarmouth 001,622
E02005539,Great Yarmouth 002,538
E02005540,Great Yarmouth 003,388
E02005541,Great Yarmouth 004,181
E02005542,Great Yarmouth 005,90
E02005543,Great Yarmouth 006,99
E02005544,Great Yarmouth 007,144
E02005545,Great Yarmouth 008,331
E02005546,Great Yarmouth 009,217
E02005547,Great Yarmouth 010,280
E02005548,Great Yarmouth 011,195
E02005549,Great Yarmouth 012,362
E02005550,Great Yarmouth 013,362
E02005551,King's Lynn and West Norfolk 001,216
E02005552,King's Lynn and West Norfolk 002,477
E02005553,King's Lynn and West Norfolk 003,502
E02005554,King's Lynn and West Norfolk 004,483
E02005555,King's Lynn and West Norfolk 005,445
E02005556,King's Lynn and West Norfolk 006,354
E02005557,King's Lynn and West Norfolk 007,123
E02005558,King's Lynn and West Norfolk 008,581
E02005559,King's Lynn and West Norfolk 009,242
E02005560,King's Lynn and West Norfolk 010,228
E02005561,King's Lynn and West Norfolk 011,234
E02005562,King's Lynn and West Norfolk 012,583
E02005563,King's Lynn and West Norfolk 013,766
E02005564,King's Lynn and West Norfolk 014,629
E02005565,King's Lynn and West Norfolk 015,561
E02005566,King's Lynn and West Norfolk 016,915
E02005567,King's Lynn and West Norfolk 017,440
E02005568,King's Lynn and West Norfolk 018,620
E02005569,King's Lynn and West Norfolk 019,683
E02005570,North Norfolk 001,290
E02005571,North Norfolk 002,365
E02005572,North Norfolk 003,220
E02005573,North Norfolk 004,238
E02005574,North Norfolk 005,476
E02005575,North Norfolk 006,566
E02005576,North Norfolk 007,409
E02005577,North Norfolk 008,408
E02005578,North Norfolk 009,426
E02005580,North Norfolk 011,359
E02005581,North Norfolk 012,602
E02005582,North Norfolk 013,438
E02005583,North Norfolk 014,673
E02005584,Norwich 001,267
E02005585,Norwich 002,201
E02005586,Norwich 003,134
E02005587,Norwich 004,247
E02005588,Norwich 005,314
E02005589,Norwich 006,277
E02005592,Norwich 009,134
E02005593,Norwich 010,175
E02005594,Norwich 011,167
E02005595,Norwich 012,323
E02005596,Norwich 013,182
E02005598,South Norfolk 002,540
E02005599,South Norfolk 003,303
E02005600,South Norfolk 004,489
E02005601,South Norfolk 005,224
E02005602,South Norfolk 006,796
E02005603,South Norfolk 007,615
E02005604,South Norfolk 008,608
E02005605,South Norfolk 009,747
E02005606,South Norfolk 010,515
E02005607,South Norfolk 011,964
E02005608,South Norfolk 012,619
E02005609,South Norfolk 013,432
E02005610,South Norfolk 014,715
E02005611,South Norfolk 015,485
E02005921,Cherwell 001,537
E02005922,Cherwell 002,386
E02005923,Cherwell 003,158
E02005924,Cherwell 004,323
E02005925,Cherwell 005,278
E02005926,Cherwell 006,383
E02005927,Cherwell 007,251
E02005928,Cherwell 008,646
E02005929,Cherwell 009,555
E02005930,Cherwell 010,695
E02005931,Cherwell 011,748
E02005932,Cherwell 012,337
E02005933,Cherwell 013,332
E02005934,Cherwell 014,445
E02005935,Cherwell 015,310
E02005936,Cherwell 016,785
E02005937,Cherwell 017,290
E02005938,Cherwell 018,247
E02005939,Cherwell 019,360
E02005940,Oxford 001,149
E02005941,Oxford 002,96
E02005942,Oxford 003,100
E02005943,Oxford 004,159
E02005944,Oxford 005,139
E02005945,Oxford 006,209
E02005946,Oxford 007,200
E02005947,Oxford 008,44
E02005948,Oxford 009,58
E02005949,Oxford 010,161
E02005950,Oxford 011,173
E02005951,Oxford 012,61
E02005953,Oxford 014,124
E02005954,Oxford 015,232
E02005955,Oxford 016,257
E02005956,Oxford 017,142
E02005957,Oxford 018,161
E02005958,South Oxfordshire 001,279
E02005959,South Oxfordshire 002,428
E02005960,South Oxfordshire 003,360
E02005961,South Oxfordshire 004,472
E02005962,South Oxfordshire 005,781
E02005963,South Oxfordshire 006,509
E02005964,South Oxfordshire 007,586
E02005965,South Oxfordshire 008,507
E02005966,South Oxfordshire 009,392
E02005967,South Oxfordshire 010,375
E02005968,South Oxfordshire 011,474
E02005969,South Oxfordshire 012,457
E02005970,South Oxfordshire 013,204
E02005971,South Oxfordshire 014,332
E02005972,South Oxfordshire 015,630
E02005973,South Oxfordshire 016,248
E02005974,South Oxfordshire 017,261
E02005975,South Oxfordshire 018,648
E02005976,South Oxfordshire 019,628
E02005977,South Oxfordshire 020,416
E02005978,Vale of White Horse 001,433
E02005979,Vale of White Horse 002,422
E02005980,Vale of White Horse 003,683
E02005981,Vale of White Horse 004,452
E02005982,Vale of White Horse 005,237
E02005983,Vale of White Horse 006,335
E02005984,Vale of White Horse 007,722
E02005985,Vale of White Horse 008,277
E02005986,Vale of White Horse 009,502
E02005987,Vale of White Horse 010,597
E02005988,Vale of White Horse 011,464
E02005991,Vale of White Horse 014,497
E02005992,Vale of White Horse 015,764
E02005993,West Oxfordshire 001,304
E02005994,West Oxfordshire 002,491
E02005995,West Oxfordshire 003,500
E02005996,West Oxfordshire 004,501
E02005997,West Oxfordshire 005,411
E02005998,West Oxfordshire 006,447
E02005999,West Oxfordshire 007,558
E02006000,West Oxfordshire 008,543
E02006001,West Oxfordshire 009,316
E02006002,West Oxfordshire 010,445
E02006003,West Oxfordshire 011,345
E02006004,West Oxfordshire 012,495
E02006005,West Oxfordshire 013,473
E02006006,West Oxfordshire 014,289
E02006007,West Oxfordshire 015,591
E02006227,Babergh 001,489
E02006228,Babergh 002,542
E02006229,Babergh 003,361
E02006230,Babergh 004,708
E02006231,Babergh 005,580
E02006232,Babergh 006,525
E02006233,Babergh 007,440
E02006234,Babergh 008,521
E02006235,Babergh 009,745
E02006236,Babergh 010,799
E02006237,Babergh 011,561
E02006238,West Suffolk 002,448
E02006239,West Suffolk 001,425
E02006240,West Suffolk 003,661
E02006241,West Suffolk 004,373
E02006242,West Suffolk 007,590
E02006243,West Suffolk 008,346
E02006245,Ipswich 001,322
E02006246,Ipswich 002,367
E02006247,Ipswich 003,268
E02006248,Ipswich 004,332
E02006249,Ipswich 005,289
E02006250,Ipswich 006,188
E02006251,Ipswich 007,166
E02006252,Ipswich 008,275
E02006253,Ipswich 009,396
E02006254,Ipswich 010,217
E02006255,Ipswich 011,222
E02006256,Ipswich 012,205
E02006257,Ipswich 013,251
E02006258,Ipswich 014,336
E02006259,Ipswich 015,218
E02006260,Ipswich 016,292
E02006261,Mid Suffolk 001,669
E02006262,Mid Suffolk 002,831
E02006263,Mid Suffolk 003,709
E02006264,Mid Suffolk 004,697
E02006265,Mid Suffolk 005,590
E02006266,Mid Suffolk 006,775
E02006267,Mid Suffolk 007,869
E02006268,Mid Suffolk 008,258
E02006269,Mid Suffolk 009,555
E02006270,Mid Suffolk 010,668
E02006271,Mid Suffolk 011,606
E02006272,Mid Suffolk 012,568
E02006273,West Suffolk 005,527
E02006274,West Suffolk 006,442
E02006275,West Suffolk 009,227
E02006276,West Suffolk 016,549
E02006277,West Suffolk 012,377
E02006278,West Suffolk 011,205
E02006279,West Suffolk 014,317
E02006280,West Suffolk 010,828
E02006281,West Suffolk 013,300
E02006282,West Suffolk 017,505
E02006283,West Suffolk 018,614
E02006284,West Suffolk 019,328
E02006285,West Suffolk 021,392
E02006286,West Suffolk 020,453
E02006287,East Suffolk 016,525
E02006288,East Suffolk 017,778
E02006289,East Suffolk 018,562
E02006290,East Suffolk 019,368
E02006291,East Suffolk 020,430
E02006292,East Suffolk 021,636
E02006293,East Suffolk 023,712
E02006294,East Suffolk 022,334
E02006295,East Suffolk 024,539
E02006296,East Suffolk 025,799
E02006297,East Suffolk 026,595
E02006298,East Suffolk 027,568
E02006299,East Suffolk 028,455
E02006300,East Suffolk 029,246
E02006301,East Suffolk 030,219
E02006302,East Suffolk 001,450
E02006303,East Suffolk 002,253
E02006304,East Suffolk 003,370
E02006305,East Suffolk 004,160
E02006306,East Suffolk 005,275
E02006307,East Suffolk 007,483
E02006308,East Suffolk 006,142
E02006309,East Suffolk 009,243
E02006310,East Suffolk 008,371
E02006311,East Suffolk 010,286
E02006312,East Suffolk 011,585
E02006313,East Suffolk 012,511
E02006314,East Suffolk 013,457
E02006315,East Suffolk 014,354
E02006316,East Suffolk 015,376
E02006317,Elmbridge 001,273
E02006318,Elmbridge 002,273
E02006319,Elmbridge 003,286
E02006320,Elmbridge 004,264
E02006321,Elmbridge 005,226
E02006322,Elmbridge 006,266
E02006323,Elmbridge 007,269
E02006324,Elmbridge 008,343
E02006325,Elmbridge 009,466
E02006326,Elmbridge 010,298
E02006327,Elmbridge 011,305
E02006328,Elmbridge 012,345
E02006329,Elmbridge 013,502
E02006330,Elmbridge 014,501
E02006331,Elmbridge 015,385
E02006332,Elmbridge 016,448
E02006333,Elmbridge 017,601
E02006334,Elmbridge 018,683
E02006335,Epsom and Ewell 001,384
E02006336,Epsom and Ewell 002,301
E02006337,Epsom and Ewell 003,473
E02006338,Epsom and Ewell 004,288
E02006339,Epsom and Ewell 005,363
E02006341,Epsom and Ewell 007,296
E02006342,Epsom and Ewell 008,150
E02006343,Epsom and Ewell 009,462
E02006344,Guildford 001,711
E02006345,Guildford 002,450
E02006346,Guildford 003,872
E02006347,Guildford 004,433
E02006348,Guildford 005,541
E02006349,Guildford 006,291
E02006350,Guildford 007,280
E02006351,Guildford 008,358
E02006352,Guildford 009,320
E02006353,Guildford 010,354
E02006354,Guildford 011,501
E02006355,Guildford 012,244
E02006356,Guildford 013,205
E02006357,Guildford 014,475
E02006358,Guildford 015,183
E02006359,Guildford 016,286
E02006360,Guildford 017,601
E02006361,Guildford 018,547
E02006362,Mole Valley 001,421
E02006363,Mole Valley 002,353
E02006364,Mole Valley 003,273
E02006365,Mole Valley 004,389
E02006366,Mole Valley 005,674
E02006367,Mole Valley 006,407
E02006368,Mole Valley 007,434
E02006369,Mole Valley 008,542
E02006370,Mole Valley 009,284
E02006371,Mole Valley 010,343
E02006372,Mole Valley 011,369
E02006373,Mole Valley 012,715
E02006374,Mole Valley 013,730
E02006375,Reigate and Banstead 001,470
E02006376,Reigate and Banstead 002,421
E02006377,Reigate and Banstead 003,456
E02006378,Reigate and Banstead 004,652
E02006379,Reigate and Banstead 005,261
E02006380,Reigate and Banstead 006,547
E02006381,Reigate and Banstead 007,652
E02006382,Reigate and Banstead 008,246
E02006383,Reigate and Banstead 009,544
E02006384,Reigate and Banstead 010,312
E02006385,Reigate and Banstead 011,284
E02006386,Reigate and Banstead 012,317
E02006387,Reigate and Banstead 013,312
E02006388,Reigate and Banstead 014,405
E02006389,Reigate and Banstead 015,473
E02006390,Reigate and Banstead 016,492
E02006391,Reigate and Banstead 017,411
E02006392,Reigate and Banstead 018,353
E02006393,Runnymede 001,260
E02006394,Runnymede 002,398
E02006395,Runnymede 003,490
E02006396,Runnymede 004,419
E02006397,Runnymede 005,455
E02006398,Runnymede 006,331
E02006399,Runnymede 007,618
E02006400,Runnymede 008,399
E02006401,Runnymede 009,535
E02006402,Runnymede 010,682
E02006403,Spelthorne 001,262
E02006404,Spelthorne 002,299
E02006405,Spelthorne 003,538
E02006406,Spelthorne 004,303
E02006407,Spelthorne 005,535
E02006408,Spelthorne 006,472
E02006409,Spelthorne 007,340
E02006410,Spelthorne 008,350
E02006411,Spelthorne 009,389
E02006412,Spelthorne 010,406
E02006413,Spelthorne 011,326
E02006414,Spelthorne 012,386
E02006415,Spelthorne 013,403
E02006416,Surrey Heath 001,734
E02006417,Surrey Heath 002,353
E02006418,Surrey Heath 003,532
E02006419,Surrey Heath 004,434
E02006420,Surrey Heath 005,676
E02006421,Surrey Heath 006,745
E02006422,Surrey Heath 007,432
E02006423,Surrey Heath 008,593
E02006424,Surrey Heath 009,552
E02006425,Surrey Heath 010,355
E02006426,Surrey Heath 011,396
E02006427,Surrey Heath 012,513
E02006429,Tandridge 002,386
E02006430,Tandridge 003,501
E02006431,Tandridge 004,574
E02006432,Tandridge 005,392
E02006433,Tandridge 006,646
E02006434,Tandridge 007,373
E02006435,Tandridge 008,445
E02006436,Tandridge 009,482
E02006437,Tandridge 010,644
E02006438,Tandridge 011,811
E02006439,Waverley 001,401
E02006440,Waverley 002,439
E02006441,Waverley 003,298
E02006442,Waverley 004,488
E02006443,Waverley 005,283
E02006444,Waverley 006,410
E02006445,Waverley 007,273
E02006446,Waverley 008,561
E02006447,Waverley 009,402
E02006448,Waverley 010,362
E02006449,Waverley 011,477
E02006450,Waverley 012,612
E02006451,Waverley 013,693
E02006453,Waverley 015,717
E02006454,Waverley 016,412
E02006455,Waverley 017,285
E02006456,Woking 001,456
E02006457,Woking 002,572
E02006458,Woking 003,567
E02006459,Woking 004,394
E02006460,Woking 005,361
E02006461,Woking 006,353
E02006462,Woking 007,412
E02006463,Woking 008,207
E02006464,Woking 009,342
E02006465,Woking 010,342
E02006466,Woking 011,484
E02006467,Woking 012,493
E02006534,Adur 001,402
E02006535,Adur 002,289
E02006536,Adur 003,395
E02006537,Adur 004,310
E02006538,Adur 005,320
E02006539,Adur 006,338
E02006540,Adur 007,227
E02006541,Adur 008,292
E02006542,Arun 001,397
E02006543,Arun 002,406
E02006544,Arun 003,787
E02006545,Arun 004,464
E02006546,Arun 005,577
E02006547,Arun 006,357
E02006548,Arun 007,471
E02006549,Arun 008,343
E02006550,Arun 009,444
E02006551,Arun 010,389
E02006552,Arun 011,153
E02006553,Arun 012,453
E02006554,Arun 013,392
E02006555,Arun 014,281
E02006556,Arun 015,641
E02006557,Arun 016,316
E02006558,Arun 017,216
E02006559,Arun 018,472
E02006560,Arun 019,507
E02006561,Chichester 001,545
E02006562,Chichester 002,691
E02006563,Chichester 003,619
E02006564,Chichester 004,445
E02006565,Chichester 005,710
E02006566,Chichester 006,516
E02006567,Chichester 007,584
E02006568,Chichester 008,342
E02006569,Chichester 009,527
E02006570,Chichester 010,176
E02006571,Chichester 011,444
E02006572,Chichester 012,573
E02006573,Chichester 013,865
E02006574,Chichester 014,569
E02006575,Crawley 001,290
E02006576,Crawley 002,492
E02006577,Crawley 003,302
E02006578,Crawley 004,299
E02006579,Crawley 005,308
E02006580,Crawley 006,335
E02006581,Crawley 007,287
E02006582,Crawley 008,453
E02006583,Crawley 009,411
E02006584,Crawley 010,231
E02006585,Crawley 011,302
E02006586,Crawley 012,278
E02006587,Crawley 013,270
E02006588,Horsham 001,579
E02006589,Horsham 002,664
E02006590,Horsham 003,440
E02006591,Horsham 004,325
E02006592,Horsham 005,649
E02006593,Horsham 006,300
E02006594,Horsham 007,486
E02006595,Horsham 008,629
E02006596,Horsham 009,638
E02006597,Horsham 010,814
E02006598,Horsham 011,526
E02006599,Horsham 012,708
E02006600,Horsham 013,599
E02006601,Horsham 014,600
E02006602,Horsham 015,814
E02006603,Horsham 016,581
E02006604,Mid Sussex 001,504
E02006605,Mid Sussex 002,472
E02006606,Mid Sussex 003,500
E02006607,Mid Sussex 004,480
E02006608,Mid Sussex 005,507
E02006609,Mid Sussex 006,567
E02006610,Mid Sussex 007,581
E02006611,Mid Sussex 008,467
E02006612,Mid Sussex 009,291
E02006613,Mid Sussex 010,270
E02006614,Mid Sussex 011,641
E02006615,Mid Sussex 012,391
E02006616,Mid Sussex 013,473
E02006617,Mid Sussex 014,338
E02006618,Mid Sussex 015,391
E02006619,Mid Sussex 016,660
E02006620,Mid Sussex 017,480
E02006621,Worthing 001,596
E02006622,Worthing 002,380
E02006623,Worthing 003,318
E02006624,Worthing 004,431
E02006625,Worthing 005,286
E02006626,Worthing 006,367
E02006627,Worthing 007,397
E02006628,Worthing 008,217
E02006629,Worthing 009,199
E02006630,Worthing 010,159
E02006631,Worthing 011,130
E02006632,Worthing 012,315
E02006633,Worthing 013,393
E02006782,Bromley 040,231
E02006783,Lewisham 037,90
E02006784,Lewisham 038,137
E02006785,Bexley 029,198
E02006786,Greenwich 033,118
E02006787,Bromley 041,192
E02006788,Croydon 045,99
E02006789,Bromley 042,529
E02006790,Tandridge 012,532
E02006791,Ealing 040,38
E02006792,Hounslow 029,72
E02006793,Enfield 037,93
E02006794,Haringey 037,29
E02006795,Harrow 032,204
E02006796,Hillingdon 033,286
E02006798,Lewisham 039,31
E02006799,Barking and Dagenham 023,206
E02006800,Redbridge 034,319
E02006801,Lambeth 036,22
E02006802,Southwark 034,23
E02006821,Portsmouth 026,345
E02006822,Havant 018,526
E02006823,Buckinghamshire 039,736
E02006824,Buckinghamshire 036,667
E02006825,East Cambridgeshire 011,447
E02006826,West Suffolk 015,310
E02006829,East Hampshire 016,536
E02006830,Havant 019,297
E02006831,Havant 020,461
E02006832,Sevenoaks 016,363
E02006833,Tonbridge and Malling 014,807
E02006836,Sutton 025,453
E02006837,Epsom and Ewell 010,596
E02006838,East Hampshire 017,674
E02006839,Waverley 018,749
E02006853,Tower Hamlets 032,30
E02006854,Tower Hamlets 033,17
E02006855,Canterbury 019,115
E02006856,Canterbury 020,170
E02006857,Eastbourne 013,309
E02006858,Eastbourne 014,227
E02006859,Thurrock 019,235
E02006873,South Cambridgeshire 020,309
E02006874,South Cambridgeshire 021,607
E02006877,Peterborough 022,346
E02006878,Peterborough 023,379
E02006879,Folkestone and Hythe 014,59
E02006880,Folkestone and Hythe 015,124
E02006882,Harrow 033,504
E02006886,Vale of White Horse 016,953
E02006907,Norwich 014,64
E02006908,Norwich 015,79
E02006918,Hackney 028,27
E02006921,Hackney 029,15
E02006922,Colchester 022,601
E02006924,Redbridge 035,398
E02006925,Redbridge 036,560
E02006926,Thurrock 020,399
E02006927,Greenwich 034,193
E02006928,Greenwich 035,19
E02006930,Greenwich 037,47
E02006931,Greenwich 038,53
E02006937,Luton 022,89
E02006938,Luton 023,37
E02006939,Reading 019,30
E02006940,Reading 020,55
E02006941,Southwark 035,28
E02006942,Southwark 036,8
E02006953,Barnet 042,42
E02006954,Barnet 043,117
E02006955,Brent 035,30
E02006956,Brent 036,145
E02006968,Ealing 041,140
E02006969,Ealing 042,51
E02006970,Ealing 043,67
E02006971,Ealing 044,191
E02006972,Hounslow 030,42
E02006973,Hounslow 031,62
E02006975,Portsmouth 027,27
E02006976,Portsmouth 028,47
E02006978,Chelmsford 022,106
E02006979,Chelmsford 023,78
E02006980,Rochford 011,558
E02006981,Rochford 012,523
E02006987,Croydon 046,17
E02006988,Croydon 047,50
E02006991,Greenwich 039,14
E02006992,Greenwich 040,30
E02006993,Greenwich 041,22
E02006994,Greenwich 042,36
E02006995,Newham 038,14
E02006996,Newham 039,21
E02006997,Newham 040,17
E02006998,Newham 041,35
E02006999,Newham 042,31
E02007004,Thurrock 021,155
E02007005,Thurrock 022,199
E02007008,Lewisham 040,14
E02007009,Lewisham 041,40
E02007010,Bedford 021,482
E02007011,Bedford 022,320
E02007012,Milton Keynes 033,228
E02007013,Milton Keynes 034,243
E02007014,Milton Keynes 035,254
E02007015,Milton Keynes 036,284
E02007016,Milton Keynes 037,319
E02007017,Redbridge 037,217
E02007018,Redbridge 038,122
E02007019,Redbridge 039,39
E02007020,Redbridge 040,172
E02007021,Oxford 020,213
E02007032,North Norfolk 015,319
E02007033,North Norfolk 016,293
E02007046,Ashford 015,240
E02007047,Ashford 016,346
E02007052,Norwich 016,48
E02007053,Norwich 017,36
E02007054,South Norfolk 016,335
E02007055,South Norfolk 017,400
E02007056,Colchester 023,262
E02007057,Colchester 024,185
E02007068,Slough 015,146
E02007069,Slough 016,251
E02007074,Southampton 033,35
E02007075,Southampton 034,48
E02007076,Test Valley 016,290
E02007077,Test Valley 017,254
E02007078,Test Valley 018,182
E02007083,Wandsworth 038,14
E02007084,Wandsworth 039,28
E02007085,South Cambridgeshire 022,505
E02007086,Cambridge 015,144
E02007087,Cambridge 014,74
E02007088,North Hertfordshire 016,662
E02007089,North Hertfordshire 017,387
E02007090,St Albans 021,341
E02007091,Stevenage 013,374
E02007092,Welwyn Hatfield 017,288
E02007093,East Hertfordshire 019,752
E02007108,Hackney 030,7
E02007109,Hackney 031,32
E02007110,Hackney 032,11
E02007111,Hackney 033,7
E02007112,Tower Hamlets 034,18
E02007113,Tower Hamlets 035,6
E02007114,Tower Hamlets 036,11
E02007115,Camden 029,17
E02007116,Oxford 019,181