Middle layer Super Output Areas Code,Middle layer Super Output Areas,Detached
E02000001,City of London 001,7
E02000002,Barking and Dagenham 001,129
E02000003,Barking and Dagenham 002,176
E02000004,Barking and Dagenham 003,100
E02000005,Barking and Dagenham 004,215
E02000007,Barking and Dagenham 006,138
E02000008,Barking and Dagenham 007,281
E02000009,Barking and Dagenham 008,217
E02000010,Barking and Dagenham 009,179
E02000011,Barking and Dagenham 010,173
E02000012,Barking and Dagenham 011,143
E02000013,Barking and Dagenham 012,211
E02000014,Barking and Dagenham 013,228
E02000015,Barking and Dagenham 014,122
E02000016,Barking and Dagenham 015,56
E02000017,Barking and Dagenham 016,205
E02000018,Barking and Dagenham 017,165
E02000019,Barking and Dagenham 018,193
E02000020,Barking and Dagenham 019,263
E02000021,Barking and Dagenham 020,200
E02000022,Barking and Dagenham 021,27
E02000023,Barking and Dagenham 022,114
E02000024,Barnet 001,665
E02000025,Barnet 002,397
E02000026,Barnet 003,405
E02000027,Barnet 004,272
E02000028,Barnet 005,213
E02000029,Barnet 006,246
E02000030,Barnet 007,1412
E02000031,Barnet 008,644
E02000032,Barnet 009,252
E02000033,Barnet 010,94
E02000034,Barnet 011,324
E02000035,Barnet 012,354
E02000036,Barnet 013,361
E02000037,Barnet 014,919
E02000038,Barnet 015,207
E02000039,Barnet 016,812
E02000040,Barnet 017,463
E02000041,Barnet 018,331
E02000042,Barnet 019,113
E02000043,Barnet 020,255
E02000044,Barnet 021,301
E02000045,Barnet 022,185
E02000046,Barnet 023,89
E02000047,Barnet 024,147
E02000048,Barnet 025,356
E02000049,Barnet 026,105
E02000050,Barnet 027,98
E02000051,Barnet 028,561
E02000052,Barnet 029,69
E02000054,Barnet 031,421
E02000055,Barnet 032,609
E02000056,Barnet 033,899
E02000057,Barnet 034,462
E02000058,Barnet 035,468
E02000059,Barnet 036,181
E02000060,Barnet 037,412
E02000061,Barnet 038,429
E02000062,Barnet 039,115
E02000063,Barnet 040,158
E02000064,Barnet 041,135
E02000065,Bexley 001,139
E02000066,Bexley 002,210
E02000067,Bexley 003,208
E02000068,Bexley 004,131
E02000069,Bexley 005,321
E02000070,Bexley 006,225
E02000071,Bexley 007,170
E02000072,Bexley 008,152
E02000073,Bexley 009,119
E02000074,Bexley 010,76
E02000075,Bexley 011,235
E02000077,Bexley 013,52
E02000078,Bexley 014,164
E02000079,Bexley 015,271
E02000080,Bexley 016,187
E02000081,Bexley 017,266
E02000082,Bexley 018,127
E02000083,Bexley 019,271
E02000084,Bexley 020,741
E02000085,Bexley 021,83
E02000086,Bexley 022,318
E02000087,Bexley 023,972
E02000088,Bexley 024,216
E02000089,Bexley 025,193
E02000090,Bexley 026,397
E02000091,Bexley 027,510
E02000092,Bexley 028,182
E02000093,Brent 001,202
E02000094,Brent 002,146
E02000095,Brent 003,182
E02000096,Brent 004,597
E02000097,Brent 005,207
E02000098,Brent 006,546
E02000099,Brent 007,151
E02000100,Brent 008,548
E02000101,Brent 009,476
E02000102,Brent 010,203
E02000103,Brent 011,203
E02000104,Brent 012,217
E02000105,Brent 013,324
E02000106,Brent 014,204
E02000107,Brent 015,250
E02000108,Brent 016,169
E02000110,Brent 018,114
E02000111,Brent 019,231
E02000112,Brent 020,198
E02000113,Brent 021,167
E02000114,Brent 022,195
E02000115,Brent 023,168
E02000116,Brent 024,86
E02000117,Brent 025,153
E02000118,Brent 026,191
E02000119,Brent 027,109
E02000120,Brent 028,38
E02000121,Brent 029,223
E02000122,Brent 030,211
E02000123,Brent 031,136
E02000124,Brent 032,47
E02000125,Brent 033,78
E02000126,Brent 034,18
E02000127,Bromley 001,272
E02000128,Bromley 002,308
E02000130,Bromley 004,141
E02000131,Bromley 005,121
E02000132,Bromley 006,260
E02000133,Bromley 007,2204
E02000134,Bromley 008,388
E02000135,Bromley 009,113
E02000136,Bromley 010,783
E02000137,Bromley 011,626
E02000138,Bromley 012,715
E02000139,Bromley 013,152
E02000140,Bromley 014,164
E02000141,Bromley 015,94
E02000142,Bromley 016,716
E02000144,Bromley 018,619
E02000145,Bromley 019,207
E02000146,Bromley 020,289
E02000147,Bromley 021,1487
E02000148,Bromley 022,750
E02000149,Bromley 023,465
E02000150,Bromley 024,244
E02000151,Bromley 025,833
E02000152,Bromley 026,218
E02000153,Bromley 027,321
E02000154,Bromley 028,1113
E02000155,Bromley 029,314
E02000156,Bromley 030,817
E02000157,Bromley 031,1256
E02000158,Bromley 032,746
E02000159,Bromley 033,1420
E02000160,Bromley 034,638
E02000161,Bromley 035,829
E02000162,Bromley 036,858
E02000163,Bromley 037,1265
E02000165,Bromley 039,892
E02000166,Camden 001,303
E02000167,Camden 002,136
E02000168,Camden 003,67
E02000169,Camden 004,251
E02000170,Camden 005,103
E02000171,Camden 006,31
E02000172,Camden 007,32
E02000173,Camden 008,109
E02000174,Camden 009,28
E02000175,Camden 010,60
E02000176,Camden 011,29
E02000177,Camden 012,36
E02000178,Camden 013,31
E02000179,Camden 014,21
E02000180,Camden 015,35
E02000181,Camden 016,38
E02000182,Camden 017,83
E02000183,Camden 018,37
E02000184,Camden 019,30
E02000185,Camden 020,17
E02000186,Camden 021,24
E02000187,Camden 022,7
E02000188,Camden 023,12
E02000191,Camden 026,9
E02000192,Camden 027,11
E02000193,Camden 028,16
E02000194,Croydon 001,235
E02000195,Croydon 002,585
E02000196,Croydon 003,167
E02000197,Croydon 004,215
E02000198,Croydon 005,122
E02000199,Croydon 006,158
E02000200,Croydon 007,120
E02000201,Croydon 008,95
E02000202,Croydon 009,193
E02000203,Croydon 010,132
E02000204,Croydon 011,212
E02000206,Croydon 013,182
E02000207,Croydon 014,129
E02000208,Croydon 015,206
E02000209,Croydon 016,217
E02000210,Croydon 017,100
E02000211,Croydon 018,777
E02000212,Croydon 019,146
E02000213,Croydon 020,137
E02000214,Croydon 021,161
E02000215,Croydon 022,211
E02000216,Croydon 023,612
E02000217,Croydon 024,182
E02000218,Croydon 025,217
E02000219,Croydon 026,764
E02000221,Croydon 028,289
E02000222,Croydon 029,741
E02000223,Croydon 030,102
E02000224,Croydon 031,213
E02000225,Croydon 032,75
E02000226,Croydon 033,579
E02000227,Croydon 034,316
E02000228,Croydon 035,1653
E02000229,Croydon 036,62
E02000230,Croydon 037,1243
E02000231,Croydon 038,1663
E02000232,Croydon 039,770
E02000233,Croydon 040,480
E02000234,Croydon 041,1056
E02000235,Croydon 042,1193
E02000236,Croydon 043,822
E02000237,Croydon 044,913
E02000238,Ealing 001,138
E02000239,Ealing 002,163
E02000240,Ealing 003,120
E02000241,Ealing 004,92
E02000242,Ealing 005,106
E02000243,Ealing 006,116
E02000244,Ealing 007,109
E02000245,Ealing 008,103
E02000246,Ealing 009,93
E02000247,Ealing 010,231
E02000248,Ealing 011,274
E02000249,Ealing 012,150
E02000250,Ealing 013,96
E02000251,Ealing 014,136
E02000252,Ealing 015,121
E02000253,Ealing 016,137
E02000254,Ealing 017,168
E02000255,Ealing 018,154
E02000256,Ealing 019,380
E02000258,Ealing 021,111
E02000259,Ealing 022,165
E02000260,Ealing 023,184
E02000261,Ealing 024,175
E02000262,Ealing 025,108
E02000263,Ealing 026,319
E02000264,Ealing 027,310
E02000265,Ealing 028,102
E02000266,Ealing 029,209
E02000267,Ealing 030,96
E02000268,Ealing 031,216
E02000269,Ealing 032,145
E02000270,Ealing 033,50
E02000271,Ealing 034,140
E02000272,Ealing 035,92
E02000275,Ealing 038,324
E02000276,Ealing 039,63
E02000277,Enfield 001,186
E02000278,Enfield 002,184
E02000279,Enfield 003,345
E02000280,Enfield 004,425
E02000281,Enfield 005,134
E02000282,Enfield 006,154
E02000283,Enfield 007,213
E02000284,Enfield 008,143
E02000285,Enfield 009,54
E02000286,Enfield 010,511
E02000287,Enfield 011,958
E02000288,Enfield 012,271
E02000289,Enfield 013,375
E02000290,Enfield 014,126
E02000291,Enfield 015,166
E02000292,Enfield 016,175
E02000293,Enfield 017,616
E02000294,Enfield 018,231
E02000295,Enfield 019,245
E02000296,Enfield 020,212
E02000297,Enfield 021,179
E02000298,Enfield 022,440
E02000299,Enfield 023,303
E02000300,Enfield 024,219
E02000301,Enfield 025,241
E02000302,Enfield 026,79
E02000303,Enfield 027,161
E02000304,Enfield 028,292
E02000305,Enfield 029,105
E02000306,Enfield 030,131
E02000307,Enfield 031,272
E02000308,Enfield 032,113
E02000309,Enfield 033,336
E02000311,Enfield 035,174
E02000312,Enfield 036,133
E02000313,Greenwich 001,117
E02000314,Greenwich 002,299
E02000315,Greenwich 003,128
E02000317,Greenwich 005,69
E02000318,Greenwich 006,277
E02000319,Greenwich 007,196
E02000320,Greenwich 008,121
E02000321,Greenwich 009,94
E02000323,Greenwich 011,141
E02000324,Greenwich 012,111
E02000326,Greenwich 014,113
E02000327,Greenwich 015,76
E02000328,Greenwich 016,158
E02000329,Greenwich 017,88
E02000331,Greenwich 019,97
E02000332,Greenwich 020,218
E02000333,Greenwich 021,323
E02000334,Greenwich 022,144
E02000335,Greenwich 023,44
E02000337,Greenwich 025,96
E02000339,Greenwich 027,117
E02000340,Greenwich 028,292
E02000341,Greenwich 029,153
E02000342,Greenwich 030,74
E02000343,Greenwich 031,139
E02000344,Greenwich 032,160
E02000345,Hackney 001,81
E02000346,Hackney 002,16
E02000347,Hackney 003,53
E02000348,Hackney 004,45
E02000350,Hackney 006,60
E02000351,Hackney 007,42
E02000352,Hackney 008,27
E02000353,Hackney 009,34
E02000354,Hackney 010,77
E02000355,Hackney 011,76
E02000356,Hackney 012,22
E02000357,Hackney 013,52
E02000358,Hackney 014,69
E02000359,Hackney 015,81
E02000360,Hackney 016,55
E02000361,Hackney 017,31
E02000362,Hackney 018,80
E02000363,Hackney 019,19
E02000364,Hackney 020,53
E02000366,Hackney 022,73
E02000367,Hackney 023,70
E02000368,Hackney 024,64
E02000369,Hackney 025,34
E02000370,Hackney 026,27
E02000372,Hammersmith and Fulham 001,142
E02000373,Hammersmith and Fulham 002,38
E02000374,Hammersmith and Fulham 003,73
E02000375,Hammersmith and Fulham 004,30
E02000376,Hammersmith and Fulham 005,36
E02000377,Hammersmith and Fulham 006,46
E02000378,Hammersmith and Fulham 007,13
E02000379,Hammersmith and Fulham 008,73
E02000380,Hammersmith and Fulham 009,17
E02000381,Hammersmith and Fulham 010,18
E02000382,Hammersmith and Fulham 011,49
E02000383,Hammersmith and Fulham 012,16
E02000384,Hammersmith and Fulham 013,30
E02000385,Hammersmith and Fulham 014,11
E02000386,Hammersmith and Fulham 015,35
E02000387,Hammersmith and Fulham 016,17
E02000388,Hammersmith and Fulham 017,28
E02000389,Hammersmith and Fulham 018,30
E02000390,Hammersmith and Fulham 019,29
E02000391,Hammersmith and Fulham 020,47
E02000392,Hammersmith and Fulham 021,28
E02000393,Hammersmith and Fulham 022,26
E02000394,Hammersmith and Fulham 023,20
E02000395,Hammersmith and Fulham 024,39
E02000396,Hammersmith and Fulham 025,42
E02000397,Haringey 001,109
E02000398,Haringey 002,144
E02000400,Haringey 004,80
E02000401,Haringey 005,163
E02000402,Haringey 006,164
E02000403,Haringey 007,114
E02000404,Haringey 008,151
E02000405,Haringey 009,111
E02000406,Haringey 010,166
E02000407,Haringey 011,126
E02000408,Haringey 012,153
E02000409,Haringey 013,84
E02000410,Haringey 014,54
E02000411,Haringey 015,175
E02000412,Haringey 016,77
E02000413,Haringey 017,142
E02000414,Haringey 018,175
E02000415,Haringey 019,103
E02000416,Haringey 020,57
E02000417,Haringey 021,83
E02000418,Haringey 022,31
E02000419,Haringey 023,77
E02000420,Haringey 024,144
E02000421,Haringey 025,109
E02000422,Haringey 026,119
E02000423,Haringey 027,89
E02000424,Haringey 028,25
E02000425,Haringey 029,152
E02000426,Haringey 030,356
E02000427,Haringey 031,78
E02000428,Haringey 032,89
E02000429,Haringey 033,87
E02000430,Haringey 034,51
E02000431,Haringey 035,74
E02000432,Haringey 036,23
E02000433,Harrow 001,1047
E02000434,Harrow 002,584
E02000435,Harrow 003,523
E02000436,Harrow 004,999
E02000437,Harrow 005,467
E02000438,Harrow 006,507
E02000439,Harrow 007,110
E02000440,Harrow 008,400
E02000441,Harrow 009,753
E02000442,Harrow 010,168
E02000443,Harrow 011,166
E02000444,Harrow 012,134
E02000445,Harrow 013,174
E02000447,Harrow 015,215
E02000448,Harrow 016,927
E02000449,Harrow 017,125
E02000451,Harrow 019,352
E02000452,Harrow 020,109
E02000453,Harrow 021,148
E02000454,Harrow 022,556
E02000455,Harrow 023,205
E02000456,Harrow 024,107
E02000457,Harrow 025,291
E02000459,Harrow 027,173
E02000460,Harrow 028,98
E02000461,Harrow 029,290
E02000462,Harrow 030,126
E02000463,Harrow 031,103
E02000464,Havering 001,246
E02000465,Havering 002,106
E02000466,Havering 003,360
E02000467,Havering 004,127
E02000468,Havering 005,203
E02000469,Havering 006,188
E02000470,Havering 007,472
E02000471,Havering 008,439
E02000472,Havering 009,245
E02000473,Havering 010,434
E02000474,Havering 011,293
E02000475,Havering 012,1065
E02000476,Havering 013,243
E02000477,Havering 014,567
E02000478,Havering 015,1452
E02000479,Havering 016,216
E02000480,Havering 017,188
E02000481,Havering 018,412
E02000482,Havering 019,501
E02000483,Havering 020,215
E02000484,Havering 021,423
E02000485,Havering 022,233
E02000486,Havering 023,144
E02000487,Havering 024,552
E02000488,Havering 025,173
E02000489,Havering 026,122
E02000490,Havering 027,185
E02000491,Havering 028,564
E02000492,Havering 029,747
E02000493,Havering 030,165
E02000494,Hillingdon 001,1558
E02000495,Hillingdon 002,646
E02000496,Hillingdon 003,494
E02000497,Hillingdon 004,734
E02000498,Hillingdon 005,690
E02000499,Hillingdon 006,469
E02000500,Hillingdon 007,1481
E02000501,Hillingdon 008,477
E02000502,Hillingdon 009,388
E02000503,Hillingdon 010,89
E02000504,Hillingdon 011,1047
E02000506,Hillingdon 013,1711
E02000507,Hillingdon 014,88
E02000508,Hillingdon 015,479
E02000509,Hillingdon 016,199
E02000510,Hillingdon 017,707
E02000511,Hillingdon 018,131
E02000512,Hillingdon 019,335
E02000513,Hillingdon 020,138
E02000514,Hillingdon 021,181
E02000515,Hillingdon 022,332
E02000516,Hillingdon 023,358
E02000517,Hillingdon 024,200
E02000518,Hillingdon 025,188
E02000519,Hillingdon 026,198
E02000520,Hillingdon 027,206
E02000521,Hillingdon 028,186
E02000522,Hillingdon 029,376
E02000523,Hillingdon 030,255
E02000524,Hillingdon 031,332
E02000525,Hillingdon 032,199
E02000526,Hounslow 001,90
E02000529,Hounslow 004,167
E02000530,Hounslow 005,90
E02000531,Hounslow 006,137
E02000532,Hounslow 007,187
E02000533,Hounslow 008,142
E02000534,Hounslow 009,290
E02000535,Hounslow 010,185
E02000536,Hounslow 011,221
E02000537,Hounslow 012,268
E02000538,Hounslow 013,282
E02000539,Hounslow 014,117
E02000540,Hounslow 015,173
E02000541,Hounslow 016,208
E02000542,Hounslow 017,192
E02000543,Hounslow 018,319
E02000544,Hounslow 019,183
E02000545,Hounslow 020,81
E02000546,Hounslow 021,198
E02000547,Hounslow 022,237
E02000548,Hounslow 023,180
E02000549,Hounslow 024,293
E02000550,Hounslow 025,122
E02000551,Hounslow 026,85
E02000552,Hounslow 027,154
E02000553,Hounslow 028,213
E02000554,Islington 001,42
E02000555,Islington 002,42
E02000556,Islington 003,50
E02000557,Islington 004,19
E02000558,Islington 005,30
E02000559,Islington 006,46
E02000560,Islington 007,28
E02000561,Islington 008,33
E02000562,Islington 009,28
E02000563,Islington 010,39
E02000564,Islington 011,18
E02000565,Islington 012,32
E02000566,Islington 013,62
E02000567,Islington 014,37
E02000568,Islington 015,47
E02000569,Islington 016,37
E02000570,Islington 017,42
E02000571,Islington 018,40
E02000572,Islington 019,35
E02000573,Islington 020,51
E02000574,Islington 021,24
E02000575,Islington 022,27
E02000576,Islington 023,15
E02000577,Kensington and Chelsea 001,44
E02000578,Kensington and Chelsea 002,20
E02000579,Kensington and Chelsea 003,45
E02000580,Kensington and Chelsea 004,8
E02000581,Kensington and Chelsea 005,22
E02000582,Kensington and Chelsea 006,46
E02000583,Kensington and Chelsea 007,32
E02000584,Kensington and Chelsea 008,50
E02000585,Kensington and Chelsea 009,92
E02000586,Kensington and Chelsea 010,43
E02000587,Kensington and Chelsea 011,62
E02000588,Kensington and Chelsea 012,30
E02000589,Kensington and Chelsea 013,24
E02000590,Kensington and Chelsea 014,43
E02000591,Kensington and Chelsea 015,9
E02000592,Kensington and Chelsea 016,17
E02000593,Kensington and Chelsea 017,20
E02000594,Kensington and Chelsea 018,33
E02000595,Kensington and Chelsea 019,52
E02000596,Kensington and Chelsea 020,27
E02000597,Kensington and Chelsea 021,44
E02000598,Kingston upon Thames 001,528
E02000599,Kingston upon Thames 002,1236
E02000600,Kingston upon Thames 003,337
E02000601,Kingston upon Thames 004,684
E02000602,Kingston upon Thames 005,315
E02000603,Kingston upon Thames 006,178
E02000604,Kingston upon Thames 007,302
E02000605,Kingston upon Thames 008,403
E02000606,Kingston upon Thames 009,297
E02000607,Kingston upon Thames 010,363
E02000608,Kingston upon Thames 011,74
E02000609,Kingston upon Thames 012,766
E02000610,Kingston upon Thames 013,320
E02000611,Kingston upon Thames 014,421
E02000612,Kingston upon Thames 015,548
E02000613,Kingston upon Thames 016,542
E02000614,Kingston upon Thames 017,135
E02000615,Kingston upon Thames 018,301
E02000616,Kingston upon Thames 019,150
E02000617,Kingston upon Thames 020,385
E02000619,Lambeth 002,26
E02000620,Lambeth 003,25
E02000621,Lambeth 004,45
E02000622,Lambeth 005,42
E02000623,Lambeth 006,52
E02000624,Lambeth 007,80
E02000625,Lambeth 008,27
E02000626,Lambeth 009,46
E02000627,Lambeth 010,43
E02000628,Lambeth 011,53
E02000629,Lambeth 012,59
E02000630,Lambeth 013,52
E02000631,Lambeth 014,165
E02000632,Lambeth 015,51
E02000633,Lambeth 016,48
E02000634,Lambeth 017,44
E02000635,Lambeth 018,65
E02000636,Lambeth 019,55
E02000637,Lambeth 020,29
E02000638,Lambeth 021,66
E02000639,Lambeth 022,38
E02000640,Lambeth 023,98
E02000641,Lambeth 024,58
E02000642,Lambeth 025,111
E02000643,Lambeth 026,46
E02000644,Lambeth 027,107
E02000645,Lambeth 028,105
E02000646,Lambeth 029,279
E02000647,Lambeth 030,215
E02000648,Lambeth 031,59
E02000649,Lambeth 032,159
E02000650,Lambeth 033,95
E02000651,Lambeth 034,126
E02000652,Lambeth 035,138
E02000653,Lewisham 001,83
E02000654,Lewisham 002,53
E02000655,Lewisham 003,85
E02000657,Lewisham 005,67
E02000658,Lewisham 006,36
E02000659,Lewisham 007,159
E02000660,Lewisham 008,72
E02000661,Lewisham 009,111
E02000662,Lewisham 010,53
E02000663,Lewisham 011,66
E02000665,Lewisham 013,93
E02000666,Lewisham 014,88
E02000667,Lewisham 015,54
E02000668,Lewisham 016,143
E02000669,Lewisham 017,44
E02000670,Lewisham 018,96
E02000671,Lewisham 019,116
E02000672,Lewisham 020,114
E02000673,Lewisham 021,261
E02000674,Lewisham 022,135
E02000675,Lewisham 023,184
E02000676,Lewisham 024,87
E02000677,Lewisham 025,82
E02000678,Lewisham 026,100
E02000679,Lewisham 027,134
E02000680,Lewisham 028,102
E02000681,Lewisham 029,118
E02000682,Lewisham 030,170
E02000683,Lewisham 031,108
E02000685,Lewisham 033,86
E02000686,Lewisham 034,58
E02000687,Lewisham 035,123
E02000689,Merton 001,202
E02000690,Merton 002,868
E02000691,Merton 003,70
E02000692,Merton 004,374
E02000693,Merton 005,104
E02000694,Merton 006,88
E02000695,Merton 007,194
E02000696,Merton 008,117
E02000697,Merton 009,98
E02000698,Merton 010,641
E02000699,Merton 011,98
E02000700,Merton 012,93
E02000701,Merton 013,172
E02000702,Merton 014,134
E02000703,Merton 015,202
E02000704,Merton 016,119
E02000705,Merton 017,155
E02000706,Merton 018,150
E02000707,Merton 019,128
E02000708,Merton 020,90
E02000709,Merton 021,62
E02000710,Merton 022,232
E02000711,Merton 023,131
E02000712,Merton 024,80
E02000713,Merton 025,59
E02000714,Newham 001,127
E02000715,Newham 002,124
E02000716,Newham 003,141
E02000717,Newham 004,120
E02000718,Newham 005,109
E02000719,Newham 006,141
E02000720,Newham 007,168
E02000721,Newham 008,172
E02000722,Newham 009,120
E02000723,Newham 010,247
E02000724,Newham 011,225
E02000725,Newham 012,127
E02000727,Newham 014,192
E02000728,Newham 015,208
E02000729,Newham 016,160
E02000730,Newham 017,205
E02000731,Newham 018,220
E02000732,Newham 019,194
E02000733,Newham 020,154
E02000734,Newham 021,99
E02000735,Newham 022,188
E02000736,Newham 023,227
E02000737,Newham 024,178
E02000738,Newham 025,220
E02000739,Newham 026,218
E02000740,Newham 027,127
E02000741,Newham 028,200
E02000742,Newham 029,159
E02000743,Newham 030,135
E02000744,Newham 031,193
E02000745,Newham 032,236
E02000746,Newham 033,140
E02000747,Newham 034,124
E02000748,Newham 035,301
E02000749,Newham 036,196
E02000751,Redbridge 001,1211
E02000752,Redbridge 002,169
E02000753,Redbridge 003,129
E02000754,Redbridge 004,74
E02000755,Redbridge 005,135
E02000756,Redbridge 006,461
E02000757,Redbridge 007,254
E02000758,Redbridge 008,257
E02000759,Redbridge 009,128
E02000760,Redbridge 010,152
E02000762,Redbridge 012,93
E02000763,Redbridge 013,135
E02000764,Redbridge 014,417
E02000765,Redbridge 015,130
E02000767,Redbridge 017,135
E02000768,Redbridge 018,196
E02000770,Redbridge 020,114
E02000772,Redbridge 022,158
E02000773,Redbridge 023,132
E02000774,Redbridge 024,147
E02000776,Redbridge 026,115
E02000777,Redbridge 027,82
E02000779,Redbridge 029,88
E02000781,Redbridge 031,515
E02000782,Redbridge 032,225
E02000783,Redbridge 033,246
E02000784,Richmond upon Thames 001,269
E02000785,Richmond upon Thames 002,402
E02000786,Richmond upon Thames 003,176
E02000787,Richmond upon Thames 004,157
E02000788,Richmond upon Thames 005,162
E02000789,Richmond upon Thames 006,289
E02000790,Richmond upon Thames 007,197
E02000791,Richmond upon Thames 008,117
E02000792,Richmond upon Thames 009,164
E02000793,Richmond upon Thames 010,247
E02000794,Richmond upon Thames 011,304
E02000795,Richmond upon Thames 012,682
E02000796,Richmond upon Thames 013,287
E02000797,Richmond upon Thames 014,95
E02000798,Richmond upon Thames 015,163
E02000799,Richmond upon Thames 016,223
E02000800,Richmond upon Thames 017,89
E02000801,Richmond upon Thames 018,197
E02000802,Richmond upon Thames 019,351
E02000803,Richmond upon Thames 020,629
E02000804,Richmond upon Thames 021,214
E02000805,Richmond upon Thames 022,507
E02000806,Richmond upon Thames 023,762
E02000807,Southwark 001,57
E02000808,Southwark 002,20
E02000810,Southwark 004,22
E02000812,Southwark 006,27
E02000813,Southwark 007,31
E02000814,Southwark 008,56
E02000815,Southwark 009,7
E02000816,Southwark 010,60
E02000817,Southwark 011,42
E02000818,Southwark 012,28
E02000819,Southwark 013,48
E02000820,Southwark 014,37
E02000821,Southwark 015,39
E02000822,Southwark 016,32
E02000823,Southwark 017,38
E02000824,Southwark 018,73
E02000825,Southwark 019,83
E02000826,Southwark 020,47
E02000827,Southwark 021,36
E02000828,Southwark 022,90
E02000829,Southwark 023,93
E02000830,Southwark 024,141
E02000831,Southwark 025,79
E02000832,Southwark 026,116
E02000833,Southwark 027,43
E02000834,Southwark 028,82
E02000835,Southwark 029,73
E02000836,Southwark 030,45
E02000837,Southwark 031,253
E02000838,Southwark 032,88
E02000839,Southwark 033,437
E02000840,Sutton 001,120
E02000841,Sutton 002,96
E02000842,Sutton 003,106
E02000843,Sutton 004,100
E02000844,Sutton 005,130
E02000845,Sutton 006,223
E02000846,Sutton 007,199
E02000847,Sutton 008,425
E02000848,Sutton 009,91
E02000849,Sutton 010,135
E02000850,Sutton 011,296
E02000851,Sutton 012,144
E02000852,Sutton 013,184
E02000853,Sutton 014,223
E02000854,Sutton 015,425
E02000855,Sutton 016,481
E02000856,Sutton 017,437
E02000857,Sutton 018,203
E02000858,Sutton 019,155
E02000859,Sutton 020,590
E02000860,Sutton 021,117
E02000861,Sutton 022,1182
E02000863,Sutton 024,916
E02000864,Tower Hamlets 001,76
E02000865,Tower Hamlets 002,27
E02000866,Tower Hamlets 003,54
E02000867,Tower Hamlets 004,54
E02000868,Tower Hamlets 005,18
E02000869,Tower Hamlets 006,13
E02000870,Tower Hamlets 007,20
E02000871,Tower Hamlets 008,46
E02000872,Tower Hamlets 009,25
E02000873,Tower Hamlets 010,28
E02000874,Tower Hamlets 011,19
E02000875,Tower Hamlets 012,25
E02000876,Tower Hamlets 013,34
E02000877,Tower Hamlets 014,75
E02000878,Tower Hamlets 015,35
E02000879,Tower Hamlets 016,29
E02000880,Tower Hamlets 017,21
E02000881,Tower Hamlets 018,48
E02000882,Tower Hamlets 019,103
E02000883,Tower Hamlets 020,36
E02000884,Tower Hamlets 021,21
E02000885,Tower Hamlets 022,27
E02000886,Tower Hamlets 023,19
E02000887,Tower Hamlets 024,23
E02000888,Tower Hamlets 025,21
E02000889,Tower Hamlets 026,45
E02000890,Tower Hamlets 027,14
E02000893,Tower Hamlets 030,39
E02000894,Tower Hamlets 031,54
E02000895,Waltham Forest 001,151
E02000896,Waltham Forest 002,272
E02000897,Waltham Forest 003,153
E02000898,Waltham Forest 004,115
E02000899,Waltham Forest 005,112
E02000900,Waltham Forest 006,216
E02000901,Waltham Forest 007,172
E02000902,Waltham Forest 008,109
E02000903,Waltham Forest 009,198
E02000904,Waltham Forest 010,150
E02000905,Waltham Forest 011,140
E02000906,Waltham Forest 012,135
E02000907,Waltham Forest 013,80
E02000908,Waltham Forest 014,118
E02000909,Waltham Forest 015,108
E02000910,Waltham Forest 016,176
E02000911,Waltham Forest 017,152
E02000912,Waltham Forest 018,216
E02000913,Waltham Forest 019,184
E02000914,Waltham Forest 020,154
E02000915,Waltham Forest 021,106
E02000916,Waltham Forest 022,141
E02000917,Waltham Forest 023,108
E02000918,Waltham Forest 024,87
E02000919,Waltham Forest 025,136
E02000920,Waltham Forest 026,159
E02000921,Waltham Forest 027,214
E02000922,Waltham Forest 028,181
E02000923,Wandsworth 001,24
E02000925,Wandsworth 003,25
E02000926,Wandsworth 004,42
E02000927,Wandsworth 005,59
E02000928,Wandsworth 006,70
E02000929,Wandsworth 007,39
E02000930,Wandsworth 008,39
E02000931,Wandsworth 009,28
E02000932,Wandsworth 010,88
E02000933,Wandsworth 011,372
E02000934,Wandsworth 012,49
E02000935,Wandsworth 013,108
E02000936,Wandsworth 014,129
E02000937,Wandsworth 015,115
E02000938,Wandsworth 016,166
E02000939,Wandsworth 017,93
E02000940,Wandsworth 018,32
E02000941,Wandsworth 019,86
E02000942,Wandsworth 020,177
E02000943,Wandsworth 021,56
E02000944,Wandsworth 022,87
E02000945,Wandsworth 023,128
E02000946,Wandsworth 024,54
E02000947,Wandsworth 025,37
E02000948,Wandsworth 026,47
E02000949,Wandsworth 027,122
E02000950,Wandsworth 028,144
E02000951,Wandsworth 029,59
E02000952,Wandsworth 030,28
E02000953,Wandsworth 031,27
E02000954,Wandsworth 032,51
E02000955,Wandsworth 033,82
E02000956,Wandsworth 034,43
E02000957,Wandsworth 035,92
E02000958,Wandsworth 036,131
E02000959,Wandsworth 037,62
E02000960,Westminster 001,62
E02000961,Westminster 002,245
E02000962,Westminster 003,98
E02000963,Westminster 004,123
E02000964,Westminster 005,50
E02000965,Westminster 006,17
E02000966,Westminster 007,34
E02000967,Westminster 008,18
E02000968,Westminster 009,17
E02000969,Westminster 010,16
E02000970,Westminster 011,34
E02000971,Westminster 012,30
E02000972,Westminster 013,14
E02000973,Westminster 014,58
E02000974,Westminster 015,38
E02000975,Westminster 016,7
E02000976,Westminster 017,17
E02000977,Westminster 018,26
E02000978,Westminster 019,74
E02000979,Westminster 020,21
E02000980,Westminster 021,6
E02000981,Westminster 022,23
E02000982,Westminster 023,10
E02000983,Westminster 024,11
E02003237,Peterborough 001,1568
E02003238,Peterborough 002,1145
E02003239,Peterborough 003,2107
E02003240,Peterborough 004,1141
E02003241,Peterborough 005,1279
E02003242,Peterborough 006,834
E02003243,Peterborough 007,389
E02003244,Peterborough 008,423
E02003245,Peterborough 009,220
E02003246,Peterborough 010,442
E02003247,Peterborough 011,462
E02003248,Peterborough 012,1019
E02003249,Peterborough 013,900
E02003250,Peterborough 014,434
E02003251,Peterborough 015,2036
E02003252,Peterborough 016,986
E02003253,Peterborough 017,635
E02003254,Peterborough 018,2275
E02003255,Peterborough 019,1902
E02003257,Peterborough 021,411
E02003258,Luton 001,1774
E02003259,Luton 002,76
E02003260,Luton 003,133
E02003261,Luton 004,771
E02003262,Luton 005,439
E02003263,Luton 006,462
E02003264,Luton 007,1100
E02003265,Luton 008,388
E02003266,Luton 009,240
E02003267,Luton 010,322
E02003268,Luton 011,414
E02003269,Luton 012,659
E02003270,Luton 013,389
E02003271,Luton 014,1013
E02003272,Luton 015,240
E02003273,Luton 016,367
E02003274,Luton 017,250
E02003276,Luton 019,210
E02003277,Luton 020,182
E02003278,Luton 021,488
E02003279,Southend-on-Sea 001,1125
E02003280,Southend-on-Sea 002,766
E02003281,Southend-on-Sea 003,988
E02003282,Southend-on-Sea 004,769
E02003283,Southend-on-Sea 005,776
E02003284,Southend-on-Sea 006,383
E02003285,Southend-on-Sea 007,275
E02003286,Southend-on-Sea 008,906
E02003287,Southend-on-Sea 009,1416
E02003288,Southend-on-Sea 010,176
E02003289,Southend-on-Sea 011,428
E02003290,Southend-on-Sea 012,879
E02003291,Southend-on-Sea 013,662
E02003292,Southend-on-Sea 014,147
E02003293,Southend-on-Sea 015,193
E02003294,Southend-on-Sea 016,1285
E02003295,Southend-on-Sea 017,1172
E02003296,Thurrock 001,576
E02003297,Thurrock 002,195
E02003298,Thurrock 003,245
E02003299,Thurrock 004,1066
E02003300,Thurrock 005,505
E02003301,Thurrock 006,589
E02003302,Thurrock 007,145
E02003303,Thurrock 008,240
E02003304,Thurrock 009,374
E02003305,Thurrock 010,496
E02003307,Thurrock 012,286
E02003308,Thurrock 013,301
E02003309,Thurrock 014,366
E02003311,Thurrock 016,482
E02003312,Thurrock 017,160
E02003313,Thurrock 018,241
E02003314,Medway 001,517
E02003315,Medway 002,749
E02003316,Medway 003,1013
E02003317,Medway 004,543
E02003318,Medway 005,678
E02003319,Medway 006,302
E02003320,Medway 007,438
E02003321,Medway 008,173
E02003322,Medway 009,100
E02003323,Medway 010,201
E02003324,Medway 011,115
E02003325,Medway 012,116
E02003326,Medway 013,215
E02003327,Medway 014,251
E02003328,Medway 015,128
E02003329,Medway 016,163
E02003330,Medway 017,109
E02003331,Medway 018,126
E02003332,Medway 019,296
E02003333,Medway 020,206
E02003334,Medway 021,129
E02003335,Medway 022,134
E02003336,Medway 023,364
E02003337,Medway 024,300
E02003338,Medway 025,335
E02003339,Medway 026,577
E02003340,Medway 027,166
E02003341,Medway 028,688
E02003342,Medway 029,499
E02003343,Medway 030,1210
E02003344,Medway 031,505
E02003345,Medway 032,478
E02003346,Medway 033,616
E02003347,Medway 034,489
E02003348,Medway 035,1614
E02003349,Medway 036,505
E02003350,Medway 037,545
E02003351,Medway 038,448
E02003352,Bracknell Forest 001,1257
E02003353,Bracknell Forest 002,1949
E02003354,Bracknell Forest 003,1886
E02003355,Bracknell Forest 004,133
E02003356,Bracknell Forest 005,1068
E02003357,Bracknell Forest 006,406
E02003358,Bracknell Forest 007,577
E02003359,Bracknell Forest 008,303
E02003360,Bracknell Forest 009,1061
E02003361,Bracknell Forest 010,242
E02003362,Bracknell Forest 011,314
E02003363,Bracknell Forest 012,1123
E02003364,Bracknell Forest 013,962
E02003365,Bracknell Forest 014,1324
E02003366,Bracknell Forest 015,926
E02003367,West Berkshire 001,1185
E02003368,West Berkshire 002,1017
E02003369,West Berkshire 003,1119
E02003370,West Berkshire 004,1409
E02003371,West Berkshire 005,681
E02003372,West Berkshire 006,904
E02003373,West Berkshire 007,1739
E02003374,West Berkshire 008,634
E02003375,West Berkshire 009,666
E02003376,West Berkshire 010,620
E02003377,West Berkshire 011,1802
E02003378,West Berkshire 012,771
E02003379,West Berkshire 013,605
E02003380,West Berkshire 014,712
E02003381,West Berkshire 015,1206
E02003382,West Berkshire 016,726
E02003383,West Berkshire 017,1064
E02003384,West Berkshire 018,1299
E02003385,West Berkshire 019,694
E02003386,West Berkshire 020,672
E02003387,West Berkshire 021,1515
E02003388,West Berkshire 022,991
E02003389,Reading 001,1295
E02003390,Reading 002,1768
E02003391,Reading 003,711
E02003392,Reading 004,249
E02003393,Reading 005,943
E02003394,Reading 006,181
E02003395,Reading 007,194
E02003396,Reading 008,319
E02003397,Reading 009,399
E02003398,Reading 010,184
E02003400,Reading 012,293
E02003401,Reading 013,257
E02003402,Reading 014,366
E02003403,Reading 015,311
E02003404,Reading 016,351
E02003405,Reading 017,172
E02003406,Reading 018,166
E02003407,Slough 001,257
E02003408,Slough 002,233
E02003409,Slough 003,593
E02003410,Slough 004,216
E02003411,Slough 005,306
E02003412,Slough 006,340
E02003414,Slough 008,491
E02003415,Slough 009,257
E02003416,Slough 010,647
E02003417,Slough 011,787
E02003418,Slough 012,445
E02003419,Slough 013,312
E02003420,Slough 014,178
E02003421,Windsor and Maidenhead 001,989
E02003422,Windsor and Maidenhead 002,2061
E02003423,Windsor and Maidenhead 003,413
E02003424,Windsor and Maidenhead 004,1647
E02003425,Windsor and Maidenhead 005,839
E02003426,Windsor and Maidenhead 006,1536
E02003427,Windsor and Maidenhead 007,412
E02003428,Windsor and Maidenhead 008,1213
E02003429,Windsor and Maidenhead 009,1613
E02003430,Windsor and Maidenhead 010,249
E02003431,Windsor and Maidenhead 011,935
E02003432,Windsor and Maidenhead 012,229
E02003433,Windsor and Maidenhead 013,286
E02003434,Windsor and Maidenhead 014,587
E02003435,Windsor and Maidenhead 015,867
E02003436,Windsor and Maidenhead 016,1608
E02003437,Windsor and Maidenhead 017,1228
E02003438,Windsor and Maidenhead 018,2000
E02003439,Wokingham 001,1171
E02003440,Wokingham 002,1716
E02003441,Wokingham 003,1121
E02003442,Wokingham 004,1493
E02003443,Wokingham 005,603
E02003444,Wokingham 006,989
E02003445,Wokingham 007,584
E02003446,Wokingham 008,1827
E02003447,Wokingham 009,1737
E02003448,Wokingham 010,1501
E02003449,Wokingham 011,1268
E02003450,Wokingham 012,1902
E02003451,Wokingham 013,867
E02003452,Wokingham 014,1625
E02003453,Wokingham 015,1925
E02003454,Wokingham 016,1587
E02003455,Wokingham 017,1646
E02003456,Wokingham 018,1183
E02003457,Wokingham 019,2742
E02003458,Wokingham 020,2025
E02003459,Milton Keynes 001,1678
E02003460,Milton Keynes 002,2044
E02003461,Milton Keynes 003,831
E02003462,Milton Keynes 004,890
E02003463,Milton Keynes 005,1126
E02003464,Milton Keynes 006,434
E02003465,Milton Keynes 007,1204
E02003466,Milton Keynes 008,110
E02003467,Milton Keynes 009,528
E02003468,Milton Keynes 010,530
E02003469,Milton Keynes 011,1041
E02003470,Milton Keynes 012,170
E02003471,Milton Keynes 013,628
E02003472,Milton Keynes 014,198
E02003473,Milton Keynes 015,1138
E02003474,Milton Keynes 016,1271
E02003476,Milton Keynes 018,361
E02003478,Milton Keynes 020,1099
E02003479,Milton Keynes 021,506
E02003480,Milton Keynes 022,1211
E02003481,Milton Keynes 023,333
E02003482,Milton Keynes 024,1419
E02003483,Milton Keynes 025,1846
E02003484,Milton Keynes 026,1021
E02003485,Milton Keynes 027,724
E02003486,Milton Keynes 028,1705
E02003487,Milton Keynes 029,756
E02003488,Milton Keynes 030,432
E02003489,Milton Keynes 031,681
E02003490,Milton Keynes 032,537
E02003491,Brighton and Hove 001,330
E02003492,Brighton and Hove 002,104
E02003493,Brighton and Hove 003,1294
E02003494,Brighton and Hove 004,681
E02003495,Brighton and Hove 005,507
E02003496,Brighton and Hove 006,514
E02003497,Brighton and Hove 007,1307
E02003498,Brighton and Hove 008,98
E02003499,Brighton and Hove 009,141
E02003500,Brighton and Hove 010,136
E02003501,Brighton and Hove 011,799
E02003502,Brighton and Hove 012,189
E02003503,Brighton and Hove 013,445
E02003504,Brighton and Hove 014,78
E02003505,Brighton and Hove 015,41
E02003506,Brighton and Hove 016,57
E02003507,Brighton and Hove 017,1525
E02003508,Brighton and Hove 018,69
E02003509,Brighton and Hove 019,115
E02003510,Brighton and Hove 020,113
E02003511,Brighton and Hove 021,266
E02003512,Brighton and Hove 022,25
E02003513,Brighton and Hove 023,323
E02003514,Brighton and Hove 024,40
E02003515,Brighton and Hove 025,170
E02003516,Brighton and Hove 026,34
E02003517,Brighton and Hove 027,48
E02003518,Brighton and Hove 028,142
E02003519,Brighton and Hove 029,33
E02003520,Brighton and Hove 030,47
E02003521,Brighton and Hove 031,34
E02003522,Brighton and Hove 032,143
E02003523,Brighton and Hove 033,2695
E02003524,Portsmouth 001,77
E02003525,Portsmouth 002,63
E02003526,Portsmouth 003,981
E02003527,Portsmouth 004,122
E02003529,Portsmouth 006,110
E02003530,Portsmouth 007,92
E02003531,Portsmouth 008,283
E02003532,Portsmouth 009,58
E02003533,Portsmouth 010,50
E02003534,Portsmouth 011,79
E02003535,Portsmouth 012,82
E02003536,Portsmouth 013,66
E02003537,Portsmouth 014,81
E02003538,Portsmouth 015,114
E02003540,Portsmouth 017,201
E02003541,Portsmouth 018,51
E02003542,Portsmouth 019,60
E02003543,Portsmouth 020,98
E02003544,Portsmouth 021,45
E02003545,Portsmouth 022,141
E02003546,Portsmouth 023,190
E02003547,Portsmouth 024,94
E02003548,Portsmouth 025,125
E02003549,Southampton 001,1120
E02003550,Southampton 002,394
E02003551,Southampton 003,230
E02003552,Southampton 004,67
E02003553,Southampton 005,152
E02003554,Southampton 006,677
E02003555,Southampton 007,254
E02003556,Southampton 008,782
E02003557,Southampton 009,519
E02003558,Southampton 010,256
E02003559,Southampton 011,835
E02003560,Southampton 012,127
E02003561,Southampton 013,212
E02003562,Southampton 014,879
E02003563,Southampton 015,198
E02003564,Southampton 016,784
E02003565,Southampton 017,199
E02003566,Southampton 018,482
E02003567,Southampton 019,169
E02003568,Southampton 020,300
E02003569,Southampton 021,197
E02003570,Southampton 022,188
E02003571,Southampton 023,97
E02003572,Southampton 024,945
E02003573,Southampton 025,735
E02003574,Southampton 026,718
E02003575,Southampton 027,256
E02003576,Southampton 028,248
E02003578,Southampton 030,528
E02003579,Southampton 031,571
E02003580,Southampton 032,107
E02003581,Isle of Wight 001,416
E02003582,Isle of Wight 002,1761
E02003583,Isle of Wight 003,893
E02003584,Isle of Wight 004,384
E02003585,Isle of Wight 005,1739
E02003586,Isle of Wight 006,1086
E02003587,Isle of Wight 007,797
E02003588,Isle of Wight 008,883
E02003589,Isle of Wight 009,343
E02003590,Isle of Wight 010,2042
E02003591,Isle of Wight 011,1324
E02003592,Isle of Wight 012,1936
E02003593,Isle of Wight 013,1529
E02003594,Isle of Wight 014,1174
E02003595,Isle of Wight 015,2177
E02003596,Isle of Wight 016,1065
E02003597,Isle of Wight 017,1343
E02003598,Isle of Wight 018,1130
E02003599,Central Bedfordshire 001,584
E02003600,Central Bedfordshire 002,660
E02003601,Central Bedfordshire 003,1299
E02003602,Central Bedfordshire 004,1373
E02003603,Central Bedfordshire 005,1008
E02003604,Central Bedfordshire 006,1190
E02003605,Central Bedfordshire 007,1652
E02003606,Central Bedfordshire 008,1883
E02003607,Central Bedfordshire 009,1505
E02003608,Central Bedfordshire 010,1444
E02003609,Central Bedfordshire 011,1583
E02003610,Central Bedfordshire 012,1430
E02003611,Central Bedfordshire 013,1548
E02003612,Central Bedfordshire 014,1572
E02003613,Central Bedfordshire 015,818
E02003614,Central Bedfordshire 016,1082
E02003615,Central Bedfordshire 017,1902
E02003616,Bedford 001,1354
E02003617,Bedford 002,1856
E02003618,Bedford 003,1168
E02003619,Bedford 004,2303
E02003620,Bedford 005,1438
E02003621,Bedford 006,1316
E02003622,Bedford 007,552
E02003623,Bedford 008,2398
E02003624,Bedford 009,587
E02003625,Bedford 010,375
E02003626,Bedford 011,607
E02003627,Bedford 012,268
E02003628,Bedford 013,418
E02003629,Bedford 014,423
E02003630,Bedford 015,293
E02003631,Bedford 016,669
E02003632,Bedford 017,439
E02003633,Bedford 018,735
E02003635,Bedford 020,1554
E02003636,Central Bedfordshire 018,983
E02003637,Central Bedfordshire 019,1730
E02003638,Central Bedfordshire 020,1149
E02003639,Central Bedfordshire 021,560
E02003640,Central Bedfordshire 022,722
E02003641,Central Bedfordshire 023,833
E02003642,Central Bedfordshire 025,209
E02003643,Central Bedfordshire 024,1157
E02003644,Central Bedfordshire 026,775
E02003645,Central Bedfordshire 027,190
E02003646,Central Bedfordshire 028,584
E02003647,Central Bedfordshire 029,525
E02003648,Central Bedfordshire 030,216
E02003649,Central Bedfordshire 031,705
E02003650,Central Bedfordshire 032,1534
E02003651,Central Bedfordshire 033,950
E02003652,Buckinghamshire 001,1752
E02003653,Buckinghamshire 002,905
E02003654,Buckinghamshire 003,1241
E02003655,Buckinghamshire 004,2042
E02003656,Buckinghamshire 005,1160
E02003657,Buckinghamshire 006,1591
E02003658,Buckinghamshire 007,1560
E02003659,Buckinghamshire 009,1516
E02003660,Buckinghamshire 008,2046
E02003661,Buckinghamshire 010,986
E02003662,Buckinghamshire 012,461
E02003663,Buckinghamshire 011,971
E02003664,Buckinghamshire 013,94
E02003665,Buckinghamshire 014,304
E02003666,Buckinghamshire 015,233
E02003667,Buckinghamshire 016,696
E02003668,Buckinghamshire 018,1027
E02003669,Buckinghamshire 017,94
E02003670,Buckinghamshire 019,859
E02003671,Buckinghamshire 020,139
E02003672,Buckinghamshire 021,2509
E02003673,Buckinghamshire 022,1899
E02003674,Buckinghamshire 023,1248
E02003675,Buckinghamshire 024,1061
E02003676,Buckinghamshire 029,1828
E02003677,Buckinghamshire 027,785
E02003678,Buckinghamshire 028,630
E02003679,Buckinghamshire 030,281
E02003680,Buckinghamshire 031,2060
E02003681,Buckinghamshire 032,1673
E02003682,Buckinghamshire 034,935
E02003683,Buckinghamshire 035,1252
E02003685,Buckinghamshire 047,1955
E02003686,Buckinghamshire 050,1903
E02003687,Buckinghamshire 054,1038
E02003688,Buckinghamshire 053,2222
E02003689,Buckinghamshire 058,2124
E02003690,Buckinghamshire 059,967
E02003691,Buckinghamshire 063,1414
E02003692,Buckinghamshire 064,1311
E02003693,Buckinghamshire 065,1317
E02003694,Buckinghamshire 066,643
E02003695,Buckinghamshire 067,1141
E02003696,Buckinghamshire 026,1190
E02003697,Buckinghamshire 025,1546
E02003698,Buckinghamshire 033,1987
E02003699,Buckinghamshire 037,879
E02003701,Buckinghamshire 038,946
E02003702,Buckinghamshire 040,1664
E02003703,Buckinghamshire 041,963
E02003704,Buckinghamshire 045,980
E02003705,Buckinghamshire 042,154
E02003706,Buckinghamshire 043,424
E02003707,Buckinghamshire 044,392
E02003708,Buckinghamshire 046,225
E02003709,Buckinghamshire 048,123
E02003710,Buckinghamshire 049,1229
E02003711,Buckinghamshire 051,486
E02003712,Buckinghamshire 052,829
E02003713,Buckinghamshire 055,1213
E02003714,Buckinghamshire 056,703
E02003715,Buckinghamshire 057,1849
E02003716,Buckinghamshire 060,792
E02003717,Buckinghamshire 062,1306
E02003718,Buckinghamshire 061,460
E02003719,Cambridge 001,269
E02003720,Cambridge 002,489
E02003721,Cambridge 003,330
E02003722,Cambridge 004,392
E02003723,Cambridge 005,409
E02003724,Cambridge 006,188
E02003725,Cambridge 007,533
E02003726,Cambridge 008,127
E02003727,Cambridge 009,181
E02003728,Cambridge 010,331
E02003729,Cambridge 011,503
E02003731,Cambridge 013,1071
E02003732,East Cambridgeshire 001,1371
E02003733,East Cambridgeshire 002,1832
E02003734,East Cambridgeshire 003,1775
E02003735,East Cambridgeshire 004,1302
E02003736,East Cambridgeshire 005,2135
E02003737,East Cambridgeshire 006,1838
E02003738,East Cambridgeshire 007,1339
E02003739,East Cambridgeshire 008,1392
E02003740,East Cambridgeshire 009,1142
E02003742,Fenland 001,1932
E02003743,Fenland 002,1135
E02003744,Fenland 003,2235
E02003745,Fenland 004,2682
E02003746,Fenland 005,1611
E02003747,Fenland 006,2470
E02003748,Fenland 007,1142
E02003749,Fenland 008,1518
E02003750,Fenland 009,1695
E02003751,Fenland 010,1920
E02003752,Fenland 011,1814
E02003753,Huntingdonshire 001,1936
E02003754,Huntingdonshire 002,1376
E02003755,Huntingdonshire 003,1519
E02003756,Huntingdonshire 004,1582
E02003757,Huntingdonshire 005,1510
E02003758,Huntingdonshire 006,1853
E02003759,Huntingdonshire 007,1462
E02003760,Huntingdonshire 008,356
E02003761,Huntingdonshire 009,1313
E02003762,Huntingdonshire 010,2213
E02003763,Huntingdonshire 011,1430
E02003764,Huntingdonshire 012,1366
E02003765,Huntingdonshire 013,788
E02003766,Huntingdonshire 014,1181
E02003767,Huntingdonshire 015,1768
E02003768,Huntingdonshire 016,2197
E02003769,Huntingdonshire 017,1532
E02003770,Huntingdonshire 018,1674
E02003771,Huntingdonshire 019,617
E02003772,Huntingdonshire 020,1418
E02003773,Huntingdonshire 021,863
E02003774,Huntingdonshire 022,590
E02003775,South Cambridgeshire 001,1647
E02003776,South Cambridgeshire 002,1285
E02003777,South Cambridgeshire 003,1744
E02003778,South Cambridgeshire 004,967
E02003780,South Cambridgeshire 006,1356
E02003781,South Cambridgeshire 007,1087
E02003784,South Cambridgeshire 010,1706
E02003785,South Cambridgeshire 011,1450
E02003786,South Cambridgeshire 012,1076
E02003787,South Cambridgeshire 013,1424
E02003788,South Cambridgeshire 014,1721
E02003789,South Cambridgeshire 015,690
E02003790,South Cambridgeshire 016,1709
E02003791,South Cambridgeshire 017,1528
E02003792,South Cambridgeshire 018,1805
E02003793,South Cambridgeshire 019,1338
E02004356,Eastbourne 001,558
E02004357,Eastbourne 002,324
E02004358,Eastbourne 003,907
E02004359,Eastbourne 004,1066
E02004361,Eastbourne 006,1468
E02004362,Eastbourne 007,129
E02004363,Eastbourne 008,728
E02004364,Eastbourne 009,400
E02004365,Eastbourne 010,81
E02004366,Eastbourne 011,74
E02004367,Eastbourne 012,751
E02004368,Hastings 001,1525
E02004369,Hastings 002,2332
E02004370,Hastings 003,364
E02004371,Hastings 004,481
E02004372,Hastings 005,189
E02004373,Hastings 006,610
E02004374,Hastings 007,314
E02004375,Hastings 008,583
E02004376,Hastings 009,108
E02004377,Hastings 010,1138
E02004378,Hastings 011,88
E02004379,Lewes 001,1527
E02004380,Lewes 002,2012
E02004381,Lewes 003,348
E02004382,Lewes 004,753
E02004383,Lewes 005,554
E02004384,Lewes 006,1481
E02004385,Lewes 007,1453
E02004386,Lewes 008,688
E02004387,Lewes 009,371
E02004388,Lewes 010,1053
E02004389,Lewes 011,2586
E02004390,Lewes 012,1858
E02004391,Lewes 013,609
E02004392,Rother 001,1642
E02004393,Rother 002,1617
E02004394,Rother 003,1701
E02004395,Rother 004,937
E02004396,Rother 005,2590
E02004397,Rother 006,1559
E02004398,Rother 007,558
E02004399,Rother 008,1486
E02004400,Rother 009,3568
E02004401,Rother 010,1681
E02004402,Rother 011,380
E02004403,Wealden 001,1210
E02004404,Wealden 002,1355
E02004405,Wealden 003,1309
E02004406,Wealden 004,1905
E02004407,Wealden 005,1660
E02004408,Wealden 006,1007
E02004409,Wealden 007,1372
E02004410,Wealden 008,2004
E02004411,Wealden 009,1061
E02004412,Wealden 010,1444
E02004413,Wealden 011,1571
E02004414,Wealden 012,1015
E02004415,Wealden 013,1492
E02004416,Wealden 014,1573
E02004417,Wealden 015,1007
E02004418,Wealden 016,911
E02004419,Wealden 017,594
E02004420,Wealden 018,2638
E02004421,Wealden 019,930
E02004422,Wealden 020,2237
E02004423,Wealden 021,1543
E02004424,Basildon 001,1359
E02004425,Basildon 002,820
E02004426,Basildon 003,1162
E02004427,Basildon 004,1281
E02004428,Basildon 005,753
E02004429,Basildon 006,1177
E02004430,Basildon 007,1103
E02004431,Basildon 008,1074
E02004432,Basildon 009,1169
E02004433,Basildon 010,914
E02004434,Basildon 011,726
E02004435,Basildon 012,153
E02004436,Basildon 013,136
E02004437,Basildon 014,861
E02004438,Basildon 015,117
E02004439,Basildon 016,254
E02004440,Basildon 017,110
E02004441,Basildon 018,393
E02004442,Basildon 019,243
E02004443,Basildon 020,619
E02004444,Basildon 021,1799
E02004445,Basildon 022,437
E02004446,Braintree 001,1500
E02004447,Braintree 002,1550
E02004448,Braintree 003,1215
E02004449,Braintree 004,454
E02004450,Braintree 005,1279
E02004451,Braintree 006,1465
E02004452,Braintree 007,1535
E02004453,Braintree 008,315
E02004454,Braintree 009,621
E02004455,Braintree 010,1369
E02004456,Braintree 011,571
E02004457,Braintree 012,1028
E02004458,Braintree 013,1674
E02004459,Braintree 014,1604
E02004460,Braintree 015,642
E02004461,Braintree 016,135
E02004462,Braintree 017,816
E02004463,Braintree 018,1287
E02004464,Brentwood 001,2013
E02004465,Brentwood 002,953
E02004466,Brentwood 003,565
E02004467,Brentwood 004,418
E02004468,Brentwood 005,2648
E02004469,Brentwood 006,912
E02004470,Brentwood 007,603
E02004471,Brentwood 008,839
E02004472,Brentwood 009,864
E02004473,Castle Point 001,618
E02004474,Castle Point 002,1143
E02004475,Castle Point 003,1092
E02004476,Castle Point 004,1666
E02004477,Castle Point 005,1114
E02004478,Castle Point 006,776
E02004479,Castle Point 007,1131
E02004480,Castle Point 008,1450
E02004481,Castle Point 009,1686
E02004482,Castle Point 010,642
E02004483,Castle Point 011,1906
E02004484,Castle Point 012,2356
E02004485,Chelmsford 001,1628
E02004486,Chelmsford 002,1089
E02004487,Chelmsford 003,881
E02004488,Chelmsford 004,1037
E02004489,Chelmsford 005,1631
E02004490,Chelmsford 006,250
E02004491,Chelmsford 007,1049
E02004492,Chelmsford 008,964
E02004493,Chelmsford 009,761
E02004495,Chelmsford 011,962
E02004496,Chelmsford 012,611
E02004497,Chelmsford 013,1350
E02004498,Chelmsford 014,717
E02004499,Chelmsford 015,153
E02004500,Chelmsford 016,2345
E02004501,Chelmsford 017,907
E02004502,Chelmsford 018,1461
E02004503,Chelmsford 019,1263
E02004504,Chelmsford 020,1820
E02004505,Chelmsford 021,1127
E02004506,Colchester 001,1750
E02004507,Colchester 002,1176
E02004508,Colchester 003,1396
E02004512,Colchester 007,505
E02004513,Colchester 008,237
E02004514,Colchester 009,1173
E02004515,Colchester 010,1967
E02004516,Colchester 011,368
E02004517,Colchester 012,1667
E02004518,Colchester 013,630
E02004519,Colchester 014,1331
E02004520,Colchester 015,489
E02004521,Colchester 016,710
E02004522,Colchester 017,1183
E02004523,Colchester 018,586
E02004524,Colchester 019,1986
E02004525,Colchester 020,1297
E02004526,Colchester 021,2179
E02004527,Epping Forest 001,981
E02004528,Epping Forest 002,1609
E02004529,Epping Forest 003,1505
E02004530,Epping Forest 004,691
E02004531,Epping Forest 005,611
E02004532,Epping Forest 006,575
E02004533,Epping Forest 007,215
E02004534,Epping Forest 008,419
E02004535,Epping Forest 009,551
E02004536,Epping Forest 010,685
E02004537,Epping Forest 011,91
E02004538,Epping Forest 012,1167
E02004539,Epping Forest 013,282
E02004540,Epping Forest 014,749
E02004541,Epping Forest 015,736
E02004542,Epping Forest 016,1071
E02004543,Epping Forest 017,672
E02004544,Harlow 001,929
E02004545,Harlow 002,118
E02004546,Harlow 003,147
E02004547,Harlow 004,234
E02004548,Harlow 005,1022
E02004549,Harlow 006,230
E02004550,Harlow 007,156
E02004551,Harlow 008,142
E02004552,Harlow 009,352
E02004553,Harlow 010,288
E02004554,Harlow 011,247
E02004555,Maldon 001,1286
E02004556,Maldon 002,2068
E02004557,Maldon 003,1248
E02004558,Maldon 004,618
E02004559,Maldon 005,1225
E02004560,Maldon 006,1831
E02004561,Maldon 007,2655
E02004562,Maldon 008,1612
E02004563,Rochford 001,978
E02004564,Rochford 002,1456
E02004566,Rochford 004,451
E02004567,Rochford 005,1339
E02004568,Rochford 006,1114
E02004569,Rochford 007,892
E02004570,Rochford 008,1057
E02004571,Rochford 009,1147
E02004572,Rochford 010,954
E02004573,Tendring 001,287
E02004574,Tendring 002,571
E02004575,Tendring 003,2112
E02004576,Tendring 004,1909
E02004577,Tendring 005,1378
E02004578,Tendring 006,1206
E02004579,Tendring 007,1845
E02004580,Tendring 008,3288
E02004581,Tendring 009,1820
E02004582,Tendring 010,1212
E02004583,Tendring 011,1451
E02004584,Tendring 012,2054
E02004585,Tendring 013,1773
E02004586,Tendring 014,1373
E02004587,Tendring 015,917
E02004588,Tendring 016,277
E02004589,Tendring 017,1005
E02004590,Tendring 018,2521
E02004591,Uttlesford 001,1425
E02004592,Uttlesford 002,1220
E02004593,Uttlesford 003,1833
E02004594,Uttlesford 004,1655
E02004595,Uttlesford 005,2476
E02004596,Uttlesford 006,1742
E02004597,Uttlesford 007,1413
E02004598,Uttlesford 008,2116
E02004599,Uttlesford 009,1627
E02004675,Basingstoke and Deane 001,848
E02004676,Basingstoke and Deane 002,1729
E02004677,Basingstoke and Deane 003,1726
E02004678,Basingstoke and Deane 004,1317
E02004679,Basingstoke and Deane 005,2066
E02004680,Basingstoke and Deane 006,1305
E02004681,Basingstoke and Deane 007,513
E02004682,Basingstoke and Deane 008,1217
E02004683,Basingstoke and Deane 009,150
E02004684,Basingstoke and Deane 010,671
E02004685,Basingstoke and Deane 011,352
E02004686,Basingstoke and Deane 012,268
E02004687,Basingstoke and Deane 013,513
E02004688,Basingstoke and Deane 014,296
E02004689,Basingstoke and Deane 015,1340
E02004690,Basingstoke and Deane 016,480
E02004691,Basingstoke and Deane 017,1863
E02004692,Basingstoke and Deane 018,2065
E02004693,Basingstoke and Deane 019,377
E02004694,Basingstoke and Deane 020,1106
E02004695,Basingstoke and Deane 021,1837
E02004696,Basingstoke and Deane 022,1151
E02004697,East Hampshire 001,1384
E02004698,East Hampshire 002,341
E02004699,East Hampshire 003,1369
E02004700,East Hampshire 004,448
E02004702,East Hampshire 006,911
E02004703,East Hampshire 007,3309
E02004704,East Hampshire 008,1157
E02004705,East Hampshire 009,1634
E02004706,East Hampshire 010,1352
E02004707,East Hampshire 011,2222
E02004708,East Hampshire 012,803
E02004709,East Hampshire 013,1980
E02004710,East Hampshire 014,1473
E02004712,Eastleigh 001,2523
E02004713,Eastleigh 002,1202
E02004714,Eastleigh 003,1598
E02004715,Eastleigh 004,383
E02004716,Eastleigh 005,924
E02004717,Eastleigh 006,451
E02004718,Eastleigh 007,87
E02004719,Eastleigh 008,2448
E02004720,Eastleigh 009,2085
E02004721,Eastleigh 010,2001
E02004722,Eastleigh 011,717
E02004723,Eastleigh 012,1952
E02004724,Eastleigh 013,1320
E02004725,Eastleigh 014,409
E02004726,Eastleigh 015,876
E02004727,Fareham 001,2110
E02004728,Fareham 002,1575
E02004729,Fareham 003,510
E02004730,Fareham 004,1781
E02004731,Fareham 005,1862
E02004732,Fareham 006,1849
E02004733,Fareham 007,1351
E02004734,Fareham 008,1071
E02004735,Fareham 009,1240
E02004736,Fareham 010,796
E02004737,Fareham 011,158
E02004738,Fareham 012,428
E02004739,Fareham 013,1239
E02004740,Fareham 014,1526
E02004741,Gosport 001,454
E02004742,Gosport 002,282
E02004743,Gosport 003,228
E02004744,Gosport 004,105
E02004745,Gosport 005,245
E02004746,Gosport 006,1734
E02004747,Gosport 007,116
E02004748,Gosport 008,149
E02004749,Gosport 009,978
E02004750,Gosport 010,535
E02004751,Hart 001,1193
E02004752,Hart 002,1275
E02004753,Hart 003,1377
E02004754,Hart 004,1355
E02004755,Hart 005,1783
E02004756,Hart 006,1936
E02004757,Hart 007,2242
E02004758,Hart 008,1806
E02004759,Hart 009,1366
E02004760,Hart 010,1723
E02004761,Hart 011,925
E02004764,Havant 003,1430
E02004765,Havant 004,1190
E02004766,Havant 005,451
E02004767,Havant 006,49
E02004768,Havant 007,470
E02004769,Havant 008,61
E02004770,Havant 009,52
E02004771,Havant 010,141
E02004772,Havant 011,1095
E02004774,Havant 013,1853
E02004775,Havant 014,1669
E02004776,Havant 015,1507
E02004777,Havant 016,1050
E02004778,Havant 017,1499
E02004779,New Forest 001,2529
E02004780,New Forest 002,560
E02004781,New Forest 003,1423
E02004782,New Forest 004,904
E02004783,New Forest 005,1003
E02004784,New Forest 006,1693
E02004785,New Forest 007,1386
E02004786,New Forest 008,1224
E02004787,New Forest 009,1734
E02004788,New Forest 010,1781
E02004789,New Forest 011,1392
E02004790,New Forest 012,947
E02004791,New Forest 013,616
E02004792,New Forest 014,2089
E02004793,New Forest 015,2017
E02004794,New Forest 016,1888
E02004795,New Forest 017,1672
E02004796,New Forest 018,2713
E02004797,New Forest 019,1088
E02004798,New Forest 020,730
E02004799,New Forest 021,1343
E02004800,New Forest 022,2404
E02004801,New Forest 023,2081
E02004802,Rushmoor 001,330
E02004803,Rushmoor 002,105
E02004804,Rushmoor 003,431
E02004805,Rushmoor 004,1355
E02004806,Rushmoor 005,1168
E02004807,Rushmoor 006,549
E02004808,Rushmoor 007,799
E02004809,Rushmoor 008,277
E02004810,Rushmoor 009,205
E02004811,Rushmoor 010,553
E02004812,Rushmoor 011,634
E02004813,Rushmoor 012,82
E02004814,Test Valley 001,1360
E02004815,Test Valley 002,189
E02004817,Test Valley 004,554
E02004818,Test Valley 005,1502
E02004819,Test Valley 006,1165
E02004820,Test Valley 007,1282
E02004821,Test Valley 008,1229
E02004822,Test Valley 009,1716
E02004823,Test Valley 010,1256
E02004824,Test Valley 011,428
E02004825,Test Valley 012,2116
E02004826,Test Valley 013,2106
E02004827,Test Valley 014,1841
E02004828,Test Valley 015,1675
E02004829,Winchester 001,1135
E02004830,Winchester 002,1260
E02004831,Winchester 003,1665
E02004832,Winchester 004,1538
E02004833,Winchester 005,938
E02004834,Winchester 006,273
E02004835,Winchester 007,465
E02004836,Winchester 008,244
E02004837,Winchester 009,1711
E02004838,Winchester 010,1958
E02004839,Winchester 011,2100
E02004840,Winchester 012,1720
E02004841,Winchester 013,1839
E02004842,Winchester 014,1869
E02004843,Broxbourne 001,485
E02004844,Broxbourne 002,195
E02004845,Broxbourne 003,523
E02004846,Broxbourne 004,1069
E02004847,Broxbourne 005,456
E02004848,Broxbourne 006,548
E02004849,Broxbourne 007,1304
E02004850,Broxbourne 008,275
E02004851,Broxbourne 009,255
E02004852,Broxbourne 010,243
E02004853,Broxbourne 011,341
E02004854,Broxbourne 012,225
E02004855,Broxbourne 013,183
E02004856,Dacorum 001,548
E02004857,Dacorum 002,578
E02004858,Dacorum 003,383
E02004859,Dacorum 004,1006
E02004860,Dacorum 005,354
E02004861,Dacorum 006,1069
E02004862,Dacorum 007,235
E02004863,Dacorum 008,162
E02004864,Dacorum 009,920
E02004865,Dacorum 010,286
E02004866,Dacorum 011,360
E02004867,Dacorum 012,926
E02004868,Dacorum 013,437
E02004869,Dacorum 014,584
E02004870,Dacorum 015,369
E02004871,Dacorum 016,201
E02004872,Dacorum 017,923
E02004873,Dacorum 018,1099
E02004874,Dacorum 019,432
E02004875,Dacorum 020,376
E02004876,Dacorum 021,1469
E02004877,Dacorum 022,801
E02004878,East Hertfordshire 001,1204
E02004880,East Hertfordshire 003,2116
E02004881,East Hertfordshire 004,856
E02004882,East Hertfordshire 005,860
E02004883,East Hertfordshire 006,738
E02004884,East Hertfordshire 007,878
E02004885,East Hertfordshire 008,1500
E02004886,East Hertfordshire 009,992
E02004887,East Hertfordshire 010,1134
E02004888,East Hertfordshire 011,1222
E02004889,East Hertfordshire 012,389
E02004890,East Hertfordshire 013,764
E02004891,East Hertfordshire 014,650
E02004892,East Hertfordshire 015,274
E02004893,East Hertfordshire 016,437
E02004894,East Hertfordshire 017,542
E02004895,East Hertfordshire 018,1053
E02004896,Hertsmere 001,1028
E02004897,Hertsmere 002,230
E02004898,Hertsmere 003,299
E02004899,Hertsmere 004,656
E02004900,Hertsmere 005,1662
E02004901,Hertsmere 006,149
E02004902,Hertsmere 007,263
E02004903,Hertsmere 008,423
E02004904,Hertsmere 009,131
E02004905,Hertsmere 010,843
E02004906,Hertsmere 011,197
E02004907,Hertsmere 012,697
E02004908,Hertsmere 013,1405
E02004909,North Hertfordshire 001,496
E02004910,North Hertfordshire 002,1533
E02004911,North Hertfordshire 003,199
E02004912,North Hertfordshire 004,806
E02004914,North Hertfordshire 006,523
E02004915,North Hertfordshire 007,208
E02004916,North Hertfordshire 008,1204
E02004917,North Hertfordshire 009,748
E02004918,North Hertfordshire 010,347
E02004919,North Hertfordshire 011,392
E02004920,North Hertfordshire 012,1237
E02004921,North Hertfordshire 013,776
E02004922,North Hertfordshire 014,1525
E02004923,North Hertfordshire 015,1567
E02004924,St Albans 001,1195
E02004925,St Albans 002,829
E02004926,St Albans 003,1121
E02004927,St Albans 004,997
E02004928,St Albans 005,1415
E02004929,St Albans 006,938
E02004930,St Albans 007,839
E02004931,St Albans 008,322
E02004932,St Albans 009,326
E02004933,St Albans 010,1036
E02004934,St Albans 011,450
E02004935,St Albans 012,249
E02004936,St Albans 013,304
E02004937,St Albans 014,1244
E02004939,St Albans 016,481
E02004940,St Albans 017,145
E02004941,St Albans 018,488
E02004942,St Albans 019,786
E02004943,St Albans 020,1517
E02004944,Stevenage 001,149
E02004945,Stevenage 002,1183
E02004946,Stevenage 003,245
E02004948,Stevenage 005,266
E02004949,Stevenage 006,132
E02004950,Stevenage 007,209
E02004951,Stevenage 008,103
E02004952,Stevenage 009,420
E02004953,Stevenage 010,76
E02004954,Stevenage 011,298
E02004955,Stevenage 012,392
E02004956,Three Rivers 001,988
E02004957,Three Rivers 002,784
E02004958,Three Rivers 003,915
E02004959,Three Rivers 004,1354
E02004960,Three Rivers 005,1127
E02004961,Three Rivers 006,570
E02004962,Three Rivers 007,889
E02004963,Three Rivers 008,337
E02004964,Three Rivers 009,310
E02004965,Three Rivers 010,474
E02004966,Three Rivers 011,1769
E02004967,Three Rivers 012,67
E02004968,Watford 001,214
E02004969,Watford 002,387
E02004970,Watford 003,113
E02004971,Watford 004,136
E02004972,Watford 005,75
E02004973,Watford 006,118
E02004974,Watford 007,981
E02004975,Watford 008,1144
E02004976,Watford 009,154
E02004977,Watford 010,156
E02004978,Watford 011,116
E02004979,Watford 012,558
E02004980,Welwyn Hatfield 001,1536
E02004981,Welwyn Hatfield 002,939
E02004982,Welwyn Hatfield 003,546
E02004983,Welwyn Hatfield 004,138
E02004984,Welwyn Hatfield 005,656
E02004985,Welwyn Hatfield 006,484
E02004986,Welwyn Hatfield 007,124
E02004987,Welwyn Hatfield 008,288
E02004988,Welwyn Hatfield 009,108
E02004989,Welwyn Hatfield 010,384
E02004990,Welwyn Hatfield 011,551
E02004991,Welwyn Hatfield 012,197
E02004992,Welwyn Hatfield 013,275
E02004994,Welwyn Hatfield 015,1155
E02004995,Welwyn Hatfield 016,1488
E02004996,Ashford 001,1409
E02004997,Ashford 002,1669
E02004998,Ashford 003,1052
E02005000,Ashford 005,332
E02005001,Ashford 006,1073
E02005002,Ashford 007,519
E02005003,Ashford 008,382
E02005004,Ashford 009,1568
E02005005,Ashford 010,2196
E02005006,Ashford 011,1244
E02005007,Ashford 012,1778
E02005008,Ashford 013,1736
E02005009,Ashford 014,1114
E02005010,Canterbury 001,551
E02005011,Canterbury 002,2035
E02005012,Canterbury 003,1469
E02005013,Canterbury 004,1458
E02005014,Canterbury 005,2108
E02005015,Canterbury 006,1659
E02005016,Canterbury 007,1072
E02005017,Canterbury 008,655
E02005018,Canterbury 009,1751
E02005019,Canterbury 010,981
E02005020,Canterbury 011,585
E02005021,Canterbury 012,1172
E02005022,Canterbury 013,678
E02005023,Canterbury 014,229
E02005025,Canterbury 016,951
E02005026,Canterbury 017,1198
E02005027,Canterbury 018,1074
E02005028,Dartford 001,191
E02005029,Dartford 002,744
E02005030,Dartford 003,326
E02005031,Dartford 004,175
E02005032,Dartford 005,194
E02005033,Dartford 006,179
E02005034,Dartford 007,401
E02005035,Dartford 008,464
E02005036,Dartford 009,89
E02005037,Dartford 010,808
E02005038,Dartford 011,674
E02005039,Dartford 012,303
E02005040,Dartford 013,1477
E02005041,Dover 001,1299
E02005042,Dover 002,1124
E02005043,Dover 003,626
E02005044,Dover 004,232
E02005045,Dover 005,712
E02005046,Dover 006,652
E02005047,Dover 007,656
E02005048,Dover 008,1441
E02005049,Dover 009,1810
E02005050,Dover 010,1467
E02005051,Dover 011,195
E02005052,Dover 012,294
E02005053,Dover 013,161
E02005054,Dover 014,1159
E02005055,Gravesham 001,174
E02005056,Gravesham 002,196
E02005057,Gravesham 003,534
E02005058,Gravesham 004,275
E02005059,Gravesham 005,549
E02005060,Gravesham 006,391
E02005061,Gravesham 007,221
E02005062,Gravesham 008,107
E02005063,Gravesham 009,600
E02005064,Gravesham 010,1171
E02005065,Gravesham 011,211
E02005066,Gravesham 012,1248
E02005067,Gravesham 013,1165
E02005068,Maidstone 001,1437
E02005069,Maidstone 002,850
E02005070,Maidstone 003,1267
E02005071,Maidstone 004,185
E02005072,Maidstone 005,1457
E02005073,Maidstone 006,395
E02005074,Maidstone 007,1177
E02005075,Maidstone 008,625
E02005076,Maidstone 009,386
E02005077,Maidstone 010,400
E02005078,Maidstone 011,1626
E02005079,Maidstone 012,1191
E02005080,Maidstone 013,282
E02005081,Maidstone 014,959
E02005082,Maidstone 015,1780
E02005083,Maidstone 016,1035
E02005084,Maidstone 017,1349
E02005085,Maidstone 018,1207
E02005086,Maidstone 019,838
E02005087,Sevenoaks 001,753
E02005088,Sevenoaks 002,310
E02005089,Sevenoaks 003,521
E02005090,Sevenoaks 004,1347
E02005091,Sevenoaks 005,822
E02005093,Sevenoaks 007,1188
E02005094,Sevenoaks 008,1312
E02005095,Sevenoaks 009,1266
E02005096,Sevenoaks 010,738
E02005097,Sevenoaks 011,2172
E02005098,Sevenoaks 012,1793
E02005099,Sevenoaks 013,1213
E02005100,Sevenoaks 014,1072
E02005101,Sevenoaks 015,1266
E02005102,Folkestone and Hythe 001,1579
E02005103,Folkestone and Hythe 002,1348
E02005104,Folkestone and Hythe 003,310
E02005105,Folkestone and Hythe 004,99
E02005106,Folkestone and Hythe 005,336
E02005107,Folkestone and Hythe 006,1392
E02005109,Folkestone and Hythe 008,1582
E02005110,Folkestone and Hythe 009,1725
E02005111,Folkestone and Hythe 010,592
E02005112,Folkestone and Hythe 011,1349
E02005113,Folkestone and Hythe 012,1638
E02005114,Folkestone and Hythe 013,1032
E02005115,Swale 001,136
E02005116,Swale 002,74
E02005117,Swale 003,1533
E02005118,Swale 004,1236
E02005119,Swale 005,687
E02005120,Swale 006,1435
E02005121,Swale 007,1524
E02005122,Swale 008,1087
E02005123,Swale 009,1192
E02005124,Swale 010,163
E02005125,Swale 011,326
E02005126,Swale 012,487
E02005127,Swale 013,1415
E02005128,Swale 014,642
E02005129,Swale 015,525
E02005130,Swale 016,1144
E02005131,Swale 017,870
E02005132,Thanet 001,164
E02005133,Thanet 002,1910
E02005134,Thanet 003,147
E02005135,Thanet 004,274
E02005136,Thanet 005,621
E02005137,Thanet 006,382
E02005138,Thanet 007,489
E02005139,Thanet 008,1667
E02005140,Thanet 009,1433
E02005141,Thanet 010,1022
E02005142,Thanet 011,921
E02005143,Thanet 012,607
E02005144,Thanet 013,225
E02005145,Thanet 014,1003
E02005146,Thanet 015,248
E02005147,Thanet 016,170
E02005148,Thanet 017,1338
E02005149,Tonbridge and Malling 001,1417
E02005150,Tonbridge and Malling 002,454
E02005151,Tonbridge and Malling 003,1158
E02005153,Tonbridge and Malling 005,706
E02005154,Tonbridge and Malling 006,1983
E02005155,Tonbridge and Malling 007,2288
E02005156,Tonbridge and Malling 008,880
E02005157,Tonbridge and Malling 009,375
E02005158,Tonbridge and Malling 010,1086
E02005159,Tonbridge and Malling 011,1035
E02005160,Tonbridge and Malling 012,684
E02005161,Tonbridge and Malling 013,536
E02005162,Tunbridge Wells 001,1189
E02005163,Tunbridge Wells 002,858
E02005164,Tunbridge Wells 003,650
E02005165,Tunbridge Wells 004,1221
E02005166,Tunbridge Wells 005,312
E02005167,Tunbridge Wells 006,1530
E02005168,Tunbridge Wells 007,730
E02005169,Tunbridge Wells 008,241
E02005170,Tunbridge Wells 009,818
E02005171,Tunbridge Wells 010,303
E02005172,Tunbridge Wells 011,1424
E02005173,Tunbridge Wells 012,1352
E02005174,Tunbridge Wells 013,1125
E02005175,Tunbridge Wells 014,1374
E02005503,Breckland 001,1708
E02005504,Breckland 002,2454
E02005505,Breckland 003,1377
E02005506,Breckland 004,1773
E02005507,Breckland 005,1641
E02005508,Breckland 006,1846
E02005509,Breckland 007,1772
E02005510,Breckland 008,2026
E02005511,Breckland 009,1993
E02005512,Breckland 010,2049
E02005513,Breckland 011,2024
E02005514,Breckland 012,1748
E02005515,Breckland 013,1590
E02005516,Breckland 014,1665
E02005517,Breckland 015,355
E02005518,Breckland 016,1421
E02005519,Breckland 017,785
E02005520,Broadland 001,1706
E02005521,Broadland 002,1843
E02005522,Broadland 003,1171
E02005523,Broadland 004,1845
E02005524,Broadland 005,1244
E02005525,Broadland 006,2681
E02005526,Broadland 007,1248
E02005527,Broadland 008,2292
E02005528,Broadland 009,1578
E02005529,Broadland 010,658
E02005530,Broadland 011,859
E02005531,Broadland 012,669
E02005532,Broadland 013,1193
E02005533,Broadland 014,2202
E02005534,Broadland 015,849
E02005535,Broadland 016,1531
E02005536,Broadland 017,1604
E02005537,Broadland 018,1265
E02005538,Great Yarmouth 001,2739
E02005539,Great Yarmouth 002,1906
E02005540,Great Yarmouth 003,1851
E02005541,Great Yarmouth 004,332
E02005542,Great Yarmouth 005,228
E02005543,Great Yarmouth 006,204
E02005544,Great Yarmouth 007,237
E02005545,Great Yarmouth 008,1378
E02005546,Great Yarmouth 009,420
E02005547,Great Yarmouth 010,1172
E02005548,Great Yarmouth 011,453
E02005549,Great Yarmouth 012,1065
E02005550,Great Yarmouth 013,1495
E02005551,King's Lynn and West Norfolk 001,1064
E02005552,King's Lynn and West Norfolk 002,1336
E02005553,King's Lynn and West Norfolk 003,2139
E02005554,King's Lynn and West Norfolk 004,1695
E02005555,King's Lynn and West Norfolk 005,2141
E02005556,King's Lynn and West Norfolk 006,1037
E02005557,King's Lynn and West Norfolk 007,218
E02005558,King's Lynn and West Norfolk 008,1731
E02005559,King's Lynn and West Norfolk 009,418
E02005560,King's Lynn and West Norfolk 010,677
E02005561,King's Lynn and West Norfolk 011,501
E02005562,King's Lynn and West Norfolk 012,1676
E02005563,King's Lynn and West Norfolk 013,2205
E02005564,King's Lynn and West Norfolk 014,2354
E02005565,King's Lynn and West Norfolk 015,1618
E02005566,King's Lynn and West Norfolk 016,2689
E02005567,King's Lynn and West Norfolk 017,2505
E02005568,King's Lynn and West Norfolk 018,1792
E02005569,King's Lynn and West Norfolk 019,2076
E02005570,North Norfolk 001,1482
E02005571,North Norfolk 002,1225
E02005572,North Norfolk 003,1107
E02005573,North Norfolk 004,1473
E02005574,North Norfolk 005,1782
E02005575,North Norfolk 006,1808
E02005576,North Norfolk 007,1629
E02005577,North Norfolk 008,1331
E02005578,North Norfolk 009,874
E02005580,North Norfolk 011,1352
E02005581,North Norfolk 012,1558
E02005582,North Norfolk 013,1378
E02005583,North Norfolk 014,2388
E02005584,Norwich 001,530
E02005585,Norwich 002,183
E02005586,Norwich 003,161
E02005587,Norwich 004,399
E02005588,Norwich 005,1033
E02005589,Norwich 006,543
E02005592,Norwich 009,271
E02005593,Norwich 010,440
E02005594,Norwich 011,402
E02005595,Norwich 012,1974
E02005596,Norwich 013,209
E02005598,South Norfolk 002,2315
E02005599,South Norfolk 003,1590
E02005600,South Norfolk 004,1436
E02005601,South Norfolk 005,1027
E02005602,South Norfolk 006,3239
E02005603,South Norfolk 007,2293
E02005604,South Norfolk 008,2047
E02005605,South Norfolk 009,2482
E02005606,South Norfolk 010,1448
E02005607,South Norfolk 011,2750
E02005608,South Norfolk 012,1761
E02005609,South Norfolk 013,1431
E02005610,South Norfolk 014,2016
E02005611,South Norfolk 015,1894
E02005921,Cherwell 001,1462
E02005922,Cherwell 002,684
E02005923,Cherwell 003,134
E02005924,Cherwell 004,711
E02005925,Cherwell 005,298
E02005926,Cherwell 006,1185
E02005927,Cherwell 007,748
E02005928,Cherwell 008,1898
E02005929,Cherwell 009,1552
E02005930,Cherwell 010,1641
E02005931,Cherwell 011,1705
E02005932,Cherwell 012,1153
E02005933,Cherwell 013,609
E02005934,Cherwell 014,1037
E02005935,Cherwell 015,1010
E02005936,Cherwell 016,2103
E02005937,Cherwell 017,913
E02005938,Cherwell 018,388
E02005939,Cherwell 019,811
E02005940,Oxford 001,734
E02005941,Oxford 002,342
E02005942,Oxford 003,241
E02005943,Oxford 004,365
E02005944,Oxford 005,244
E02005945,Oxford 006,851
E02005946,Oxford 007,437
E02005947,Oxford 008,111
E02005948,Oxford 009,95
E02005949,Oxford 010,185
E02005950,Oxford 011,195
E02005951,Oxford 012,79
E02005953,Oxford 014,93
E02005954,Oxford 015,371
E02005955,Oxford 016,287
E02005956,Oxford 017,136
E02005957,Oxford 018,130
E02005958,South Oxfordshire 001,597
E02005959,South Oxfordshire 002,1163
E02005960,South Oxfordshire 003,1005
E02005961,South Oxfordshire 004,1306
E02005962,South Oxfordshire 005,1722
E02005963,South Oxfordshire 006,1007
E02005964,South Oxfordshire 007,1342
E02005965,South Oxfordshire 008,958
E02005966,South Oxfordshire 009,1006
E02005967,South Oxfordshire 010,686
E02005968,South Oxfordshire 011,1125
E02005969,South Oxfordshire 012,967
E02005970,South Oxfordshire 013,301
E02005971,South Oxfordshire 014,421
E02005972,South Oxfordshire 015,1782
E02005973,South Oxfordshire 016,684
E02005974,South Oxfordshire 017,756
E02005975,South Oxfordshire 018,1909
E02005976,South Oxfordshire 019,1611
E02005977,South Oxfordshire 020,1322
E02005978,Vale of White Horse 001,1660
E02005979,Vale of White Horse 002,1377
E02005980,Vale of White Horse 003,1972
E02005981,Vale of White Horse 004,1610
E02005982,Vale of White Horse 005,715
E02005983,Vale of White Horse 006,566
E02005984,Vale of White Horse 007,2051
E02005985,Vale of White Horse 008,629
E02005986,Vale of White Horse 009,1185
E02005987,Vale of White Horse 010,1796
E02005988,Vale of White Horse 011,1539
E02005991,Vale of White Horse 014,1127
E02005992,Vale of White Horse 015,2335
E02005993,West Oxfordshire 001,687
E02005994,West Oxfordshire 002,1153
E02005995,West Oxfordshire 003,1178
E02005996,West Oxfordshire 004,1442
E02005997,West Oxfordshire 005,1085
E02005998,West Oxfordshire 006,1232
E02005999,West Oxfordshire 007,1310
E02006000,West Oxfordshire 008,1461
E02006001,West Oxfordshire 009,894
E02006002,West Oxfordshire 010,773
E02006003,West Oxfordshire 011,760
E02006004,West Oxfordshire 012,1137
E02006005,West Oxfordshire 013,907
E02006006,West Oxfordshire 014,838
E02006007,West Oxfordshire 015,1322
E02006227,Babergh 001,1315
E02006228,Babergh 002,1136
E02006229,Babergh 003,1080
E02006230,Babergh 004,2040
E02006231,Babergh 005,1824
E02006232,Babergh 006,1310
E02006233,Babergh 007,996
E02006234,Babergh 008,975
E02006235,Babergh 009,1976
E02006236,Babergh 010,2759
E02006237,Babergh 011,1367
E02006238,West Suffolk 002,1900
E02006239,West Suffolk 001,1684
E02006240,West Suffolk 003,2202
E02006241,West Suffolk 004,1267
E02006242,West Suffolk 007,1836
E02006243,West Suffolk 008,985
E02006245,Ipswich 001,464
E02006246,Ipswich 002,611
E02006247,Ipswich 003,325
E02006248,Ipswich 004,685
E02006249,Ipswich 005,1228
E02006250,Ipswich 006,291
E02006251,Ipswich 007,248
E02006252,Ipswich 008,581
E02006253,Ipswich 009,1212
E02006254,Ipswich 010,403
E02006255,Ipswich 011,361
E02006256,Ipswich 012,362
E02006257,Ipswich 013,317
E02006258,Ipswich 014,515
E02006259,Ipswich 015,574
E02006260,Ipswich 016,253
E02006261,Mid Suffolk 001,1943
E02006262,Mid Suffolk 002,2183
E02006263,Mid Suffolk 003,1961
E02006264,Mid Suffolk 004,2167
E02006265,Mid Suffolk 005,1554
E02006266,Mid Suffolk 006,2294
E02006267,Mid Suffolk 007,2140
E02006268,Mid Suffolk 008,665
E02006269,Mid Suffolk 009,1512
E02006270,Mid Suffolk 010,1534
E02006271,Mid Suffolk 011,1402
E02006272,Mid Suffolk 012,1468
E02006273,West Suffolk 005,1614
E02006274,West Suffolk 006,1235
E02006275,West Suffolk 009,207
E02006276,West Suffolk 016,2041
E02006277,West Suffolk 012,1459
E02006278,West Suffolk 011,373
E02006279,West Suffolk 014,1003
E02006280,West Suffolk 010,2188
E02006281,West Suffolk 013,1209
E02006282,West Suffolk 017,1638
E02006283,West Suffolk 018,1333
E02006284,West Suffolk 019,756
E02006285,West Suffolk 021,962
E02006286,West Suffolk 020,955
E02006287,East Suffolk 016,1734
E02006288,East Suffolk 017,2237
E02006289,East Suffolk 018,1950
E02006290,East Suffolk 019,1096
E02006291,East Suffolk 020,1489
E02006292,East Suffolk 021,1720
E02006293,East Suffolk 023,1769
E02006294,East Suffolk 022,1148
E02006295,East Suffolk 024,1861
E02006296,East Suffolk 025,2968
E02006297,East Suffolk 026,2387
E02006298,East Suffolk 027,1693
E02006299,East Suffolk 028,2211
E02006300,East Suffolk 029,521
E02006301,East Suffolk 030,428
E02006302,East Suffolk 001,1658
E02006303,East Suffolk 002,610
E02006304,East Suffolk 003,1878
E02006305,East Suffolk 004,146
E02006306,East Suffolk 005,790
E02006307,East Suffolk 007,2189
E02006308,East Suffolk 006,214
E02006309,East Suffolk 009,721
E02006310,East Suffolk 008,1468
E02006311,East Suffolk 010,1139
E02006312,East Suffolk 011,2119
E02006313,East Suffolk 012,1600
E02006314,East Suffolk 013,1473
E02006315,East Suffolk 014,1267
E02006316,East Suffolk 015,1247
E02006317,Elmbridge 001,465
E02006318,Elmbridge 002,961
E02006319,Elmbridge 003,237
E02006320,Elmbridge 004,369
E02006321,Elmbridge 005,745
E02006322,Elmbridge 006,691
E02006323,Elmbridge 007,840
E02006324,Elmbridge 008,591
E02006325,Elmbridge 009,1888
E02006326,Elmbridge 010,953
E02006327,Elmbridge 011,919
E02006328,Elmbridge 012,957
E02006329,Elmbridge 013,1368
E02006330,Elmbridge 014,1100
E02006331,Elmbridge 015,1253
E02006332,Elmbridge 016,1131
E02006333,Elmbridge 017,1447
E02006334,Elmbridge 018,2233
E02006335,Epsom and Ewell 001,890
E02006336,Epsom and Ewell 002,141
E02006337,Epsom and Ewell 003,412
E02006338,Epsom and Ewell 004,586
E02006339,Epsom and Ewell 005,740
E02006341,Epsom and Ewell 007,799
E02006342,Epsom and Ewell 008,604
E02006343,Epsom and Ewell 009,1528
E02006344,Guildford 001,1720
E02006345,Guildford 002,1023
E02006346,Guildford 003,2634
E02006347,Guildford 004,903
E02006348,Guildford 005,1080
E02006349,Guildford 006,677
E02006350,Guildford 007,156
E02006351,Guildford 008,1105
E02006352,Guildford 009,607
E02006353,Guildford 010,509
E02006354,Guildford 011,2131
E02006355,Guildford 012,170
E02006356,Guildford 013,594
E02006357,Guildford 014,1031
E02006358,Guildford 015,620
E02006359,Guildford 016,1064
E02006360,Guildford 017,1449
E02006361,Guildford 018,1191
E02006362,Mole Valley 001,1079
E02006363,Mole Valley 002,1189
E02006364,Mole Valley 003,323
E02006365,Mole Valley 004,1195
E02006366,Mole Valley 005,1711
E02006367,Mole Valley 006,1447
E02006368,Mole Valley 007,1290
E02006369,Mole Valley 008,1051
E02006370,Mole Valley 009,667
E02006371,Mole Valley 010,881
E02006372,Mole Valley 011,506
E02006373,Mole Valley 012,1330
E02006374,Mole Valley 013,1309
E02006375,Reigate and Banstead 001,1293
E02006376,Reigate and Banstead 002,926
E02006377,Reigate and Banstead 003,1300
E02006378,Reigate and Banstead 004,1419
E02006379,Reigate and Banstead 005,245
E02006380,Reigate and Banstead 006,1301
E02006381,Reigate and Banstead 007,1360
E02006382,Reigate and Banstead 008,290
E02006383,Reigate and Banstead 009,1473
E02006384,Reigate and Banstead 010,819
E02006385,Reigate and Banstead 011,542
E02006386,Reigate and Banstead 012,1019
E02006387,Reigate and Banstead 013,561
E02006388,Reigate and Banstead 014,512
E02006389,Reigate and Banstead 015,653
E02006390,Reigate and Banstead 016,1049
E02006391,Reigate and Banstead 017,1188
E02006392,Reigate and Banstead 018,729
E02006393,Runnymede 001,489
E02006394,Runnymede 002,917
E02006395,Runnymede 003,643
E02006396,Runnymede 004,876
E02006397,Runnymede 005,1245
E02006398,Runnymede 006,434
E02006399,Runnymede 007,1251
E02006400,Runnymede 008,836
E02006401,Runnymede 009,905
E02006402,Runnymede 010,1441
E02006403,Spelthorne 001,229
E02006404,Spelthorne 002,238
E02006405,Spelthorne 003,967
E02006406,Spelthorne 004,415
E02006407,Spelthorne 005,751
E02006408,Spelthorne 006,676
E02006409,Spelthorne 007,197
E02006410,Spelthorne 008,228
E02006411,Spelthorne 009,818
E02006412,Spelthorne 010,1249
E02006413,Spelthorne 011,511
E02006414,Spelthorne 012,534
E02006415,Spelthorne 013,1146
E02006416,Surrey Heath 001,1979
E02006417,Surrey Heath 002,821
E02006418,Surrey Heath 003,1598
E02006419,Surrey Heath 004,628
E02006420,Surrey Heath 005,2029
E02006421,Surrey Heath 006,1930
E02006422,Surrey Heath 007,1319
E02006423,Surrey Heath 008,1121
E02006424,Surrey Heath 009,1494
E02006425,Surrey Heath 010,868
E02006426,Surrey Heath 011,1039
E02006427,Surrey Heath 012,917
E02006429,Tandridge 002,1104
E02006430,Tandridge 003,750
E02006431,Tandridge 004,1613
E02006432,Tandridge 005,1034
E02006433,Tandridge 006,1682
E02006434,Tandridge 007,753
E02006435,Tandridge 008,810
E02006436,Tandridge 009,660
E02006437,Tandridge 010,1403
E02006438,Tandridge 011,1817
E02006439,Waverley 001,889
E02006440,Waverley 002,1364
E02006441,Waverley 003,774
E02006442,Waverley 004,1505
E02006443,Waverley 005,678
E02006444,Waverley 006,1158
E02006445,Waverley 007,809
E02006446,Waverley 008,1381
E02006447,Waverley 009,1207
E02006448,Waverley 010,1325
E02006449,Waverley 011,1134
E02006450,Waverley 012,1367
E02006451,Waverley 013,2188
E02006453,Waverley 015,1579
E02006454,Waverley 016,1155
E02006455,Waverley 017,827
E02006456,Woking 001,532
E02006457,Woking 002,2321
E02006458,Woking 003,2062
E02006459,Woking 004,223
E02006460,Woking 005,770
E02006461,Woking 006,1180
E02006462,Woking 007,871
E02006463,Woking 008,633
E02006464,Woking 009,588
E02006465,Woking 010,1322
E02006466,Woking 011,734
E02006467,Woking 012,1401
E02006534,Adur 001,698
E02006535,Adur 002,780
E02006536,Adur 003,700
E02006537,Adur 004,393
E02006538,Adur 005,847
E02006539,Adur 006,534
E02006540,Adur 007,439
E02006541,Adur 008,639
E02006542,Arun 001,824
E02006543,Arun 002,945
E02006544,Arun 003,2027
E02006545,Arun 004,693
E02006546,Arun 005,1562
E02006547,Arun 006,781
E02006548,Arun 007,1113
E02006549,Arun 008,2204
E02006550,Arun 009,1143
E02006551,Arun 010,2095
E02006552,Arun 011,170
E02006553,Arun 012,790
E02006554,Arun 013,1519
E02006555,Arun 014,374
E02006556,Arun 015,2508
E02006557,Arun 016,512
E02006558,Arun 017,632
E02006559,Arun 018,2596
E02006560,Arun 019,1691
E02006561,Chichester 001,1264
E02006562,Chichester 002,1582
E02006563,Chichester 003,1257
E02006564,Chichester 004,1108
E02006565,Chichester 005,1495
E02006566,Chichester 006,1592
E02006567,Chichester 007,1189
E02006568,Chichester 008,400
E02006569,Chichester 009,1631
E02006570,Chichester 010,487
E02006571,Chichester 011,1414
E02006572,Chichester 012,1037
E02006573,Chichester 013,2772
E02006574,Chichester 014,2059
E02006575,Crawley 001,234
E02006576,Crawley 002,1721
E02006577,Crawley 003,236
E02006578,Crawley 004,440
E02006579,Crawley 005,446
E02006580,Crawley 006,421
E02006581,Crawley 007,471
E02006582,Crawley 008,1611
E02006583,Crawley 009,372
E02006584,Crawley 010,88
E02006585,Crawley 011,70
E02006586,Crawley 012,136
E02006587,Crawley 013,230
E02006588,Horsham 001,1120
E02006589,Horsham 002,2036
E02006590,Horsham 003,950
E02006591,Horsham 004,821
E02006592,Horsham 005,1404
E02006593,Horsham 006,522
E02006594,Horsham 007,1144
E02006595,Horsham 008,1985
E02006596,Horsham 009,1577
E02006597,Horsham 010,1797
E02006598,Horsham 011,995
E02006599,Horsham 012,2500
E02006600,Horsham 013,1460
E02006601,Horsham 014,1466
E02006602,Horsham 015,1943
E02006603,Horsham 016,1482
E02006604,Mid Sussex 001,1098
E02006605,Mid Sussex 002,1108
E02006606,Mid Sussex 003,1460
E02006607,Mid Sussex 004,1656
E02006608,Mid Sussex 005,1128
E02006609,Mid Sussex 006,1298
E02006610,Mid Sussex 007,1360
E02006611,Mid Sussex 008,2062
E02006612,Mid Sussex 009,944
E02006613,Mid Sussex 010,455
E02006614,Mid Sussex 011,2054
E02006615,Mid Sussex 012,858
E02006616,Mid Sussex 013,1153
E02006617,Mid Sussex 014,431
E02006618,Mid Sussex 015,1386
E02006619,Mid Sussex 016,1337
E02006620,Mid Sussex 017,1869
E02006621,Worthing 001,2358
E02006622,Worthing 002,1049
E02006623,Worthing 003,564
E02006624,Worthing 004,1174
E02006625,Worthing 005,313
E02006626,Worthing 006,758
E02006627,Worthing 007,762
E02006628,Worthing 008,154
E02006629,Worthing 009,273
E02006630,Worthing 010,216
E02006631,Worthing 011,173
E02006632,Worthing 012,804
E02006633,Worthing 013,1940
E02006782,Bromley 040,399
E02006783,Lewisham 037,146
E02006784,Lewisham 038,104
E02006785,Bexley 029,116
E02006786,Greenwich 033,114
E02006787,Bromley 041,94
E02006788,Croydon 045,112
E02006789,Bromley 042,1431
E02006790,Tandridge 012,1069
E02006791,Ealing 040,55
E02006792,Hounslow 029,121
E02006793,Enfield 037,156
E02006794,Haringey 037,124
E02006795,Harrow 032,91
E02006796,Hillingdon 033,317
E02006798,Lewisham 039,52
E02006799,Barking and Dagenham 023,216
E02006800,Redbridge 034,270
E02006801,Lambeth 036,20
E02006802,Southwark 034,31
E02006821,Portsmouth 026,541
E02006822,Havant 018,952
E02006823,Buckinghamshire 039,2097
E02006824,Buckinghamshire 036,1351
E02006825,East Cambridgeshire 011,1495
E02006826,West Suffolk 015,746
E02006829,East Hampshire 016,1645
E02006830,Havant 019,458
E02006831,Havant 020,1254
E02006832,Sevenoaks 016,451
E02006833,Tonbridge and Malling 014,1876
E02006836,Sutton 025,1632
E02006837,Epsom and Ewell 010,2573
E02006838,East Hampshire 017,1995
E02006839,Waverley 018,1826
E02006853,Tower Hamlets 032,28
E02006854,Tower Hamlets 033,11
E02006855,Canterbury 019,205
E02006856,Canterbury 020,254
E02006857,Eastbourne 013,704
E02006858,Eastbourne 014,437
E02006859,Thurrock 019,711
E02006873,South Cambridgeshire 020,1142
E02006874,South Cambridgeshire 021,1865
E02006877,Peterborough 022,1465
E02006878,Peterborough 023,1482
E02006879,Folkestone and Hythe 014,71
E02006880,Folkestone and Hythe 015,210
E02006882,Harrow 033,229
E02006886,Vale of White Horse 016,2591
E02006907,Norwich 014,78
E02006908,Norwich 015,274
E02006918,Hackney 028,43
E02006921,Hackney 029,34
E02006922,Colchester 022,2065
E02006924,Redbridge 035,165
E02006925,Redbridge 036,330
E02006926,Thurrock 020,1080
E02006927,Greenwich 034,352
E02006928,Greenwich 035,29
E02006930,Greenwich 037,63
E02006931,Greenwich 038,127
E02006937,Luton 022,196
E02006938,Luton 023,46
E02006939,Reading 019,51
E02006940,Reading 020,82
E02006941,Southwark 035,13
E02006942,Southwark 036,7
E02006953,Barnet 042,21
E02006954,Barnet 043,85
E02006955,Brent 035,51
E02006956,Brent 036,103
E02006968,Ealing 041,585
E02006969,Ealing 042,116
E02006970,Ealing 043,138
E02006971,Ealing 044,208
E02006972,Hounslow 030,49
E02006973,Hounslow 031,39
E02006975,Portsmouth 027,29
E02006976,Portsmouth 028,31
E02006978,Chelmsford 022,131
E02006979,Chelmsford 023,173
E02006980,Rochford 011,1190
E02006981,Rochford 012,1374
E02006987,Croydon 046,29
E02006988,Croydon 047,127
E02006991,Greenwich 039,13
E02006992,Greenwich 040,45
E02006993,Greenwich 041,23
E02006994,Greenwich 042,47
E02006995,Newham 038,20
E02006996,Newham 039,77
E02006997,Newham 040,19
E02006998,Newham 041,80
E02006999,Newham 042,45
E02007004,Thurrock 021,104
E02007005,Thurrock 022,136
E02007008,Lewisham 040,18
E02007009,Lewisham 041,85
E02007010,Bedford 021,1158
E02007011,Bedford 022,901
E02007012,Milton Keynes 033,1028
E02007013,Milton Keynes 034,981
E02007014,Milton Keynes 035,866
E02007015,Milton Keynes 036,972
E02007016,Milton Keynes 037,1371
E02007017,Redbridge 037,125
E02007018,Redbridge 038,120
E02007019,Redbridge 039,105
E02007020,Redbridge 040,216
E02007021,Oxford 020,191
E02007032,North Norfolk 015,1254
E02007033,North Norfolk 016,976
E02007046,Ashford 015,552
E02007047,Ashford 016,884
E02007052,Norwich 016,77
E02007053,Norwich 017,39
E02007054,South Norfolk 016,1297
E02007055,South Norfolk 017,1405
E02007056,Colchester 023,1133
E02007057,Colchester 024,611
E02007068,Slough 015,148
E02007069,Slough 016,242
E02007074,Southampton 033,42
E02007075,Southampton 034,21
E02007076,Test Valley 016,996
E02007077,Test Valley 017,660
E02007078,Test Valley 018,479
E02007083,Wandsworth 038,7
E02007084,Wandsworth 039,33
E02007085,South Cambridgeshire 022,2062
E02007086,Cambridge 015,563
E02007087,Cambridge 014,314
E02007088,North Hertfordshire 016,1494
E02007089,North Hertfordshire 017,722
E02007090,St Albans 021,816
E02007091,Stevenage 013,880
E02007092,Welwyn Hatfield 017,348
E02007093,East Hertfordshire 019,1503
E02007108,Hackney 030,29
E02007109,Hackney 031,73
E02007110,Hackney 032,2
E02007111,Hackney 033,15
E02007112,Tower Hamlets 034,6
E02007113,Tower Hamlets 035,10
E02007114,Tower Hamlets 036,17
E02007115,Camden 029,25
E02007116,Oxford 019,169