Middle layer Super Output Areas Code,Middle layer Super Output Areas,Flats
E02000001,City of London 001,4273
E02000002,Barking and Dagenham 001,1099
E02000003,Barking and Dagenham 002,998
E02000004,Barking and Dagenham 003,269
E02000005,Barking and Dagenham 004,368
E02000007,Barking and Dagenham 006,1436
E02000008,Barking and Dagenham 007,554
E02000009,Barking and Dagenham 008,1204
E02000010,Barking and Dagenham 009,358
E02000011,Barking and Dagenham 010,523
E02000012,Barking and Dagenham 011,690
E02000013,Barking and Dagenham 012,333
E02000014,Barking and Dagenham 013,236
E02000015,Barking and Dagenham 014,1511
E02000016,Barking and Dagenham 015,3002
E02000017,Barking and Dagenham 016,528
E02000018,Barking and Dagenham 017,621
E02000019,Barking and Dagenham 018,318
E02000020,Barking and Dagenham 019,1732
E02000021,Barking and Dagenham 020,438
E02000022,Barking and Dagenham 021,2448
E02000023,Barking and Dagenham 022,1336
E02000024,Barnet 001,1056
E02000025,Barnet 002,1563
E02000026,Barnet 003,476
E02000027,Barnet 004,1014
E02000028,Barnet 005,1022
E02000029,Barnet 006,1239
E02000030,Barnet 007,346
E02000031,Barnet 008,1151
E02000032,Barnet 009,111
E02000033,Barnet 010,906
E02000034,Barnet 011,1400
E02000035,Barnet 012,1691
E02000036,Barnet 013,1093
E02000037,Barnet 014,1140
E02000038,Barnet 015,1149
E02000039,Barnet 016,628
E02000040,Barnet 017,1386
E02000041,Barnet 018,820
E02000042,Barnet 019,2000
E02000043,Barnet 020,311
E02000044,Barnet 021,624
E02000045,Barnet 022,1814
E02000046,Barnet 023,799
E02000047,Barnet 024,1610
E02000048,Barnet 025,1308
E02000049,Barnet 026,2451
E02000050,Barnet 027,1552
E02000051,Barnet 028,1842
E02000052,Barnet 029,1814
E02000054,Barnet 031,1168
E02000055,Barnet 032,2152
E02000056,Barnet 033,1096
E02000057,Barnet 034,930
E02000058,Barnet 035,1070
E02000059,Barnet 036,2061
E02000060,Barnet 037,1020
E02000061,Barnet 038,1402
E02000062,Barnet 039,903
E02000063,Barnet 040,736
E02000064,Barnet 041,1662
E02000065,Bexley 001,846
E02000066,Bexley 002,1630
E02000067,Bexley 003,1667
E02000068,Bexley 004,1470
E02000069,Bexley 005,830
E02000070,Bexley 006,461
E02000071,Bexley 007,281
E02000072,Bexley 008,1414
E02000073,Bexley 009,147
E02000074,Bexley 010,1177
E02000075,Bexley 011,254
E02000077,Bexley 013,271
E02000078,Bexley 014,259
E02000079,Bexley 015,909
E02000080,Bexley 016,519
E02000081,Bexley 017,635
E02000082,Bexley 018,174
E02000083,Bexley 019,970
E02000084,Bexley 020,407
E02000085,Bexley 021,258
E02000086,Bexley 022,185
E02000087,Bexley 023,532
E02000088,Bexley 024,93
E02000089,Bexley 025,106
E02000090,Bexley 026,1721
E02000091,Bexley 027,1729
E02000092,Bexley 028,905
E02000093,Brent 001,928
E02000094,Brent 002,1325
E02000095,Brent 003,730
E02000096,Brent 004,421
E02000097,Brent 005,489
E02000098,Brent 006,834
E02000099,Brent 007,1002
E02000100,Brent 008,453
E02000101,Brent 009,1778
E02000102,Brent 010,672
E02000103,Brent 011,1480
E02000104,Brent 012,826
E02000105,Brent 013,1175
E02000106,Brent 014,1125
E02000107,Brent 015,1589
E02000108,Brent 016,732
E02000110,Brent 018,741
E02000111,Brent 019,1217
E02000112,Brent 020,1192
E02000113,Brent 021,1503
E02000114,Brent 022,1369
E02000115,Brent 023,2104
E02000116,Brent 024,1523
E02000117,Brent 025,2215
E02000118,Brent 026,985
E02000119,Brent 027,2610
E02000120,Brent 028,1534
E02000121,Brent 029,1738
E02000122,Brent 030,973
E02000123,Brent 031,2048
E02000124,Brent 032,1312
E02000125,Brent 033,554
E02000126,Brent 034,2727
E02000127,Bromley 001,825
E02000128,Bromley 002,497
E02000130,Bromley 004,785
E02000131,Bromley 005,2684
E02000132,Bromley 006,3225
E02000133,Bromley 007,668
E02000134,Bromley 008,2010
E02000135,Bromley 009,2330
E02000136,Bromley 010,348
E02000137,Bromley 011,1581
E02000138,Bromley 012,2203
E02000139,Bromley 013,717
E02000140,Bromley 014,726
E02000141,Bromley 015,898
E02000142,Bromley 016,798
E02000144,Bromley 018,1570
E02000145,Bromley 019,932
E02000146,Bromley 020,1030
E02000147,Bromley 021,759
E02000148,Bromley 022,251
E02000149,Bromley 023,417
E02000150,Bromley 024,349
E02000151,Bromley 025,197
E02000152,Bromley 026,859
E02000153,Bromley 027,39
E02000154,Bromley 028,794
E02000155,Bromley 029,237
E02000156,Bromley 030,716
E02000157,Bromley 031,160
E02000158,Bromley 032,496
E02000159,Bromley 033,237
E02000160,Bromley 034,386
E02000161,Bromley 035,181
E02000162,Bromley 036,474
E02000163,Bromley 037,170
E02000165,Bromley 039,266
E02000166,Camden 001,1878
E02000167,Camden 002,922
E02000168,Camden 003,1131
E02000169,Camden 004,1172
E02000170,Camden 005,1293
E02000171,Camden 006,1187
E02000172,Camden 007,2645
E02000173,Camden 008,1635
E02000174,Camden 009,1438
E02000175,Camden 010,2163
E02000176,Camden 011,1138
E02000177,Camden 012,2511
E02000178,Camden 013,1965
E02000179,Camden 014,1419
E02000180,Camden 015,1779
E02000181,Camden 016,1411
E02000182,Camden 017,2119
E02000183,Camden 018,1677
E02000184,Camden 019,2469
E02000185,Camden 020,2998
E02000186,Camden 021,1590
E02000187,Camden 022,3422
E02000188,Camden 023,2481
E02000191,Camden 026,1573
E02000192,Camden 027,2272
E02000193,Camden 028,2393
E02000194,Croydon 001,1852
E02000195,Croydon 002,687
E02000196,Croydon 003,512
E02000197,Croydon 004,591
E02000198,Croydon 005,1069
E02000199,Croydon 006,458
E02000200,Croydon 007,1621
E02000201,Croydon 008,1724
E02000202,Croydon 009,372
E02000203,Croydon 010,893
E02000204,Croydon 011,526
E02000206,Croydon 013,1574
E02000207,Croydon 014,859
E02000208,Croydon 015,1903
E02000209,Croydon 016,520
E02000210,Croydon 017,576
E02000211,Croydon 018,346
E02000212,Croydon 019,898
E02000213,Croydon 020,3148
E02000214,Croydon 021,208
E02000215,Croydon 022,2217
E02000216,Croydon 023,1538
E02000217,Croydon 024,2363
E02000218,Croydon 025,776
E02000219,Croydon 026,306
E02000221,Croydon 028,1454
E02000222,Croydon 029,1057
E02000223,Croydon 030,1129
E02000224,Croydon 031,790
E02000225,Croydon 032,350
E02000226,Croydon 033,71
E02000227,Croydon 034,1342
E02000228,Croydon 035,388
E02000229,Croydon 036,556
E02000230,Croydon 037,1471
E02000231,Croydon 038,331
E02000232,Croydon 039,144
E02000233,Croydon 040,488
E02000234,Croydon 041,883
E02000235,Croydon 042,431
E02000236,Croydon 043,138
E02000237,Croydon 044,318
E02000238,Ealing 001,1121
E02000239,Ealing 002,292
E02000240,Ealing 003,1601
E02000241,Ealing 004,621
E02000242,Ealing 005,239
E02000243,Ealing 006,877
E02000244,Ealing 007,721
E02000245,Ealing 008,1972
E02000246,Ealing 009,1285
E02000247,Ealing 010,2075
E02000248,Ealing 011,1361
E02000249,Ealing 012,1036
E02000250,Ealing 013,661
E02000251,Ealing 014,279
E02000252,Ealing 015,2357
E02000253,Ealing 016,1536
E02000254,Ealing 017,207
E02000255,Ealing 018,1566
E02000256,Ealing 019,1704
E02000258,Ealing 021,592
E02000259,Ealing 022,509
E02000260,Ealing 023,654
E02000261,Ealing 024,2669
E02000262,Ealing 025,1573
E02000263,Ealing 026,646
E02000264,Ealing 027,1042
E02000265,Ealing 028,1867
E02000266,Ealing 029,2052
E02000267,Ealing 030,817
E02000268,Ealing 031,917
E02000269,Ealing 032,575
E02000270,Ealing 033,2872
E02000271,Ealing 034,592
E02000272,Ealing 035,349
E02000275,Ealing 038,763
E02000276,Ealing 039,684
E02000277,Enfield 001,551
E02000278,Enfield 002,1175
E02000279,Enfield 003,1634
E02000280,Enfield 004,863
E02000281,Enfield 005,1310
E02000282,Enfield 006,1666
E02000283,Enfield 007,254
E02000284,Enfield 008,1173
E02000285,Enfield 009,178
E02000286,Enfield 010,2096
E02000287,Enfield 011,939
E02000288,Enfield 012,1130
E02000289,Enfield 013,166
E02000290,Enfield 014,1353
E02000291,Enfield 015,2457
E02000292,Enfield 016,347
E02000293,Enfield 017,564
E02000294,Enfield 018,485
E02000295,Enfield 019,1235
E02000296,Enfield 020,2148
E02000297,Enfield 021,473
E02000298,Enfield 022,392
E02000299,Enfield 023,697
E02000300,Enfield 024,680
E02000301,Enfield 025,1489
E02000302,Enfield 026,524
E02000303,Enfield 027,1029
E02000304,Enfield 028,424
E02000305,Enfield 029,707
E02000306,Enfield 030,2236
E02000307,Enfield 031,169
E02000308,Enfield 032,1169
E02000309,Enfield 033,1052
E02000311,Enfield 035,933
E02000312,Enfield 036,1267
E02000313,Greenwich 001,1394
E02000314,Greenwich 002,1754
E02000315,Greenwich 003,1397
E02000317,Greenwich 005,1598
E02000318,Greenwich 006,594
E02000319,Greenwich 007,1496
E02000320,Greenwich 008,754
E02000321,Greenwich 009,1514
E02000323,Greenwich 011,2643
E02000324,Greenwich 012,1232
E02000326,Greenwich 014,898
E02000327,Greenwich 015,1212
E02000328,Greenwich 016,1262
E02000329,Greenwich 017,313
E02000331,Greenwich 019,1265
E02000332,Greenwich 020,614
E02000333,Greenwich 021,851
E02000334,Greenwich 022,296
E02000335,Greenwich 023,247
E02000337,Greenwich 025,403
E02000339,Greenwich 027,621
E02000340,Greenwich 028,1290
E02000341,Greenwich 029,890
E02000342,Greenwich 030,829
E02000343,Greenwich 031,684
E02000344,Greenwich 032,352
E02000345,Hackney 001,1039
E02000346,Hackney 002,3661
E02000347,Hackney 003,1244
E02000348,Hackney 004,1942
E02000350,Hackney 006,1167
E02000351,Hackney 007,1892
E02000352,Hackney 008,1569
E02000353,Hackney 009,866
E02000354,Hackney 010,2141
E02000355,Hackney 011,651
E02000356,Hackney 012,1115
E02000357,Hackney 013,2167
E02000358,Hackney 014,2486
E02000359,Hackney 015,603
E02000360,Hackney 016,3476
E02000361,Hackney 017,2000
E02000362,Hackney 018,1539
E02000363,Hackney 019,3742
E02000364,Hackney 020,1720
E02000366,Hackney 022,1614
E02000367,Hackney 023,2829
E02000368,Hackney 024,3216
E02000369,Hackney 025,5086
E02000370,Hackney 026,3410
E02000372,Hammersmith and Fulham 001,1674
E02000373,Hammersmith and Fulham 002,2099
E02000374,Hammersmith and Fulham 003,944
E02000375,Hammersmith and Fulham 004,1951
E02000376,Hammersmith and Fulham 005,1174
E02000377,Hammersmith and Fulham 006,1413
E02000378,Hammersmith and Fulham 007,1696
E02000379,Hammersmith and Fulham 008,1584
E02000380,Hammersmith and Fulham 009,589
E02000381,Hammersmith and Fulham 010,1350
E02000382,Hammersmith and Fulham 011,1369
E02000383,Hammersmith and Fulham 012,2784
E02000384,Hammersmith and Fulham 013,2412
E02000385,Hammersmith and Fulham 014,1464
E02000386,Hammersmith and Fulham 015,2042
E02000387,Hammersmith and Fulham 016,1463
E02000388,Hammersmith and Fulham 017,2077
E02000389,Hammersmith and Fulham 018,1369
E02000390,Hammersmith and Fulham 019,898
E02000391,Hammersmith and Fulham 020,1110
E02000392,Hammersmith and Fulham 021,1654
E02000393,Hammersmith and Fulham 022,650
E02000394,Hammersmith and Fulham 023,2804
E02000395,Hammersmith and Fulham 024,1360
E02000396,Hammersmith and Fulham 025,1142
E02000397,Haringey 001,1453
E02000398,Haringey 002,1455
E02000400,Haringey 004,1409
E02000401,Haringey 005,511
E02000402,Haringey 006,733
E02000403,Haringey 007,872
E02000404,Haringey 008,1020
E02000405,Haringey 009,410
E02000406,Haringey 010,447
E02000407,Haringey 011,1008
E02000408,Haringey 012,1493
E02000409,Haringey 013,1156
E02000410,Haringey 014,712
E02000411,Haringey 015,2197
E02000412,Haringey 016,1352
E02000413,Haringey 017,760
E02000414,Haringey 018,382
E02000415,Haringey 019,664
E02000416,Haringey 020,2167
E02000417,Haringey 021,813
E02000418,Haringey 022,432
E02000419,Haringey 023,1079
E02000420,Haringey 024,1367
E02000421,Haringey 025,1565
E02000422,Haringey 026,1165
E02000423,Haringey 027,739
E02000424,Haringey 028,635
E02000425,Haringey 029,436
E02000426,Haringey 030,1060
E02000427,Haringey 031,568
E02000428,Haringey 032,1467
E02000429,Haringey 033,1444
E02000430,Haringey 034,850
E02000431,Haringey 035,854
E02000432,Haringey 036,650
E02000433,Harrow 001,1745
E02000434,Harrow 002,1434
E02000435,Harrow 003,739
E02000436,Harrow 004,192
E02000437,Harrow 005,594
E02000438,Harrow 006,813
E02000439,Harrow 007,746
E02000440,Harrow 008,246
E02000441,Harrow 009,1044
E02000442,Harrow 010,210
E02000443,Harrow 011,853
E02000444,Harrow 012,418
E02000445,Harrow 013,1225
E02000447,Harrow 015,394
E02000448,Harrow 016,815
E02000449,Harrow 017,357
E02000451,Harrow 019,262
E02000452,Harrow 020,1239
E02000453,Harrow 021,832
E02000454,Harrow 022,230
E02000455,Harrow 023,3119
E02000456,Harrow 024,493
E02000457,Harrow 025,613
E02000459,Harrow 027,1583
E02000460,Harrow 028,802
E02000461,Harrow 029,1123
E02000462,Harrow 030,417
E02000463,Harrow 031,412
E02000464,Havering 001,406
E02000465,Havering 002,728
E02000466,Havering 003,749
E02000467,Havering 004,1370
E02000468,Havering 005,266
E02000469,Havering 006,636
E02000470,Havering 007,912
E02000471,Havering 008,88
E02000472,Havering 009,381
E02000473,Havering 010,716
E02000474,Havering 011,772
E02000475,Havering 012,1278
E02000476,Havering 013,2318
E02000477,Havering 014,283
E02000478,Havering 015,221
E02000479,Havering 016,1099
E02000480,Havering 017,1987
E02000481,Havering 018,434
E02000482,Havering 019,171
E02000483,Havering 020,1172
E02000484,Havering 021,265
E02000485,Havering 022,652
E02000486,Havering 023,360
E02000487,Havering 024,46
E02000488,Havering 025,146
E02000489,Havering 026,524
E02000490,Havering 027,347
E02000491,Havering 028,1121
E02000492,Havering 029,154
E02000493,Havering 030,498
E02000494,Hillingdon 001,872
E02000495,Hillingdon 002,1549
E02000496,Hillingdon 003,602
E02000497,Hillingdon 004,913
E02000498,Hillingdon 005,602
E02000499,Hillingdon 006,496
E02000500,Hillingdon 007,720
E02000501,Hillingdon 008,421
E02000502,Hillingdon 009,1125
E02000503,Hillingdon 010,191
E02000504,Hillingdon 011,267
E02000506,Hillingdon 013,447
E02000507,Hillingdon 014,254
E02000508,Hillingdon 015,1998
E02000509,Hillingdon 016,1279
E02000510,Hillingdon 017,487
E02000511,Hillingdon 018,578
E02000512,Hillingdon 019,678
E02000513,Hillingdon 020,1361
E02000514,Hillingdon 021,258
E02000515,Hillingdon 022,2630
E02000516,Hillingdon 023,455
E02000517,Hillingdon 024,812
E02000518,Hillingdon 025,617
E02000519,Hillingdon 026,796
E02000520,Hillingdon 027,1530
E02000521,Hillingdon 028,1399
E02000522,Hillingdon 029,1167
E02000523,Hillingdon 030,1085
E02000524,Hillingdon 031,658
E02000525,Hillingdon 032,1230
E02000526,Hounslow 001,872
E02000529,Hounslow 004,1138
E02000530,Hounslow 005,1251
E02000531,Hounslow 006,2258
E02000532,Hounslow 007,1409
E02000533,Hounslow 008,1500
E02000534,Hounslow 009,979
E02000535,Hounslow 010,551
E02000536,Hounslow 011,781
E02000537,Hounslow 012,707
E02000538,Hounslow 013,691
E02000539,Hounslow 014,1953
E02000540,Hounslow 015,2200
E02000541,Hounslow 016,1032
E02000542,Hounslow 017,1853
E02000543,Hounslow 018,2214
E02000544,Hounslow 019,262
E02000545,Hounslow 020,1818
E02000546,Hounslow 021,671
E02000547,Hounslow 022,1224
E02000548,Hounslow 023,1318
E02000549,Hounslow 024,784
E02000550,Hounslow 025,1403
E02000551,Hounslow 026,1485
E02000552,Hounslow 027,1140
E02000553,Hounslow 028,636
E02000554,Islington 001,2679
E02000555,Islington 002,1931
E02000556,Islington 003,1768
E02000557,Islington 004,2410
E02000558,Islington 005,2742
E02000559,Islington 006,1550
E02000560,Islington 007,1544
E02000561,Islington 008,518
E02000562,Islington 009,1888
E02000563,Islington 010,2765
E02000564,Islington 011,3906
E02000565,Islington 012,1907
E02000566,Islington 013,1432
E02000567,Islington 014,1922
E02000568,Islington 015,3404
E02000569,Islington 016,3246
E02000570,Islington 017,1362
E02000571,Islington 018,2588
E02000572,Islington 019,2887
E02000573,Islington 020,2342
E02000574,Islington 021,2122
E02000575,Islington 022,3983
E02000576,Islington 023,4455
E02000577,Kensington and Chelsea 001,2705
E02000578,Kensington and Chelsea 002,1695
E02000579,Kensington and Chelsea 003,1588
E02000580,Kensington and Chelsea 004,1945
E02000581,Kensington and Chelsea 005,2318
E02000582,Kensington and Chelsea 006,1474
E02000583,Kensington and Chelsea 007,1007
E02000584,Kensington and Chelsea 008,1694
E02000585,Kensington and Chelsea 009,1602
E02000586,Kensington and Chelsea 010,1544
E02000587,Kensington and Chelsea 011,1608
E02000588,Kensington and Chelsea 012,1745
E02000589,Kensington and Chelsea 013,2264
E02000590,Kensington and Chelsea 014,2249
E02000591,Kensington and Chelsea 015,2239
E02000592,Kensington and Chelsea 016,1425
E02000593,Kensington and Chelsea 017,2050
E02000594,Kensington and Chelsea 018,1608
E02000595,Kensington and Chelsea 019,1625
E02000596,Kensington and Chelsea 020,1469
E02000597,Kensington and Chelsea 021,2052
E02000598,Kingston upon Thames 001,447
E02000599,Kingston upon Thames 002,171
E02000600,Kingston upon Thames 003,1628
E02000601,Kingston upon Thames 004,2337
E02000602,Kingston upon Thames 005,2038
E02000603,Kingston upon Thames 006,483
E02000604,Kingston upon Thames 007,985
E02000605,Kingston upon Thames 008,529
E02000606,Kingston upon Thames 009,2555
E02000607,Kingston upon Thames 010,535
E02000608,Kingston upon Thames 011,1809
E02000609,Kingston upon Thames 012,548
E02000610,Kingston upon Thames 013,2164
E02000611,Kingston upon Thames 014,104
E02000612,Kingston upon Thames 015,355
E02000613,Kingston upon Thames 016,832
E02000614,Kingston upon Thames 017,614
E02000615,Kingston upon Thames 018,377
E02000616,Kingston upon Thames 019,260
E02000617,Kingston upon Thames 020,763
E02000619,Lambeth 002,3165
E02000620,Lambeth 003,3586
E02000621,Lambeth 004,4152
E02000622,Lambeth 005,1786
E02000623,Lambeth 006,2523
E02000624,Lambeth 007,3030
E02000625,Lambeth 008,3151
E02000626,Lambeth 009,2413
E02000627,Lambeth 010,2259
E02000628,Lambeth 011,3405
E02000629,Lambeth 012,1807
E02000630,Lambeth 013,1639
E02000631,Lambeth 014,1207
E02000632,Lambeth 015,1102
E02000633,Lambeth 016,2275
E02000634,Lambeth 017,1996
E02000635,Lambeth 018,1926
E02000636,Lambeth 019,766
E02000637,Lambeth 020,847
E02000638,Lambeth 021,2326
E02000639,Lambeth 022,2955
E02000640,Lambeth 023,1704
E02000641,Lambeth 024,2523
E02000642,Lambeth 025,1410
E02000643,Lambeth 026,1898
E02000644,Lambeth 027,1065
E02000645,Lambeth 028,1301
E02000646,Lambeth 029,1384
E02000647,Lambeth 030,1071
E02000648,Lambeth 031,1647
E02000649,Lambeth 032,2007
E02000650,Lambeth 033,1091
E02000651,Lambeth 034,901
E02000652,Lambeth 035,239
E02000653,Lewisham 001,4127
E02000654,Lewisham 002,2714
E02000655,Lewisham 003,2273
E02000657,Lewisham 005,1698
E02000658,Lewisham 006,1286
E02000659,Lewisham 007,1853
E02000660,Lewisham 008,1552
E02000661,Lewisham 009,1439
E02000662,Lewisham 010,1322
E02000663,Lewisham 011,542
E02000665,Lewisham 013,906
E02000666,Lewisham 014,569
E02000667,Lewisham 015,233
E02000668,Lewisham 016,743
E02000669,Lewisham 017,1107
E02000670,Lewisham 018,634
E02000671,Lewisham 019,958
E02000672,Lewisham 020,1543
E02000673,Lewisham 021,1278
E02000674,Lewisham 022,143
E02000675,Lewisham 023,1046
E02000676,Lewisham 024,585
E02000677,Lewisham 025,319
E02000678,Lewisham 026,597
E02000679,Lewisham 027,1451
E02000680,Lewisham 028,1566
E02000681,Lewisham 029,651
E02000682,Lewisham 030,1177
E02000683,Lewisham 031,844
E02000685,Lewisham 033,1639
E02000686,Lewisham 034,1729
E02000687,Lewisham 035,1081
E02000689,Merton 001,1072
E02000690,Merton 002,426
E02000691,Merton 003,864
E02000692,Merton 004,1799
E02000693,Merton 005,1830
E02000694,Merton 006,840
E02000695,Merton 007,271
E02000696,Merton 008,1116
E02000697,Merton 009,1135
E02000698,Merton 010,779
E02000699,Merton 011,670
E02000700,Merton 012,1707
E02000701,Merton 013,775
E02000702,Merton 014,1345
E02000703,Merton 015,469
E02000704,Merton 016,1375
E02000705,Merton 017,342
E02000706,Merton 018,1646
E02000707,Merton 019,620
E02000708,Merton 020,470
E02000709,Merton 021,334
E02000710,Merton 022,1325
E02000711,Merton 023,897
E02000712,Merton 024,753
E02000713,Merton 025,329
E02000714,Newham 001,794
E02000715,Newham 002,657
E02000716,Newham 003,637
E02000717,Newham 004,880
E02000718,Newham 005,1142
E02000719,Newham 006,1228
E02000720,Newham 007,270
E02000721,Newham 008,799
E02000722,Newham 009,1292
E02000723,Newham 010,350
E02000724,Newham 011,309
E02000725,Newham 012,2488
E02000727,Newham 014,512
E02000728,Newham 015,282
E02000729,Newham 016,451
E02000730,Newham 017,417
E02000731,Newham 018,505
E02000732,Newham 019,1321
E02000733,Newham 020,1684
E02000734,Newham 021,1277
E02000735,Newham 022,826
E02000736,Newham 023,707
E02000737,Newham 024,798
E02000738,Newham 025,533
E02000739,Newham 026,808
E02000740,Newham 027,1218
E02000741,Newham 028,508
E02000742,Newham 029,723
E02000743,Newham 030,2273
E02000744,Newham 031,1232
E02000745,Newham 032,818
E02000746,Newham 033,2088
E02000747,Newham 034,4115
E02000748,Newham 035,494
E02000749,Newham 036,1598
E02000751,Redbridge 001,1306
E02000752,Redbridge 002,895
E02000753,Redbridge 003,420
E02000754,Redbridge 004,536
E02000755,Redbridge 005,451
E02000756,Redbridge 006,1143
E02000757,Redbridge 007,2181
E02000758,Redbridge 008,443
E02000759,Redbridge 009,1557
E02000760,Redbridge 010,704
E02000762,Redbridge 012,355
E02000763,Redbridge 013,677
E02000764,Redbridge 014,2244
E02000765,Redbridge 015,598
E02000767,Redbridge 017,623
E02000768,Redbridge 018,407
E02000770,Redbridge 020,551
E02000772,Redbridge 022,606
E02000773,Redbridge 023,773
E02000774,Redbridge 024,305
E02000776,Redbridge 026,294
E02000777,Redbridge 027,664
E02000779,Redbridge 029,760
E02000781,Redbridge 031,546
E02000782,Redbridge 032,1577
E02000783,Redbridge 033,478
E02000784,Richmond upon Thames 001,1151
E02000785,Richmond upon Thames 002,933
E02000786,Richmond upon Thames 003,1972
E02000787,Richmond upon Thames 004,2187
E02000788,Richmond upon Thames 005,655
E02000789,Richmond upon Thames 006,1045
E02000790,Richmond upon Thames 007,678
E02000791,Richmond upon Thames 008,1085
E02000792,Richmond upon Thames 009,1055
E02000793,Richmond upon Thames 010,525
E02000794,Richmond upon Thames 011,651
E02000795,Richmond upon Thames 012,404
E02000796,Richmond upon Thames 013,839
E02000797,Richmond upon Thames 014,937
E02000798,Richmond upon Thames 015,836
E02000799,Richmond upon Thames 016,699
E02000800,Richmond upon Thames 017,728
E02000801,Richmond upon Thames 018,748
E02000802,Richmond upon Thames 019,797
E02000803,Richmond upon Thames 020,969
E02000804,Richmond upon Thames 021,984
E02000805,Richmond upon Thames 022,1996
E02000806,Richmond upon Thames 023,847
E02000807,Southwark 001,2267
E02000808,Southwark 002,3968
E02000810,Southwark 004,4676
E02000812,Southwark 006,3813
E02000813,Southwark 007,3700
E02000814,Southwark 008,3383
E02000815,Southwark 009,2792
E02000816,Southwark 010,2946
E02000817,Southwark 011,2278
E02000818,Southwark 012,3346
E02000819,Southwark 013,2742
E02000820,Southwark 014,3269
E02000821,Southwark 015,2331
E02000822,Southwark 016,2280
E02000823,Southwark 017,2436
E02000824,Southwark 018,2917
E02000825,Southwark 019,2992
E02000826,Southwark 020,2825
E02000827,Southwark 021,4102
E02000828,Southwark 022,2236
E02000829,Southwark 023,2393
E02000830,Southwark 024,1349
E02000831,Southwark 025,1440
E02000832,Southwark 026,1745
E02000833,Southwark 027,2263
E02000834,Southwark 028,871
E02000835,Southwark 029,969
E02000836,Southwark 030,316
E02000837,Southwark 031,344
E02000838,Southwark 032,1387
E02000839,Southwark 033,1954
E02000840,Sutton 001,729
E02000841,Sutton 002,565
E02000842,Sutton 003,350
E02000843,Sutton 004,2044
E02000844,Sutton 005,636
E02000845,Sutton 006,644
E02000846,Sutton 007,481
E02000847,Sutton 008,624
E02000848,Sutton 009,344
E02000849,Sutton 010,1021
E02000850,Sutton 011,537
E02000851,Sutton 012,3365
E02000852,Sutton 013,736
E02000853,Sutton 014,812
E02000854,Sutton 015,664
E02000855,Sutton 016,672
E02000856,Sutton 017,1261
E02000857,Sutton 018,2841
E02000858,Sutton 019,1393
E02000859,Sutton 020,1478
E02000860,Sutton 021,3276
E02000861,Sutton 022,370
E02000863,Sutton 024,320
E02000864,Tower Hamlets 001,3639
E02000865,Tower Hamlets 002,2250
E02000866,Tower Hamlets 003,2040
E02000867,Tower Hamlets 004,3586
E02000868,Tower Hamlets 005,2177
E02000869,Tower Hamlets 006,1835
E02000870,Tower Hamlets 007,1811
E02000871,Tower Hamlets 008,3738
E02000872,Tower Hamlets 009,2648
E02000873,Tower Hamlets 010,2518
E02000874,Tower Hamlets 011,2071
E02000875,Tower Hamlets 012,4502
E02000876,Tower Hamlets 013,2208
E02000877,Tower Hamlets 014,4101
E02000878,Tower Hamlets 015,2910
E02000879,Tower Hamlets 016,2296
E02000880,Tower Hamlets 017,1841
E02000881,Tower Hamlets 018,3130
E02000882,Tower Hamlets 019,2638
E02000883,Tower Hamlets 020,2402
E02000884,Tower Hamlets 021,4144
E02000885,Tower Hamlets 022,1965
E02000886,Tower Hamlets 023,3292
E02000887,Tower Hamlets 024,3373
E02000888,Tower Hamlets 025,2968
E02000889,Tower Hamlets 026,3114
E02000890,Tower Hamlets 027,2089
E02000893,Tower Hamlets 030,2257
E02000894,Tower Hamlets 031,3213
E02000895,Waltham Forest 001,755
E02000896,Waltham Forest 002,1058
E02000897,Waltham Forest 003,864
E02000898,Waltham Forest 004,931
E02000899,Waltham Forest 005,627
E02000900,Waltham Forest 006,621
E02000901,Waltham Forest 007,863
E02000902,Waltham Forest 008,1231
E02000903,Waltham Forest 009,844
E02000904,Waltham Forest 010,586
E02000905,Waltham Forest 011,707
E02000906,Waltham Forest 012,1233
E02000907,Waltham Forest 013,2436
E02000908,Waltham Forest 014,2785
E02000909,Waltham Forest 015,1226
E02000910,Waltham Forest 016,1453
E02000911,Waltham Forest 017,1794
E02000912,Waltham Forest 018,573
E02000913,Waltham Forest 019,440
E02000914,Waltham Forest 020,1618
E02000915,Waltham Forest 021,869
E02000916,Waltham Forest 022,1765
E02000917,Waltham Forest 023,1237
E02000918,Waltham Forest 024,1233
E02000919,Waltham Forest 025,568
E02000920,Waltham Forest 026,1479
E02000921,Waltham Forest 027,1229
E02000922,Waltham Forest 028,529
E02000923,Wandsworth 001,2572
E02000925,Wandsworth 003,2459
E02000926,Wandsworth 004,4395
E02000927,Wandsworth 005,983
E02000928,Wandsworth 006,1095
E02000929,Wandsworth 007,3072
E02000930,Wandsworth 008,1433
E02000931,Wandsworth 009,384
E02000932,Wandsworth 010,3266
E02000933,Wandsworth 011,1850
E02000934,Wandsworth 012,1618
E02000935,Wandsworth 013,2061
E02000936,Wandsworth 014,3270
E02000937,Wandsworth 015,614
E02000938,Wandsworth 016,2882
E02000939,Wandsworth 017,377
E02000940,Wandsworth 018,2953
E02000941,Wandsworth 019,821
E02000942,Wandsworth 020,805
E02000943,Wandsworth 021,1432
E02000944,Wandsworth 022,2207
E02000945,Wandsworth 023,1982
E02000946,Wandsworth 024,1397
E02000947,Wandsworth 025,1312
E02000948,Wandsworth 026,1529
E02000949,Wandsworth 027,1268
E02000950,Wandsworth 028,2172
E02000951,Wandsworth 029,990
E02000952,Wandsworth 030,695
E02000953,Wandsworth 031,1580
E02000954,Wandsworth 032,316
E02000955,Wandsworth 033,359
E02000956,Wandsworth 034,1180
E02000957,Wandsworth 035,1702
E02000958,Wandsworth 036,637
E02000959,Wandsworth 037,1154
E02000960,Westminster 001,2188
E02000961,Westminster 002,2562
E02000962,Westminster 003,3432
E02000963,Westminster 004,1590
E02000964,Westminster 005,2563
E02000965,Westminster 006,2286
E02000966,Westminster 007,1956
E02000967,Westminster 008,2468
E02000968,Westminster 009,5030
E02000969,Westminster 010,3338
E02000970,Westminster 011,2407
E02000971,Westminster 012,2680
E02000972,Westminster 013,3425
E02000973,Westminster 014,2475
E02000974,Westminster 015,2980
E02000975,Westminster 016,2426
E02000976,Westminster 017,3197
E02000977,Westminster 018,2658
E02000978,Westminster 019,1223
E02000979,Westminster 020,3422
E02000980,Westminster 021,3922
E02000981,Westminster 022,1883
E02000982,Westminster 023,3246
E02000983,Westminster 024,3157
E02003237,Peterborough 001,74
E02003238,Peterborough 002,334
E02003239,Peterborough 003,57
E02003240,Peterborough 004,41
E02003241,Peterborough 005,86
E02003242,Peterborough 006,353
E02003243,Peterborough 007,906
E02003244,Peterborough 008,432
E02003245,Peterborough 009,559
E02003246,Peterborough 010,417
E02003247,Peterborough 011,728
E02003248,Peterborough 012,447
E02003249,Peterborough 013,1035
E02003250,Peterborough 014,1749
E02003251,Peterborough 015,182
E02003252,Peterborough 016,1069
E02003253,Peterborough 017,1179
E02003254,Peterborough 018,204
E02003255,Peterborough 019,327
E02003257,Peterborough 021,835
E02003258,Luton 001,212
E02003259,Luton 002,433
E02003260,Luton 003,1015
E02003261,Luton 004,231
E02003262,Luton 005,1014
E02003263,Luton 006,609
E02003264,Luton 007,61
E02003265,Luton 008,519
E02003266,Luton 009,505
E02003267,Luton 010,381
E02003268,Luton 011,398
E02003269,Luton 012,702
E02003270,Luton 013,201
E02003271,Luton 014,360
E02003272,Luton 015,380
E02003273,Luton 016,535
E02003274,Luton 017,888
E02003276,Luton 019,502
E02003277,Luton 020,891
E02003278,Luton 021,2163
E02003279,Southend-on-Sea 001,332
E02003280,Southend-on-Sea 002,587
E02003281,Southend-on-Sea 003,540
E02003282,Southend-on-Sea 004,809
E02003283,Southend-on-Sea 005,658
E02003284,Southend-on-Sea 006,576
E02003285,Southend-on-Sea 007,640
E02003286,Southend-on-Sea 008,572
E02003287,Southend-on-Sea 009,648
E02003288,Southend-on-Sea 010,2630
E02003289,Southend-on-Sea 011,934
E02003290,Southend-on-Sea 012,1214
E02003291,Southend-on-Sea 013,992
E02003292,Southend-on-Sea 014,2194
E02003293,Southend-on-Sea 015,1599
E02003294,Southend-on-Sea 016,535
E02003295,Southend-on-Sea 017,522
E02003296,Thurrock 001,78
E02003297,Thurrock 002,512
E02003298,Thurrock 003,197
E02003299,Thurrock 004,95
E02003300,Thurrock 005,587
E02003301,Thurrock 006,844
E02003302,Thurrock 007,1270
E02003303,Thurrock 008,479
E02003304,Thurrock 009,559
E02003305,Thurrock 010,258
E02003307,Thurrock 012,612
E02003308,Thurrock 013,354
E02003309,Thurrock 014,438
E02003311,Thurrock 016,641
E02003312,Thurrock 017,2433
E02003313,Thurrock 018,1254
E02003314,Medway 001,215
E02003315,Medway 002,74
E02003316,Medway 003,432
E02003317,Medway 004,305
E02003318,Medway 005,12
E02003319,Medway 006,389
E02003320,Medway 007,1513
E02003321,Medway 008,462
E02003322,Medway 009,949
E02003323,Medway 010,355
E02003324,Medway 011,434
E02003325,Medway 012,748
E02003326,Medway 013,140
E02003327,Medway 014,1643
E02003328,Medway 015,1796
E02003329,Medway 016,189
E02003330,Medway 017,141
E02003331,Medway 018,479
E02003332,Medway 019,92
E02003333,Medway 020,589
E02003334,Medway 021,227
E02003335,Medway 022,255
E02003336,Medway 023,68
E02003337,Medway 024,258
E02003338,Medway 025,497
E02003339,Medway 026,175
E02003340,Medway 027,341
E02003341,Medway 028,154
E02003342,Medway 029,208
E02003343,Medway 030,55
E02003344,Medway 031,313
E02003345,Medway 032,132
E02003346,Medway 033,297
E02003347,Medway 034,79
E02003348,Medway 035,68
E02003349,Medway 036,230
E02003350,Medway 037,149
E02003351,Medway 038,304
E02003352,Bracknell Forest 001,91
E02003353,Bracknell Forest 002,842
E02003354,Bracknell Forest 003,494
E02003355,Bracknell Forest 004,771
E02003356,Bracknell Forest 005,257
E02003357,Bracknell Forest 006,1665
E02003358,Bracknell Forest 007,2041
E02003359,Bracknell Forest 008,425
E02003360,Bracknell Forest 009,538
E02003361,Bracknell Forest 010,424
E02003362,Bracknell Forest 011,576
E02003363,Bracknell Forest 012,751
E02003364,Bracknell Forest 013,252
E02003365,Bracknell Forest 014,256
E02003366,Bracknell Forest 015,216
E02003367,West Berkshire 001,60
E02003368,West Berkshire 002,167
E02003369,West Berkshire 003,223
E02003370,West Berkshire 004,196
E02003371,West Berkshire 005,20
E02003372,West Berkshire 006,265
E02003373,West Berkshire 007,80
E02003374,West Berkshire 008,251
E02003375,West Berkshire 009,495
E02003376,West Berkshire 010,431
E02003377,West Berkshire 011,206
E02003378,West Berkshire 012,843
E02003379,West Berkshire 013,476
E02003380,West Berkshire 014,265
E02003381,West Berkshire 015,156
E02003382,West Berkshire 016,564
E02003383,West Berkshire 017,227
E02003384,West Berkshire 018,134
E02003385,West Berkshire 019,2438
E02003386,West Berkshire 020,756
E02003387,West Berkshire 021,376
E02003388,West Berkshire 022,250
E02003389,Reading 001,279
E02003390,Reading 002,105
E02003391,Reading 003,521
E02003392,Reading 004,845
E02003393,Reading 005,348
E02003394,Reading 006,544
E02003395,Reading 007,930
E02003396,Reading 008,1082
E02003397,Reading 009,381
E02003398,Reading 010,1316
E02003400,Reading 012,615
E02003401,Reading 013,1831
E02003402,Reading 014,1223
E02003403,Reading 015,1220
E02003404,Reading 016,604
E02003405,Reading 017,1410
E02003406,Reading 018,370
E02003407,Slough 001,614
E02003408,Slough 002,908
E02003409,Slough 003,1528
E02003410,Slough 004,512
E02003411,Slough 005,703
E02003412,Slough 006,684
E02003414,Slough 008,1224
E02003415,Slough 009,2158
E02003416,Slough 010,910
E02003417,Slough 011,2167
E02003418,Slough 012,717
E02003419,Slough 013,1068
E02003420,Slough 014,741
E02003421,Windsor and Maidenhead 001,148
E02003422,Windsor and Maidenhead 002,278
E02003423,Windsor and Maidenhead 003,333
E02003424,Windsor and Maidenhead 004,1280
E02003425,Windsor and Maidenhead 005,2613
E02003426,Windsor and Maidenhead 006,411
E02003427,Windsor and Maidenhead 007,600
E02003428,Windsor and Maidenhead 008,440
E02003429,Windsor and Maidenhead 009,207
E02003430,Windsor and Maidenhead 010,755
E02003431,Windsor and Maidenhead 011,462
E02003432,Windsor and Maidenhead 012,876
E02003433,Windsor and Maidenhead 013,274
E02003434,Windsor and Maidenhead 014,1208
E02003435,Windsor and Maidenhead 015,584
E02003436,Windsor and Maidenhead 016,291
E02003437,Windsor and Maidenhead 017,515
E02003438,Windsor and Maidenhead 018,894
E02003439,Wokingham 001,184
E02003440,Wokingham 002,385
E02003441,Wokingham 003,187
E02003442,Wokingham 004,415
E02003443,Wokingham 005,443
E02003444,Wokingham 006,227
E02003445,Wokingham 007,323
E02003446,Wokingham 008,145
E02003447,Wokingham 009,335
E02003448,Wokingham 010,330
E02003449,Wokingham 011,398
E02003450,Wokingham 012,669
E02003451,Wokingham 013,1441
E02003452,Wokingham 014,454
E02003453,Wokingham 015,95
E02003454,Wokingham 016,524
E02003455,Wokingham 017,474
E02003456,Wokingham 018,350
E02003457,Wokingham 019,81
E02003458,Wokingham 020,164
E02003459,Milton Keynes 001,155
E02003460,Milton Keynes 002,331
E02003461,Milton Keynes 003,213
E02003462,Milton Keynes 004,316
E02003463,Milton Keynes 005,242
E02003464,Milton Keynes 006,308
E02003465,Milton Keynes 007,416
E02003466,Milton Keynes 008,462
E02003467,Milton Keynes 009,500
E02003468,Milton Keynes 010,566
E02003469,Milton Keynes 011,69
E02003470,Milton Keynes 012,454
E02003471,Milton Keynes 013,401
E02003472,Milton Keynes 014,2720
E02003473,Milton Keynes 015,302
E02003474,Milton Keynes 016,577
E02003476,Milton Keynes 018,604
E02003478,Milton Keynes 020,295
E02003479,Milton Keynes 021,427
E02003480,Milton Keynes 022,457
E02003481,Milton Keynes 023,1050
E02003482,Milton Keynes 024,561
E02003483,Milton Keynes 025,434
E02003484,Milton Keynes 026,334
E02003485,Milton Keynes 027,543
E02003486,Milton Keynes 028,352
E02003487,Milton Keynes 029,223
E02003488,Milton Keynes 030,526
E02003489,Milton Keynes 031,454
E02003490,Milton Keynes 032,680
E02003491,Brighton and Hove 001,271
E02003492,Brighton and Hove 002,284
E02003493,Brighton and Hove 003,832
E02003494,Brighton and Hove 004,413
E02003495,Brighton and Hove 005,252
E02003496,Brighton and Hove 006,859
E02003497,Brighton and Hove 007,455
E02003498,Brighton and Hove 008,1459
E02003499,Brighton and Hove 009,382
E02003500,Brighton and Hove 010,106
E02003501,Brighton and Hove 011,972
E02003502,Brighton and Hove 012,610
E02003503,Brighton and Hove 013,387
E02003504,Brighton and Hove 014,995
E02003505,Brighton and Hove 015,882
E02003506,Brighton and Hove 016,354
E02003507,Brighton and Hove 017,237
E02003508,Brighton and Hove 018,399
E02003509,Brighton and Hove 019,1716
E02003510,Brighton and Hove 020,2129
E02003511,Brighton and Hove 021,638
E02003512,Brighton and Hove 022,682
E02003513,Brighton and Hove 023,995
E02003514,Brighton and Hove 024,1501
E02003515,Brighton and Hove 025,1351
E02003516,Brighton and Hove 026,1714
E02003517,Brighton and Hove 027,2189
E02003518,Brighton and Hove 028,1779
E02003519,Brighton and Hove 029,1825
E02003520,Brighton and Hove 030,2403
E02003521,Brighton and Hove 031,1768
E02003522,Brighton and Hove 032,1902
E02003523,Brighton and Hove 033,709
E02003524,Portsmouth 001,423
E02003525,Portsmouth 002,791
E02003526,Portsmouth 003,416
E02003527,Portsmouth 004,460
E02003529,Portsmouth 006,549
E02003530,Portsmouth 007,1195
E02003531,Portsmouth 008,233
E02003532,Portsmouth 009,509
E02003533,Portsmouth 010,296
E02003534,Portsmouth 011,206
E02003535,Portsmouth 012,291
E02003536,Portsmouth 013,2168
E02003537,Portsmouth 014,566
E02003538,Portsmouth 015,732
E02003540,Portsmouth 017,789
E02003541,Portsmouth 018,2573
E02003542,Portsmouth 019,251
E02003543,Portsmouth 020,572
E02003544,Portsmouth 021,360
E02003545,Portsmouth 022,1520
E02003546,Portsmouth 023,834
E02003547,Portsmouth 024,2334
E02003548,Portsmouth 025,611
E02003549,Southampton 001,671
E02003550,Southampton 002,572
E02003551,Southampton 003,758
E02003552,Southampton 004,636
E02003553,Southampton 005,272
E02003554,Southampton 006,783
E02003555,Southampton 007,965
E02003556,Southampton 008,417
E02003557,Southampton 009,1125
E02003558,Southampton 010,1219
E02003559,Southampton 011,420
E02003560,Southampton 012,1447
E02003561,Southampton 013,1192
E02003562,Southampton 014,1338
E02003563,Southampton 015,1333
E02003564,Southampton 016,1068
E02003565,Southampton 017,891
E02003566,Southampton 018,696
E02003567,Southampton 019,760
E02003568,Southampton 020,1574
E02003569,Southampton 021,1510
E02003570,Southampton 022,1846
E02003571,Southampton 023,1915
E02003572,Southampton 024,230
E02003573,Southampton 025,1096
E02003574,Southampton 026,588
E02003575,Southampton 027,1313
E02003576,Southampton 028,882
E02003578,Southampton 030,428
E02003579,Southampton 031,1413
E02003580,Southampton 032,1250
E02003581,Isle of Wight 001,632
E02003582,Isle of Wight 002,101
E02003583,Isle of Wight 003,483
E02003584,Isle of Wight 004,919
E02003585,Isle of Wight 005,157
E02003586,Isle of Wight 006,230
E02003587,Isle of Wight 007,781
E02003588,Isle of Wight 008,474
E02003589,Isle of Wight 009,765
E02003590,Isle of Wight 010,251
E02003591,Isle of Wight 011,469
E02003592,Isle of Wight 012,597
E02003593,Isle of Wight 013,34
E02003594,Isle of Wight 014,638
E02003595,Isle of Wight 015,266
E02003596,Isle of Wight 016,1117
E02003597,Isle of Wight 017,93
E02003598,Isle of Wight 018,565
E02003599,Central Bedfordshire 001,193
E02003600,Central Bedfordshire 002,269
E02003601,Central Bedfordshire 003,237
E02003602,Central Bedfordshire 004,47
E02003603,Central Bedfordshire 005,691
E02003604,Central Bedfordshire 006,432
E02003605,Central Bedfordshire 007,149
E02003606,Central Bedfordshire 008,72
E02003607,Central Bedfordshire 009,266
E02003608,Central Bedfordshire 010,420
E02003609,Central Bedfordshire 011,450
E02003610,Central Bedfordshire 012,318
E02003611,Central Bedfordshire 013,168
E02003612,Central Bedfordshire 014,398
E02003613,Central Bedfordshire 015,299
E02003614,Central Bedfordshire 016,170
E02003615,Central Bedfordshire 017,132
E02003616,Bedford 001,29
E02003617,Bedford 002,90
E02003618,Bedford 003,179
E02003619,Bedford 004,132
E02003620,Bedford 005,402
E02003621,Bedford 006,93
E02003622,Bedford 007,468
E02003623,Bedford 008,334
E02003624,Bedford 009,577
E02003625,Bedford 010,1703
E02003626,Bedford 011,140
E02003627,Bedford 012,2047
E02003628,Bedford 013,529
E02003629,Bedford 014,976
E02003630,Bedford 015,1126
E02003631,Bedford 016,362
E02003632,Bedford 017,262
E02003633,Bedford 018,479
E02003635,Bedford 020,212
E02003636,Central Bedfordshire 018,62
E02003637,Central Bedfordshire 019,164
E02003638,Central Bedfordshire 020,149
E02003639,Central Bedfordshire 021,1131
E02003640,Central Bedfordshire 022,463
E02003641,Central Bedfordshire 023,235
E02003642,Central Bedfordshire 025,328
E02003643,Central Bedfordshire 024,785
E02003644,Central Bedfordshire 026,496
E02003645,Central Bedfordshire 027,316
E02003646,Central Bedfordshire 028,688
E02003647,Central Bedfordshire 029,1527
E02003648,Central Bedfordshire 030,645
E02003649,Central Bedfordshire 031,431
E02003650,Central Bedfordshire 032,114
E02003651,Central Bedfordshire 033,52
E02003652,Buckinghamshire 001,285
E02003653,Buckinghamshire 002,404
E02003654,Buckinghamshire 003,41
E02003655,Buckinghamshire 004,71
E02003656,Buckinghamshire 005,198
E02003657,Buckinghamshire 006,65
E02003658,Buckinghamshire 007,167
E02003659,Buckinghamshire 009,273
E02003660,Buckinghamshire 008,51
E02003661,Buckinghamshire 010,57
E02003662,Buckinghamshire 012,506
E02003663,Buckinghamshire 011,670
E02003664,Buckinghamshire 013,811
E02003665,Buckinghamshire 014,358
E02003666,Buckinghamshire 015,1432
E02003667,Buckinghamshire 016,722
E02003668,Buckinghamshire 018,264
E02003669,Buckinghamshire 017,688
E02003670,Buckinghamshire 019,685
E02003671,Buckinghamshire 020,344
E02003672,Buckinghamshire 021,266
E02003673,Buckinghamshire 022,261
E02003674,Buckinghamshire 023,54
E02003675,Buckinghamshire 024,381
E02003676,Buckinghamshire 029,89
E02003677,Buckinghamshire 027,670
E02003678,Buckinghamshire 028,302
E02003679,Buckinghamshire 030,870
E02003680,Buckinghamshire 031,356
E02003681,Buckinghamshire 032,833
E02003682,Buckinghamshire 034,390
E02003683,Buckinghamshire 035,587
E02003685,Buckinghamshire 047,204
E02003686,Buckinghamshire 050,436
E02003687,Buckinghamshire 054,165
E02003688,Buckinghamshire 053,870
E02003689,Buckinghamshire 058,585
E02003690,Buckinghamshire 059,987
E02003691,Buckinghamshire 063,393
E02003692,Buckinghamshire 064,355
E02003693,Buckinghamshire 065,445
E02003694,Buckinghamshire 066,832
E02003695,Buckinghamshire 067,651
E02003696,Buckinghamshire 026,553
E02003697,Buckinghamshire 025,42
E02003698,Buckinghamshire 033,57
E02003699,Buckinghamshire 037,212
E02003701,Buckinghamshire 038,879
E02003702,Buckinghamshire 040,148
E02003703,Buckinghamshire 041,915
E02003704,Buckinghamshire 045,239
E02003705,Buckinghamshire 042,494
E02003706,Buckinghamshire 043,704
E02003707,Buckinghamshire 044,701
E02003708,Buckinghamshire 046,821
E02003709,Buckinghamshire 048,563
E02003710,Buckinghamshire 049,1351
E02003711,Buckinghamshire 051,1809
E02003712,Buckinghamshire 052,383
E02003713,Buckinghamshire 055,140
E02003714,Buckinghamshire 056,483
E02003715,Buckinghamshire 057,49
E02003716,Buckinghamshire 060,465
E02003717,Buckinghamshire 062,574
E02003718,Buckinghamshire 061,398
E02003719,Cambridge 001,1199
E02003720,Cambridge 002,1031
E02003721,Cambridge 003,1179
E02003722,Cambridge 004,1056
E02003723,Cambridge 005,1272
E02003724,Cambridge 006,1286
E02003725,Cambridge 007,1271
E02003726,Cambridge 008,952
E02003727,Cambridge 009,851
E02003728,Cambridge 010,1412
E02003729,Cambridge 011,775
E02003731,Cambridge 013,903
E02003732,East Cambridgeshire 001,271
E02003733,East Cambridgeshire 002,48
E02003734,East Cambridgeshire 003,524
E02003735,East Cambridgeshire 004,444
E02003736,East Cambridgeshire 005,111
E02003737,East Cambridgeshire 006,509
E02003738,East Cambridgeshire 007,38
E02003739,East Cambridgeshire 008,153
E02003740,East Cambridgeshire 009,73
E02003742,Fenland 001,19
E02003743,Fenland 002,551
E02003744,Fenland 003,1007
E02003745,Fenland 004,9
E02003746,Fenland 005,116
E02003747,Fenland 006,401
E02003748,Fenland 007,450
E02003749,Fenland 008,39
E02003750,Fenland 009,208
E02003751,Fenland 010,57
E02003752,Fenland 011,269
E02003753,Huntingdonshire 001,262
E02003754,Huntingdonshire 002,45
E02003755,Huntingdonshire 003,383
E02003756,Huntingdonshire 004,79
E02003757,Huntingdonshire 005,150
E02003758,Huntingdonshire 006,80
E02003759,Huntingdonshire 007,13
E02003760,Huntingdonshire 008,265
E02003761,Huntingdonshire 009,125
E02003762,Huntingdonshire 010,284
E02003763,Huntingdonshire 011,229
E02003764,Huntingdonshire 012,1184
E02003765,Huntingdonshire 013,574
E02003766,Huntingdonshire 014,549
E02003767,Huntingdonshire 015,24
E02003768,Huntingdonshire 016,189
E02003769,Huntingdonshire 017,97
E02003770,Huntingdonshire 018,656
E02003771,Huntingdonshire 019,638
E02003772,Huntingdonshire 020,257
E02003773,Huntingdonshire 021,657
E02003774,Huntingdonshire 022,285
E02003775,South Cambridgeshire 001,124
E02003776,South Cambridgeshire 002,57
E02003777,South Cambridgeshire 003,190
E02003778,South Cambridgeshire 004,190
E02003780,South Cambridgeshire 006,745
E02003781,South Cambridgeshire 007,204
E02003784,South Cambridgeshire 010,108
E02003785,South Cambridgeshire 011,418
E02003786,South Cambridgeshire 012,276
E02003787,South Cambridgeshire 013,58
E02003788,South Cambridgeshire 014,281
E02003789,South Cambridgeshire 015,171
E02003790,South Cambridgeshire 016,112
E02003791,South Cambridgeshire 017,46
E02003792,South Cambridgeshire 018,158
E02003793,South Cambridgeshire 019,25
E02004356,Eastbourne 001,319
E02004357,Eastbourne 002,425
E02004358,Eastbourne 003,613
E02004359,Eastbourne 004,515
E02004361,Eastbourne 006,373
E02004362,Eastbourne 007,440
E02004363,Eastbourne 008,1205
E02004364,Eastbourne 009,1169
E02004365,Eastbourne 010,1601
E02004366,Eastbourne 011,2139
E02004367,Eastbourne 012,1222
E02004368,Hastings 001,370
E02004369,Hastings 002,382
E02004370,Hastings 003,596
E02004371,Hastings 004,436
E02004372,Hastings 005,694
E02004373,Hastings 006,549
E02004374,Hastings 007,440
E02004375,Hastings 008,870
E02004376,Hastings 009,1034
E02004377,Hastings 010,769
E02004378,Hastings 011,1934
E02004379,Lewes 001,124
E02004380,Lewes 002,366
E02004381,Lewes 003,927
E02004382,Lewes 004,196
E02004383,Lewes 005,409
E02004384,Lewes 006,475
E02004385,Lewes 007,634
E02004386,Lewes 008,462
E02004387,Lewes 009,357
E02004388,Lewes 010,414
E02004389,Lewes 011,307
E02004390,Lewes 012,313
E02004391,Lewes 013,1175
E02004392,Rother 001,206
E02004393,Rother 002,147
E02004394,Rother 003,92
E02004395,Rother 004,436
E02004396,Rother 005,125
E02004397,Rother 006,344
E02004398,Rother 007,738
E02004399,Rother 008,736
E02004400,Rother 009,400
E02004401,Rother 010,950
E02004402,Rother 011,1801
E02004403,Wealden 001,253
E02004404,Wealden 002,66
E02004405,Wealden 003,272
E02004406,Wealden 004,447
E02004407,Wealden 005,270
E02004408,Wealden 006,359
E02004409,Wealden 007,48
E02004410,Wealden 008,144
E02004411,Wealden 009,469
E02004412,Wealden 010,543
E02004413,Wealden 011,242
E02004414,Wealden 012,283
E02004415,Wealden 013,105
E02004416,Wealden 014,80
E02004417,Wealden 015,269
E02004418,Wealden 016,366
E02004419,Wealden 017,310
E02004420,Wealden 018,277
E02004421,Wealden 019,585
E02004422,Wealden 020,319
E02004423,Wealden 021,199
E02004424,Basildon 001,95
E02004425,Basildon 002,353
E02004426,Basildon 003,408
E02004427,Basildon 004,377
E02004428,Basildon 005,540
E02004429,Basildon 006,220
E02004430,Basildon 007,116
E02004431,Basildon 008,604
E02004432,Basildon 009,117
E02004433,Basildon 010,747
E02004434,Basildon 011,680
E02004435,Basildon 012,526
E02004436,Basildon 013,691
E02004437,Basildon 014,1080
E02004438,Basildon 015,1054
E02004439,Basildon 016,808
E02004440,Basildon 017,777
E02004441,Basildon 018,832
E02004442,Basildon 019,691
E02004443,Basildon 020,1176
E02004444,Basildon 021,453
E02004445,Basildon 022,838
E02004446,Braintree 001,52
E02004447,Braintree 002,23
E02004448,Braintree 003,263
E02004449,Braintree 004,691
E02004450,Braintree 005,18
E02004451,Braintree 006,194
E02004452,Braintree 007,238
E02004453,Braintree 008,591
E02004454,Braintree 009,1467
E02004455,Braintree 010,132
E02004456,Braintree 011,668
E02004457,Braintree 012,232
E02004458,Braintree 013,252
E02004459,Braintree 014,293
E02004460,Braintree 015,244
E02004461,Braintree 016,170
E02004462,Braintree 017,1578
E02004463,Braintree 018,208
E02004464,Brentwood 001,111
E02004465,Brentwood 002,305
E02004466,Brentwood 003,482
E02004467,Brentwood 004,661
E02004468,Brentwood 005,432
E02004469,Brentwood 006,268
E02004470,Brentwood 007,2598
E02004471,Brentwood 008,950
E02004472,Brentwood 009,199
E02004473,Castle Point 001,350
E02004474,Castle Point 002,186
E02004475,Castle Point 003,139
E02004476,Castle Point 004,224
E02004477,Castle Point 005,59
E02004478,Castle Point 006,660
E02004479,Castle Point 007,262
E02004480,Castle Point 008,144
E02004481,Castle Point 009,109
E02004482,Castle Point 010,232
E02004483,Castle Point 011,187
E02004484,Castle Point 012,313
E02004485,Chelmsford 001,364
E02004486,Chelmsford 002,328
E02004487,Chelmsford 003,341
E02004488,Chelmsford 004,862
E02004489,Chelmsford 005,309
E02004490,Chelmsford 006,922
E02004491,Chelmsford 007,334
E02004492,Chelmsford 008,756
E02004493,Chelmsford 009,1119
E02004495,Chelmsford 011,303
E02004496,Chelmsford 012,352
E02004497,Chelmsford 013,347
E02004498,Chelmsford 014,1022
E02004499,Chelmsford 015,95
E02004500,Chelmsford 016,216
E02004501,Chelmsford 017,432
E02004502,Chelmsford 018,121
E02004503,Chelmsford 019,405
E02004504,Chelmsford 020,485
E02004505,Chelmsford 021,125
E02004506,Colchester 001,141
E02004507,Colchester 002,763
E02004508,Colchester 003,116
E02004512,Colchester 007,2222
E02004513,Colchester 008,2006
E02004514,Colchester 009,332
E02004515,Colchester 010,326
E02004516,Colchester 011,1199
E02004517,Colchester 012,518
E02004518,Colchester 013,685
E02004519,Colchester 014,191
E02004520,Colchester 015,735
E02004521,Colchester 016,1057
E02004522,Colchester 017,222
E02004523,Colchester 018,754
E02004524,Colchester 019,67
E02004525,Colchester 020,339
E02004526,Colchester 021,339
E02004527,Epping Forest 001,693
E02004528,Epping Forest 002,87
E02004529,Epping Forest 003,21
E02004530,Epping Forest 004,409
E02004531,Epping Forest 005,438
E02004532,Epping Forest 006,626
E02004533,Epping Forest 007,666
E02004534,Epping Forest 008,992
E02004535,Epping Forest 009,595
E02004536,Epping Forest 010,212
E02004537,Epping Forest 011,1245
E02004538,Epping Forest 012,680
E02004539,Epping Forest 013,736
E02004540,Epping Forest 014,478
E02004541,Epping Forest 015,1435
E02004542,Epping Forest 016,295
E02004543,Epping Forest 017,840
E02004544,Harlow 001,970
E02004545,Harlow 002,1002
E02004546,Harlow 003,1142
E02004547,Harlow 004,1214
E02004548,Harlow 005,280
E02004549,Harlow 006,577
E02004550,Harlow 007,1448
E02004551,Harlow 008,717
E02004552,Harlow 009,655
E02004553,Harlow 010,723
E02004554,Harlow 011,738
E02004555,Maldon 001,111
E02004556,Maldon 002,59
E02004557,Maldon 003,240
E02004558,Maldon 004,662
E02004559,Maldon 005,195
E02004560,Maldon 006,197
E02004561,Maldon 007,167
E02004562,Maldon 008,326
E02004563,Rochford 001,112
E02004564,Rochford 002,159
E02004566,Rochford 004,542
E02004567,Rochford 005,165
E02004568,Rochford 006,340
E02004569,Rochford 007,621
E02004570,Rochford 008,637
E02004571,Rochford 009,153
E02004572,Rochford 010,223
E02004573,Tendring 001,719
E02004574,Tendring 002,520
E02004575,Tendring 003,539
E02004576,Tendring 004,162
E02004577,Tendring 005,122
E02004578,Tendring 006,936
E02004579,Tendring 007,107
E02004580,Tendring 008,269
E02004581,Tendring 009,150
E02004582,Tendring 010,121
E02004583,Tendring 011,424
E02004584,Tendring 012,302
E02004585,Tendring 013,178
E02004586,Tendring 014,976
E02004587,Tendring 015,674
E02004588,Tendring 016,1356
E02004589,Tendring 017,576
E02004590,Tendring 018,257
E02004591,Uttlesford 001,150
E02004592,Uttlesford 002,1106
E02004593,Uttlesford 003,133
E02004594,Uttlesford 004,109
E02004595,Uttlesford 005,396
E02004596,Uttlesford 006,262
E02004597,Uttlesford 007,680
E02004598,Uttlesford 008,192
E02004599,Uttlesford 009,128
E02004675,Basingstoke and Deane 001,290
E02004676,Basingstoke and Deane 002,206
E02004677,Basingstoke and Deane 003,72
E02004678,Basingstoke and Deane 004,230
E02004679,Basingstoke and Deane 005,312
E02004680,Basingstoke and Deane 006,269
E02004681,Basingstoke and Deane 007,1393
E02004682,Basingstoke and Deane 008,537
E02004683,Basingstoke and Deane 009,911
E02004684,Basingstoke and Deane 010,758
E02004685,Basingstoke and Deane 011,1603
E02004686,Basingstoke and Deane 012,1269
E02004687,Basingstoke and Deane 013,201
E02004688,Basingstoke and Deane 014,691
E02004689,Basingstoke and Deane 015,72
E02004690,Basingstoke and Deane 016,502
E02004691,Basingstoke and Deane 017,161
E02004692,Basingstoke and Deane 018,57
E02004693,Basingstoke and Deane 019,489
E02004694,Basingstoke and Deane 020,279
E02004695,Basingstoke and Deane 021,271
E02004696,Basingstoke and Deane 022,325
E02004697,East Hampshire 001,118
E02004698,East Hampshire 002,908
E02004699,East Hampshire 003,804
E02004700,East Hampshire 004,524
E02004702,East Hampshire 006,389
E02004703,East Hampshire 007,173
E02004704,East Hampshire 008,111
E02004705,East Hampshire 009,628
E02004706,East Hampshire 010,302
E02004707,East Hampshire 011,386
E02004708,East Hampshire 012,930
E02004709,East Hampshire 013,252
E02004710,East Hampshire 014,175
E02004712,Eastleigh 001,364
E02004713,Eastleigh 002,240
E02004714,Eastleigh 003,560
E02004715,Eastleigh 004,910
E02004716,Eastleigh 005,368
E02004717,Eastleigh 006,1185
E02004718,Eastleigh 007,993
E02004719,Eastleigh 008,321
E02004720,Eastleigh 009,643
E02004721,Eastleigh 010,422
E02004722,Eastleigh 011,434
E02004723,Eastleigh 012,333
E02004724,Eastleigh 013,430
E02004725,Eastleigh 014,499
E02004726,Eastleigh 015,340
E02004727,Fareham 001,228
E02004728,Fareham 002,661
E02004729,Fareham 003,579
E02004730,Fareham 004,168
E02004731,Fareham 005,367
E02004732,Fareham 006,338
E02004733,Fareham 007,335
E02004734,Fareham 008,766
E02004735,Fareham 009,194
E02004736,Fareham 010,169
E02004737,Fareham 011,1029
E02004738,Fareham 012,345
E02004739,Fareham 013,178
E02004740,Fareham 014,188
E02004741,Gosport 001,269
E02004742,Gosport 002,497
E02004743,Gosport 003,144
E02004744,Gosport 004,1217
E02004745,Gosport 005,932
E02004746,Gosport 006,939
E02004747,Gosport 007,336
E02004748,Gosport 008,2300
E02004749,Gosport 009,353
E02004750,Gosport 010,330
E02004751,Hart 001,335
E02004752,Hart 002,124
E02004753,Hart 003,363
E02004754,Hart 004,283
E02004755,Hart 005,1499
E02004756,Hart 006,407
E02004757,Hart 007,131
E02004758,Hart 008,571
E02004759,Hart 009,252
E02004760,Hart 010,367
E02004761,Hart 011,165
E02004764,Havant 003,476
E02004765,Havant 004,200
E02004766,Havant 005,743
E02004767,Havant 006,559
E02004768,Havant 007,310
E02004769,Havant 008,491
E02004770,Havant 009,716
E02004771,Havant 010,728
E02004772,Havant 011,608
E02004774,Havant 013,454
E02004775,Havant 014,777
E02004776,Havant 015,216
E02004777,Havant 016,767
E02004778,Havant 017,487
E02004779,New Forest 001,378
E02004780,New Forest 002,192
E02004781,New Forest 003,257
E02004782,New Forest 004,573
E02004783,New Forest 005,183
E02004784,New Forest 006,28
E02004785,New Forest 007,155
E02004786,New Forest 008,434
E02004787,New Forest 009,627
E02004788,New Forest 010,89
E02004789,New Forest 011,514
E02004790,New Forest 012,716
E02004791,New Forest 013,134
E02004792,New Forest 014,141
E02004793,New Forest 015,137
E02004794,New Forest 016,64
E02004795,New Forest 017,683
E02004796,New Forest 018,98
E02004797,New Forest 019,470
E02004798,New Forest 020,526
E02004799,New Forest 021,1105
E02004800,New Forest 022,448
E02004801,New Forest 023,570
E02004802,Rushmoor 001,595
E02004803,Rushmoor 002,559
E02004804,Rushmoor 003,162
E02004805,Rushmoor 004,816
E02004806,Rushmoor 005,179
E02004807,Rushmoor 006,995
E02004808,Rushmoor 007,1572
E02004809,Rushmoor 008,1743
E02004810,Rushmoor 009,922
E02004811,Rushmoor 010,873
E02004812,Rushmoor 011,264
E02004813,Rushmoor 012,441
E02004814,Test Valley 001,157
E02004815,Test Valley 002,282
E02004817,Test Valley 004,623
E02004818,Test Valley 005,263
E02004819,Test Valley 006,594
E02004820,Test Valley 007,88
E02004821,Test Valley 008,79
E02004822,Test Valley 009,143
E02004823,Test Valley 010,307
E02004824,Test Valley 011,816
E02004825,Test Valley 012,338
E02004826,Test Valley 013,320
E02004827,Test Valley 014,45
E02004828,Test Valley 015,263
E02004829,Winchester 001,98
E02004830,Winchester 002,278
E02004831,Winchester 003,276
E02004832,Winchester 004,281
E02004833,Winchester 005,597
E02004834,Winchester 006,1058
E02004835,Winchester 007,1616
E02004836,Winchester 008,507
E02004837,Winchester 009,160
E02004838,Winchester 010,241
E02004839,Winchester 011,80
E02004840,Winchester 012,459
E02004841,Winchester 013,572
E02004842,Winchester 014,519
E02004843,Broxbourne 001,258
E02004844,Broxbourne 002,348
E02004845,Broxbourne 003,1605
E02004846,Broxbourne 004,304
E02004847,Broxbourne 005,1450
E02004848,Broxbourne 006,514
E02004849,Broxbourne 007,98
E02004850,Broxbourne 008,691
E02004851,Broxbourne 009,369
E02004852,Broxbourne 010,879
E02004853,Broxbourne 011,421
E02004854,Broxbourne 012,793
E02004855,Broxbourne 013,1459
E02004856,Dacorum 001,170
E02004857,Dacorum 002,283
E02004858,Dacorum 003,156
E02004859,Dacorum 004,165
E02004860,Dacorum 005,965
E02004861,Dacorum 006,188
E02004862,Dacorum 007,763
E02004863,Dacorum 008,868
E02004864,Dacorum 009,658
E02004865,Dacorum 010,631
E02004866,Dacorum 011,373
E02004867,Dacorum 012,462
E02004868,Dacorum 013,980
E02004869,Dacorum 014,487
E02004870,Dacorum 015,2086
E02004871,Dacorum 016,227
E02004872,Dacorum 017,380
E02004873,Dacorum 018,1427
E02004874,Dacorum 019,299
E02004875,Dacorum 020,864
E02004876,Dacorum 021,377
E02004877,Dacorum 022,275
E02004878,East Hertfordshire 001,272
E02004880,East Hertfordshire 003,385
E02004881,East Hertfordshire 004,709
E02004882,East Hertfordshire 005,511
E02004883,East Hertfordshire 006,209
E02004884,East Hertfordshire 007,1066
E02004885,East Hertfordshire 008,249
E02004886,East Hertfordshire 009,148
E02004887,East Hertfordshire 010,269
E02004888,East Hertfordshire 011,451
E02004889,East Hertfordshire 012,1125
E02004890,East Hertfordshire 013,1265
E02004891,East Hertfordshire 014,464
E02004892,East Hertfordshire 015,655
E02004893,East Hertfordshire 016,425
E02004894,East Hertfordshire 017,1693
E02004895,East Hertfordshire 018,529
E02004896,Hertsmere 001,654
E02004897,Hertsmere 002,361
E02004898,Hertsmere 003,650
E02004899,Hertsmere 004,210
E02004900,Hertsmere 005,573
E02004901,Hertsmere 006,1587
E02004902,Hertsmere 007,739
E02004903,Hertsmere 008,705
E02004904,Hertsmere 009,902
E02004905,Hertsmere 010,539
E02004906,Hertsmere 011,1256
E02004907,Hertsmere 012,1219
E02004908,Hertsmere 013,1180
E02004909,North Hertfordshire 001,569
E02004910,North Hertfordshire 002,754
E02004911,North Hertfordshire 003,715
E02004912,North Hertfordshire 004,696
E02004914,North Hertfordshire 006,807
E02004915,North Hertfordshire 007,428
E02004916,North Hertfordshire 008,399
E02004917,North Hertfordshire 009,491
E02004918,North Hertfordshire 010,1167
E02004919,North Hertfordshire 011,493
E02004920,North Hertfordshire 012,1331
E02004921,North Hertfordshire 013,666
E02004922,North Hertfordshire 014,274
E02004923,North Hertfordshire 015,532
E02004924,St Albans 001,380
E02004925,St Albans 002,528
E02004926,St Albans 003,840
E02004927,St Albans 004,325
E02004928,St Albans 005,147
E02004929,St Albans 006,246
E02004930,St Albans 007,436
E02004931,St Albans 008,613
E02004932,St Albans 009,353
E02004933,St Albans 010,193
E02004934,St Albans 011,1325
E02004935,St Albans 012,1851
E02004936,St Albans 013,290
E02004937,St Albans 014,293
E02004939,St Albans 016,590
E02004940,St Albans 017,753
E02004941,St Albans 018,928
E02004942,St Albans 019,372
E02004943,St Albans 020,337
E02004944,Stevenage 001,762
E02004945,Stevenage 002,910
E02004946,Stevenage 003,665
E02004948,Stevenage 005,758
E02004949,Stevenage 006,1325
E02004950,Stevenage 007,260
E02004951,Stevenage 008,1131
E02004952,Stevenage 009,355
E02004953,Stevenage 010,203
E02004954,Stevenage 011,607
E02004955,Stevenage 012,272
E02004956,Three Rivers 001,682
E02004957,Three Rivers 002,617
E02004958,Three Rivers 003,329
E02004959,Three Rivers 004,634
E02004960,Three Rivers 005,317
E02004961,Three Rivers 006,442
E02004962,Three Rivers 007,771
E02004963,Three Rivers 008,320
E02004964,Three Rivers 009,463
E02004965,Three Rivers 010,309
E02004966,Three Rivers 011,370
E02004967,Three Rivers 012,1054
E02004968,Watford 001,821
E02004969,Watford 002,412
E02004970,Watford 003,1082
E02004971,Watford 004,671
E02004972,Watford 005,422
E02004973,Watford 006,554
E02004974,Watford 007,1338
E02004975,Watford 008,728
E02004976,Watford 009,2440
E02004977,Watford 010,492
E02004978,Watford 011,1835
E02004979,Watford 012,616
E02004980,Welwyn Hatfield 001,129
E02004981,Welwyn Hatfield 002,397
E02004982,Welwyn Hatfield 003,240
E02004983,Welwyn Hatfield 004,573
E02004984,Welwyn Hatfield 005,967
E02004985,Welwyn Hatfield 006,744
E02004986,Welwyn Hatfield 007,1120
E02004987,Welwyn Hatfield 008,491
E02004988,Welwyn Hatfield 009,846
E02004989,Welwyn Hatfield 010,1313
E02004990,Welwyn Hatfield 011,752
E02004991,Welwyn Hatfield 012,1037
E02004992,Welwyn Hatfield 013,401
E02004994,Welwyn Hatfield 015,199
E02004995,Welwyn Hatfield 016,222
E02004996,Ashford 001,253
E02004997,Ashford 002,116
E02004998,Ashford 003,156
E02005000,Ashford 005,1191
E02005001,Ashford 006,188
E02005002,Ashford 007,779
E02005003,Ashford 008,511
E02005004,Ashford 009,454
E02005005,Ashford 010,193
E02005006,Ashford 011,56
E02005007,Ashford 012,170
E02005008,Ashford 013,452
E02005009,Ashford 014,68
E02005010,Canterbury 001,1036
E02005011,Canterbury 002,139
E02005012,Canterbury 003,428
E02005013,Canterbury 004,296
E02005014,Canterbury 005,172
E02005015,Canterbury 006,192
E02005016,Canterbury 007,464
E02005017,Canterbury 008,384
E02005018,Canterbury 009,249
E02005019,Canterbury 010,148
E02005020,Canterbury 011,218
E02005021,Canterbury 012,147
E02005022,Canterbury 013,576
E02005023,Canterbury 014,1161
E02005025,Canterbury 016,787
E02005026,Canterbury 017,203
E02005027,Canterbury 018,80
E02005028,Dartford 001,1792
E02005029,Dartford 002,1973
E02005030,Dartford 003,1627
E02005031,Dartford 004,989
E02005032,Dartford 005,829
E02005033,Dartford 006,990
E02005034,Dartford 007,82
E02005035,Dartford 008,356
E02005036,Dartford 009,479
E02005037,Dartford 010,97
E02005038,Dartford 011,177
E02005039,Dartford 012,252
E02005040,Dartford 013,120
E02005041,Dover 001,74
E02005042,Dover 002,275
E02005043,Dover 003,401
E02005044,Dover 004,517
E02005045,Dover 005,272
E02005046,Dover 006,295
E02005047,Dover 007,565
E02005048,Dover 008,22
E02005049,Dover 009,138
E02005050,Dover 010,344
E02005051,Dover 011,1017
E02005052,Dover 012,1291
E02005053,Dover 013,816
E02005054,Dover 014,153
E02005055,Gravesham 001,1127
E02005056,Gravesham 002,2243
E02005057,Gravesham 003,933
E02005058,Gravesham 004,290
E02005059,Gravesham 005,377
E02005060,Gravesham 006,471
E02005061,Gravesham 007,474
E02005062,Gravesham 008,119
E02005063,Gravesham 009,188
E02005064,Gravesham 010,41
E02005065,Gravesham 011,367
E02005066,Gravesham 012,77
E02005067,Gravesham 013,42
E02005068,Maidstone 001,44
E02005069,Maidstone 002,430
E02005070,Maidstone 003,213
E02005071,Maidstone 004,2365
E02005072,Maidstone 005,286
E02005073,Maidstone 006,2294
E02005074,Maidstone 007,150
E02005075,Maidstone 008,790
E02005076,Maidstone 009,663
E02005077,Maidstone 010,331
E02005078,Maidstone 011,216
E02005079,Maidstone 012,274
E02005080,Maidstone 013,1081
E02005081,Maidstone 014,133
E02005082,Maidstone 015,362
E02005083,Maidstone 016,209
E02005084,Maidstone 017,191
E02005085,Maidstone 018,224
E02005086,Maidstone 019,75
E02005087,Sevenoaks 001,151
E02005088,Sevenoaks 002,837
E02005089,Sevenoaks 003,344
E02005090,Sevenoaks 004,240
E02005091,Sevenoaks 005,436
E02005093,Sevenoaks 007,93
E02005094,Sevenoaks 008,652
E02005095,Sevenoaks 009,108
E02005096,Sevenoaks 010,719
E02005097,Sevenoaks 011,147
E02005098,Sevenoaks 012,881
E02005099,Sevenoaks 013,246
E02005100,Sevenoaks 014,595
E02005101,Sevenoaks 015,118
E02005102,Folkestone and Hythe 001,103
E02005103,Folkestone and Hythe 002,218
E02005104,Folkestone and Hythe 003,586
E02005105,Folkestone and Hythe 004,536
E02005106,Folkestone and Hythe 005,510
E02005107,Folkestone and Hythe 006,609
E02005109,Folkestone and Hythe 008,237
E02005110,Folkestone and Hythe 009,43
E02005111,Folkestone and Hythe 010,896
E02005112,Folkestone and Hythe 011,90
E02005113,Folkestone and Hythe 012,267
E02005114,Folkestone and Hythe 013,107
E02005115,Swale 001,228
E02005116,Swale 002,451
E02005117,Swale 003,147
E02005118,Swale 004,321
E02005119,Swale 005,62
E02005120,Swale 006,181
E02005121,Swale 007,384
E02005122,Swale 008,81
E02005123,Swale 009,498
E02005124,Swale 010,1038
E02005125,Swale 011,347
E02005126,Swale 012,181
E02005127,Swale 013,196
E02005128,Swale 014,261
E02005129,Swale 015,706
E02005130,Swale 016,81
E02005131,Swale 017,65
E02005132,Thanet 001,2293
E02005133,Thanet 002,425
E02005134,Thanet 003,904
E02005135,Thanet 004,376
E02005136,Thanet 005,282
E02005137,Thanet 006,488
E02005138,Thanet 007,910
E02005139,Thanet 008,567
E02005140,Thanet 009,366
E02005141,Thanet 010,522
E02005142,Thanet 011,237
E02005143,Thanet 012,307
E02005144,Thanet 013,734
E02005145,Thanet 014,192
E02005146,Thanet 015,309
E02005147,Thanet 016,1734
E02005148,Thanet 017,333
E02005149,Tonbridge and Malling 001,373
E02005150,Tonbridge and Malling 002,699
E02005151,Tonbridge and Malling 003,410
E02005153,Tonbridge and Malling 005,627
E02005154,Tonbridge and Malling 006,253
E02005155,Tonbridge and Malling 007,422
E02005156,Tonbridge and Malling 008,199
E02005157,Tonbridge and Malling 009,313
E02005158,Tonbridge and Malling 010,184
E02005159,Tonbridge and Malling 011,125
E02005160,Tonbridge and Malling 012,1662
E02005161,Tonbridge and Malling 013,458
E02005162,Tunbridge Wells 001,369
E02005163,Tunbridge Wells 002,249
E02005164,Tunbridge Wells 003,768
E02005165,Tunbridge Wells 004,304
E02005166,Tunbridge Wells 005,683
E02005167,Tunbridge Wells 006,133
E02005168,Tunbridge Wells 007,686
E02005169,Tunbridge Wells 008,1872
E02005170,Tunbridge Wells 009,971
E02005171,Tunbridge Wells 010,703
E02005172,Tunbridge Wells 011,132
E02005173,Tunbridge Wells 012,573
E02005174,Tunbridge Wells 013,197
E02005175,Tunbridge Wells 014,279
E02005503,Breckland 001,17
E02005504,Breckland 002,5
E02005505,Breckland 003,150
E02005506,Breckland 004,40
E02005507,Breckland 005,652
E02005508,Breckland 006,51
E02005509,Breckland 007,333
E02005510,Breckland 008,37
E02005511,Breckland 009,268
E02005512,Breckland 010,90
E02005513,Breckland 011,322
E02005514,Breckland 012,57
E02005515,Breckland 013,14
E02005516,Breckland 014,21
E02005517,Breckland 015,384
E02005518,Breckland 016,437
E02005519,Breckland 017,367
E02005520,Broadland 001,248
E02005521,Broadland 002,43
E02005522,Broadland 003,50
E02005523,Broadland 004,50
E02005524,Broadland 005,49
E02005525,Broadland 006,120
E02005526,Broadland 007,49
E02005527,Broadland 008,101
E02005528,Broadland 009,180
E02005529,Broadland 010,175
E02005530,Broadland 011,83
E02005531,Broadland 012,149
E02005532,Broadland 013,402
E02005533,Broadland 014,48
E02005534,Broadland 015,273
E02005535,Broadland 016,196
E02005536,Broadland 017,40
E02005537,Broadland 018,66
E02005538,Great Yarmouth 001,37
E02005539,Great Yarmouth 002,69
E02005540,Great Yarmouth 003,90
E02005541,Great Yarmouth 004,233
E02005542,Great Yarmouth 005,960
E02005543,Great Yarmouth 006,1526
E02005544,Great Yarmouth 007,442
E02005545,Great Yarmouth 008,73
E02005546,Great Yarmouth 009,906
E02005547,Great Yarmouth 010,254
E02005548,Great Yarmouth 011,475
E02005549,Great Yarmouth 012,33
E02005550,Great Yarmouth 013,60
E02005551,King's Lynn and West Norfolk 001,458
E02005552,King's Lynn and West Norfolk 002,36
E02005553,King's Lynn and West Norfolk 003,161
E02005554,King's Lynn and West Norfolk 004,94
E02005555,King's Lynn and West Norfolk 005,22
E02005556,King's Lynn and West Norfolk 006,150
E02005557,King's Lynn and West Norfolk 007,505
E02005558,King's Lynn and West Norfolk 008,46
E02005559,King's Lynn and West Norfolk 009,317
E02005560,King's Lynn and West Norfolk 010,612
E02005561,King's Lynn and West Norfolk 011,1662
E02005562,King's Lynn and West Norfolk 012,47
E02005563,King's Lynn and West Norfolk 013,57
E02005564,King's Lynn and West Norfolk 014,22
E02005565,King's Lynn and West Norfolk 015,26
E02005566,King's Lynn and West Norfolk 016,65
E02005567,King's Lynn and West Norfolk 017,456
E02005568,King's Lynn and West Norfolk 018,16
E02005569,King's Lynn and West Norfolk 019,41
E02005570,North Norfolk 001,479
E02005571,North Norfolk 002,101
E02005572,North Norfolk 003,817
E02005573,North Norfolk 004,189
E02005574,North Norfolk 005,72
E02005575,North Norfolk 006,17
E02005576,North Norfolk 007,116
E02005577,North Norfolk 008,20
E02005578,North Norfolk 009,21
E02005580,North Norfolk 011,273
E02005581,North Norfolk 012,42
E02005582,North Norfolk 013,276
E02005583,North Norfolk 014,101
E02005584,Norwich 001,1516
E02005585,Norwich 002,1327
E02005586,Norwich 003,1047
E02005587,Norwich 004,914
E02005588,Norwich 005,861
E02005589,Norwich 006,917
E02005592,Norwich 009,379
E02005593,Norwich 010,607
E02005594,Norwich 011,2054
E02005595,Norwich 012,406
E02005596,Norwich 013,1384
E02005598,South Norfolk 002,195
E02005599,South Norfolk 003,98
E02005600,South Norfolk 004,69
E02005601,South Norfolk 005,286
E02005602,South Norfolk 006,291
E02005603,South Norfolk 007,302
E02005604,South Norfolk 008,137
E02005605,South Norfolk 009,174
E02005606,South Norfolk 010,23
E02005607,South Norfolk 011,41
E02005608,South Norfolk 012,58
E02005609,South Norfolk 013,167
E02005610,South Norfolk 014,17
E02005611,South Norfolk 015,482
E02005921,Cherwell 001,132
E02005922,Cherwell 002,241
E02005923,Cherwell 003,251
E02005924,Cherwell 004,1947
E02005925,Cherwell 005,234
E02005926,Cherwell 006,493
E02005927,Cherwell 007,493
E02005928,Cherwell 008,225
E02005929,Cherwell 009,43
E02005930,Cherwell 010,79
E02005931,Cherwell 011,117
E02005932,Cherwell 012,160
E02005933,Cherwell 013,148
E02005934,Cherwell 014,71
E02005935,Cherwell 015,812
E02005936,Cherwell 016,134
E02005937,Cherwell 017,340
E02005938,Cherwell 018,185
E02005939,Cherwell 019,308
E02005940,Oxford 001,543
E02005941,Oxford 002,752
E02005942,Oxford 003,655
E02005943,Oxford 004,225
E02005944,Oxford 005,889
E02005945,Oxford 006,918
E02005946,Oxford 007,618
E02005947,Oxford 008,1164
E02005948,Oxford 009,764
E02005949,Oxford 010,921
E02005950,Oxford 011,732
E02005951,Oxford 012,721
E02005953,Oxford 014,278
E02005954,Oxford 015,715
E02005955,Oxford 016,922
E02005956,Oxford 017,504
E02005957,Oxford 018,647
E02005958,South Oxfordshire 001,279
E02005959,South Oxfordshire 002,75
E02005960,South Oxfordshire 003,477
E02005961,South Oxfordshire 004,214
E02005962,South Oxfordshire 005,232
E02005963,South Oxfordshire 006,186
E02005964,South Oxfordshire 007,21
E02005965,South Oxfordshire 008,86
E02005966,South Oxfordshire 009,200
E02005967,South Oxfordshire 010,430
E02005968,South Oxfordshire 011,116
E02005969,South Oxfordshire 012,637
E02005970,South Oxfordshire 013,596
E02005971,South Oxfordshire 014,229
E02005972,South Oxfordshire 015,519
E02005973,South Oxfordshire 016,450
E02005974,South Oxfordshire 017,486
E02005975,South Oxfordshire 018,111
E02005976,South Oxfordshire 019,60
E02005977,South Oxfordshire 020,121
E02005978,Vale of White Horse 001,227
E02005979,Vale of White Horse 002,549
E02005980,Vale of White Horse 003,208
E02005981,Vale of White Horse 004,291
E02005982,Vale of White Horse 005,275
E02005983,Vale of White Horse 006,1674
E02005984,Vale of White Horse 007,91
E02005985,Vale of White Horse 008,501
E02005986,Vale of White Horse 009,502
E02005987,Vale of White Horse 010,291
E02005988,Vale of White Horse 011,268
E02005991,Vale of White Horse 014,674
E02005992,Vale of White Horse 015,512
E02005993,West Oxfordshire 001,443
E02005994,West Oxfordshire 002,69
E02005995,West Oxfordshire 003,111
E02005996,West Oxfordshire 004,305
E02005997,West Oxfordshire 005,108
E02005998,West Oxfordshire 006,196
E02005999,West Oxfordshire 007,93
E02006000,West Oxfordshire 008,544
E02006001,West Oxfordshire 009,238
E02006002,West Oxfordshire 010,1004
E02006003,West Oxfordshire 011,87
E02006004,West Oxfordshire 012,71
E02006005,West Oxfordshire 013,428
E02006006,West Oxfordshire 014,214
E02006007,West Oxfordshire 015,84
E02006227,Babergh 001,139
E02006228,Babergh 002,70
E02006229,Babergh 003,149
E02006230,Babergh 004,220
E02006231,Babergh 005,189
E02006232,Babergh 006,31
E02006233,Babergh 007,783
E02006234,Babergh 008,341
E02006235,Babergh 009,74
E02006236,Babergh 010,79
E02006237,Babergh 011,110
E02006238,West Suffolk 002,305
E02006239,West Suffolk 001,123
E02006240,West Suffolk 003,140
E02006241,West Suffolk 004,295
E02006242,West Suffolk 007,303
E02006243,West Suffolk 008,785
E02006245,Ipswich 001,316
E02006246,Ipswich 002,130
E02006247,Ipswich 003,758
E02006248,Ipswich 004,271
E02006249,Ipswich 005,687
E02006250,Ipswich 006,1196
E02006251,Ipswich 007,1942
E02006252,Ipswich 008,765
E02006253,Ipswich 009,281
E02006254,Ipswich 010,1231
E02006255,Ipswich 011,1013
E02006256,Ipswich 012,1430
E02006257,Ipswich 013,511
E02006258,Ipswich 014,510
E02006259,Ipswich 015,994
E02006260,Ipswich 016,277
E02006261,Mid Suffolk 001,76
E02006262,Mid Suffolk 002,47
E02006263,Mid Suffolk 003,44
E02006264,Mid Suffolk 004,66
E02006265,Mid Suffolk 005,146
E02006266,Mid Suffolk 006,144
E02006267,Mid Suffolk 007,48
E02006268,Mid Suffolk 008,346
E02006269,Mid Suffolk 009,179
E02006270,Mid Suffolk 010,542
E02006271,Mid Suffolk 011,311
E02006272,Mid Suffolk 012,151
E02006273,West Suffolk 005,46
E02006274,West Suffolk 006,59
E02006275,West Suffolk 009,528
E02006276,West Suffolk 016,117
E02006277,West Suffolk 012,245
E02006278,West Suffolk 011,1433
E02006279,West Suffolk 014,353
E02006280,West Suffolk 010,90
E02006281,West Suffolk 013,901
E02006282,West Suffolk 017,54
E02006283,West Suffolk 018,55
E02006284,West Suffolk 019,323
E02006285,West Suffolk 021,176
E02006286,West Suffolk 020,587
E02006287,East Suffolk 016,17
E02006288,East Suffolk 017,156
E02006289,East Suffolk 018,209
E02006290,East Suffolk 019,309
E02006291,East Suffolk 020,345
E02006292,East Suffolk 021,20
E02006293,East Suffolk 023,279
E02006294,East Suffolk 022,464
E02006295,East Suffolk 024,265
E02006296,East Suffolk 025,409
E02006297,East Suffolk 026,102
E02006298,East Suffolk 027,153
E02006299,East Suffolk 028,197
E02006300,East Suffolk 029,407
E02006301,East Suffolk 030,838
E02006302,East Suffolk 001,49
E02006303,East Suffolk 002,415
E02006304,East Suffolk 003,146
E02006305,East Suffolk 004,481
E02006306,East Suffolk 005,240
E02006307,East Suffolk 007,93
E02006308,East Suffolk 006,1026
E02006309,East Suffolk 009,268
E02006310,East Suffolk 008,56
E02006311,East Suffolk 010,190
E02006312,East Suffolk 011,63
E02006313,East Suffolk 012,113
E02006314,East Suffolk 013,130
E02006315,East Suffolk 014,111
E02006316,East Suffolk 015,156
E02006317,Elmbridge 001,365
E02006318,Elmbridge 002,535
E02006319,Elmbridge 003,633
E02006320,Elmbridge 004,807
E02006321,Elmbridge 005,499
E02006322,Elmbridge 006,298
E02006323,Elmbridge 007,1372
E02006324,Elmbridge 008,479
E02006325,Elmbridge 009,434
E02006326,Elmbridge 010,944
E02006327,Elmbridge 011,782
E02006328,Elmbridge 012,1390
E02006329,Elmbridge 013,482
E02006330,Elmbridge 014,581
E02006331,Elmbridge 015,282
E02006332,Elmbridge 016,682
E02006333,Elmbridge 017,699
E02006334,Elmbridge 018,237
E02006335,Epsom and Ewell 001,546
E02006336,Epsom and Ewell 002,770
E02006337,Epsom and Ewell 003,196
E02006338,Epsom and Ewell 004,158
E02006339,Epsom and Ewell 005,914
E02006341,Epsom and Ewell 007,1041
E02006342,Epsom and Ewell 008,1866
E02006343,Epsom and Ewell 009,281
E02006344,Guildford 001,201
E02006345,Guildford 002,54
E02006346,Guildford 003,249
E02006347,Guildford 004,296
E02006348,Guildford 005,298
E02006349,Guildford 006,565
E02006350,Guildford 007,409
E02006351,Guildford 008,480
E02006352,Guildford 009,138
E02006353,Guildford 010,450
E02006354,Guildford 011,693
E02006355,Guildford 012,381
E02006356,Guildford 013,2191
E02006357,Guildford 014,299
E02006358,Guildford 015,684
E02006359,Guildford 016,686
E02006360,Guildford 017,251
E02006361,Guildford 018,80
E02006362,Mole Valley 001,251
E02006363,Mole Valley 002,384
E02006364,Mole Valley 003,1449
E02006365,Mole Valley 004,642
E02006366,Mole Valley 005,146
E02006367,Mole Valley 006,427
E02006368,Mole Valley 007,228
E02006369,Mole Valley 008,128
E02006370,Mole Valley 009,563
E02006371,Mole Valley 010,791
E02006372,Mole Valley 011,519
E02006373,Mole Valley 012,218
E02006374,Mole Valley 013,234
E02006375,Reigate and Banstead 001,270
E02006376,Reigate and Banstead 002,820
E02006377,Reigate and Banstead 003,215
E02006378,Reigate and Banstead 004,342
E02006379,Reigate and Banstead 005,752
E02006380,Reigate and Banstead 006,392
E02006381,Reigate and Banstead 007,329
E02006382,Reigate and Banstead 008,526
E02006383,Reigate and Banstead 009,960
E02006384,Reigate and Banstead 010,1842
E02006385,Reigate and Banstead 011,1677
E02006386,Reigate and Banstead 012,794
E02006387,Reigate and Banstead 013,394
E02006388,Reigate and Banstead 014,819
E02006389,Reigate and Banstead 015,378
E02006390,Reigate and Banstead 016,571
E02006391,Reigate and Banstead 017,290
E02006392,Reigate and Banstead 018,1468
E02006393,Runnymede 001,821
E02006394,Runnymede 002,672
E02006395,Runnymede 003,490
E02006396,Runnymede 004,234
E02006397,Runnymede 005,370
E02006398,Runnymede 006,1091
E02006399,Runnymede 007,1214
E02006400,Runnymede 008,383
E02006401,Runnymede 009,1362
E02006402,Runnymede 010,285
E02006403,Spelthorne 001,982
E02006404,Spelthorne 002,520
E02006405,Spelthorne 003,1006
E02006406,Spelthorne 004,1574
E02006407,Spelthorne 005,763
E02006408,Spelthorne 006,1019
E02006409,Spelthorne 007,398
E02006410,Spelthorne 008,919
E02006411,Spelthorne 009,618
E02006412,Spelthorne 010,580
E02006413,Spelthorne 011,309
E02006414,Spelthorne 012,236
E02006415,Spelthorne 013,599
E02006416,Surrey Heath 001,183
E02006417,Surrey Heath 002,399
E02006418,Surrey Heath 003,280
E02006419,Surrey Heath 004,755
E02006420,Surrey Heath 005,665
E02006421,Surrey Heath 006,207
E02006422,Surrey Heath 007,159
E02006423,Surrey Heath 008,1527
E02006424,Surrey Heath 009,222
E02006425,Surrey Heath 010,415
E02006426,Surrey Heath 011,216
E02006427,Surrey Heath 012,274
E02006429,Tandridge 002,1334
E02006430,Tandridge 003,736
E02006431,Tandridge 004,1396
E02006432,Tandridge 005,399
E02006433,Tandridge 006,554
E02006434,Tandridge 007,300
E02006435,Tandridge 008,178
E02006436,Tandridge 009,372
E02006437,Tandridge 010,384
E02006438,Tandridge 011,169
E02006439,Waverley 001,341
E02006440,Waverley 002,168
E02006441,Waverley 003,889
E02006442,Waverley 004,297
E02006443,Waverley 005,408
E02006444,Waverley 006,382
E02006445,Waverley 007,890
E02006446,Waverley 008,232
E02006447,Waverley 009,160
E02006448,Waverley 010,232
E02006449,Waverley 011,322
E02006450,Waverley 012,206
E02006451,Waverley 013,708
E02006453,Waverley 015,302
E02006454,Waverley 016,477
E02006455,Waverley 017,504
E02006456,Woking 001,557
E02006457,Woking 002,589
E02006458,Woking 003,611
E02006459,Woking 004,1045
E02006460,Woking 005,916
E02006461,Woking 006,513
E02006462,Woking 007,607
E02006463,Woking 008,2788
E02006464,Woking 009,622
E02006465,Woking 010,336
E02006466,Woking 011,645
E02006467,Woking 012,184
E02006534,Adur 001,164
E02006535,Adur 002,232
E02006536,Adur 003,111
E02006537,Adur 004,1062
E02006538,Adur 005,1468
E02006539,Adur 006,435
E02006540,Adur 007,371
E02006541,Adur 008,1162
E02006542,Arun 001,284
E02006543,Arun 002,87
E02006544,Arun 003,346
E02006545,Arun 004,845
E02006546,Arun 005,527
E02006547,Arun 006,160
E02006548,Arun 007,348
E02006549,Arun 008,200
E02006550,Arun 009,512
E02006551,Arun 010,1109
E02006552,Arun 011,1288
E02006553,Arun 012,412
E02006554,Arun 013,431
E02006555,Arun 014,841
E02006556,Arun 015,383
E02006557,Arun 016,654
E02006558,Arun 017,2493
E02006559,Arun 018,347
E02006560,Arun 019,318
E02006561,Chichester 001,165
E02006562,Chichester 002,155
E02006563,Chichester 003,112
E02006564,Chichester 004,576
E02006565,Chichester 005,304
E02006566,Chichester 006,324
E02006567,Chichester 007,173
E02006568,Chichester 008,1630
E02006569,Chichester 009,210
E02006570,Chichester 010,1418
E02006571,Chichester 011,365
E02006572,Chichester 012,603
E02006573,Chichester 013,451
E02006574,Chichester 014,507
E02006575,Crawley 001,404
E02006576,Crawley 002,765
E02006577,Crawley 003,1023
E02006578,Crawley 004,2246
E02006579,Crawley 005,636
E02006580,Crawley 006,557
E02006581,Crawley 007,1588
E02006582,Crawley 008,314
E02006583,Crawley 009,754
E02006584,Crawley 010,839
E02006585,Crawley 011,522
E02006586,Crawley 012,235
E02006587,Crawley 013,924
E02006588,Horsham 001,1325
E02006589,Horsham 002,237
E02006590,Horsham 003,882
E02006591,Horsham 004,985
E02006592,Horsham 005,176
E02006593,Horsham 006,2115
E02006594,Horsham 007,740
E02006595,Horsham 008,253
E02006596,Horsham 009,410
E02006597,Horsham 010,617
E02006598,Horsham 011,107
E02006599,Horsham 012,96
E02006600,Horsham 013,907
E02006601,Horsham 014,429
E02006602,Horsham 015,115
E02006603,Horsham 016,329
E02006604,Mid Sussex 001,1874
E02006605,Mid Sussex 002,236
E02006606,Mid Sussex 003,199
E02006607,Mid Sussex 004,357
E02006608,Mid Sussex 005,164
E02006609,Mid Sussex 006,166
E02006610,Mid Sussex 007,326
E02006611,Mid Sussex 008,431
E02006612,Mid Sussex 009,2259
E02006613,Mid Sussex 010,703
E02006614,Mid Sussex 011,715
E02006615,Mid Sussex 012,181
E02006616,Mid Sussex 013,445
E02006617,Mid Sussex 014,1022
E02006618,Mid Sussex 015,84
E02006619,Mid Sussex 016,216
E02006620,Mid Sussex 017,449
E02006621,Worthing 001,148
E02006622,Worthing 002,654
E02006623,Worthing 003,536
E02006624,Worthing 004,339
E02006625,Worthing 005,470
E02006626,Worthing 006,406
E02006627,Worthing 007,1056
E02006628,Worthing 008,936
E02006629,Worthing 009,633
E02006630,Worthing 010,2451
E02006631,Worthing 011,2033
E02006632,Worthing 012,1484
E02006633,Worthing 013,671
E02006782,Bromley 040,462
E02006783,Lewisham 037,256
E02006784,Lewisham 038,888
E02006785,Bexley 029,470
E02006786,Greenwich 033,765
E02006787,Bromley 041,332
E02006788,Croydon 045,510
E02006789,Bromley 042,281
E02006790,Tandridge 012,500
E02006791,Ealing 040,1336
E02006792,Hounslow 029,1854
E02006793,Enfield 037,1813
E02006794,Haringey 037,1854
E02006795,Harrow 032,322
E02006796,Hillingdon 033,1112
E02006798,Lewisham 039,2706
E02006799,Barking and Dagenham 023,449
E02006800,Redbridge 034,905
E02006801,Lambeth 036,2909
E02006802,Southwark 034,3121
E02006821,Portsmouth 026,272
E02006822,Havant 018,305
E02006823,Buckinghamshire 039,233
E02006824,Buckinghamshire 036,390
E02006825,East Cambridgeshire 011,62
E02006826,West Suffolk 015,1211
E02006829,East Hampshire 016,247
E02006830,Havant 019,740
E02006831,Havant 020,227
E02006832,Sevenoaks 016,177
E02006833,Tonbridge and Malling 014,538
E02006836,Sutton 025,576
E02006837,Epsom and Ewell 010,774
E02006838,East Hampshire 017,260
E02006839,Waverley 018,413
E02006853,Tower Hamlets 032,4657
E02006854,Tower Hamlets 033,3307
E02006855,Canterbury 019,574
E02006856,Canterbury 020,1675
E02006857,Eastbourne 013,881
E02006858,Eastbourne 014,1495
E02006859,Thurrock 019,845
E02006873,South Cambridgeshire 020,404
E02006874,South Cambridgeshire 021,192
E02006877,Peterborough 022,737
E02006878,Peterborough 023,687
E02006879,Folkestone and Hythe 014,1717
E02006880,Folkestone and Hythe 015,1349
E02006882,Harrow 033,260
E02006886,Vale of White Horse 016,322
E02006907,Norwich 014,2697
E02006908,Norwich 015,1467
E02006918,Hackney 028,2395
E02006921,Hackney 029,1967
E02006922,Colchester 022,609
E02006924,Redbridge 035,733
E02006925,Redbridge 036,468
E02006926,Thurrock 020,528
E02006927,Greenwich 034,2653
E02006928,Greenwich 035,4791
E02006930,Greenwich 037,1880
E02006931,Greenwich 038,1748
E02006937,Luton 022,2121
E02006938,Luton 023,2086
E02006939,Reading 019,2181
E02006940,Reading 020,2409
E02006941,Southwark 035,2030
E02006942,Southwark 036,2798
E02006953,Barnet 042,3490
E02006954,Barnet 043,2439
E02006955,Brent 035,2327
E02006956,Brent 036,853
E02006968,Ealing 041,1257
E02006969,Ealing 042,1760
E02006970,Ealing 043,723
E02006971,Ealing 044,360
E02006972,Hounslow 030,1738
E02006973,Hounslow 031,2814
E02006975,Portsmouth 027,2162
E02006976,Portsmouth 028,1679
E02006978,Chelmsford 022,1909
E02006979,Chelmsford 023,2232
E02006980,Rochford 011,38
E02006981,Rochford 012,326
E02006987,Croydon 046,3095
E02006988,Croydon 047,1801
E02006991,Greenwich 039,2598
E02006992,Greenwich 040,2857
E02006993,Greenwich 041,3035
E02006994,Greenwich 042,2425
E02006995,Newham 038,2990
E02006996,Newham 039,2268
E02006997,Newham 040,2740
E02006998,Newham 041,1877
E02006999,Newham 042,4472
E02007004,Thurrock 021,1405
E02007005,Thurrock 022,1024
E02007008,Lewisham 040,2325
E02007009,Lewisham 041,2055
E02007010,Bedford 021,223
E02007011,Bedford 022,316
E02007012,Milton Keynes 033,950
E02007013,Milton Keynes 034,957
E02007014,Milton Keynes 035,415
E02007015,Milton Keynes 036,959
E02007016,Milton Keynes 037,572
E02007017,Redbridge 037,550
E02007018,Redbridge 038,1020
E02007019,Redbridge 039,1296
E02007020,Redbridge 040,234
E02007021,Oxford 020,497
E02007032,North Norfolk 015,333
E02007033,North Norfolk 016,365
E02007046,Ashford 015,567
E02007047,Ashford 016,634
E02007052,Norwich 016,2251
E02007053,Norwich 017,1646
E02007054,South Norfolk 016,475
E02007055,South Norfolk 017,323
E02007056,Colchester 023,602
E02007057,Colchester 024,934
E02007068,Slough 015,1021
E02007069,Slough 016,578
E02007074,Southampton 033,2381
E02007075,Southampton 034,2545
E02007076,Test Valley 016,460
E02007077,Test Valley 017,341
E02007078,Test Valley 018,923
E02007083,Wandsworth 038,4013
E02007084,Wandsworth 039,3221
E02007085,South Cambridgeshire 022,274
E02007086,Cambridge 015,1540
E02007087,Cambridge 014,1382
E02007088,North Hertfordshire 016,88
E02007089,North Hertfordshire 017,278
E02007090,St Albans 021,290
E02007091,Stevenage 013,107
E02007092,Welwyn Hatfield 017,388
E02007093,East Hertfordshire 019,197
E02007108,Hackney 030,1608
E02007109,Hackney 031,1682
E02007110,Hackney 032,3080
E02007111,Hackney 033,2157
E02007112,Tower Hamlets 034,2826
E02007113,Tower Hamlets 035,3042
E02007114,Tower Hamlets 036,2670
E02007115,Camden 029,3479
E02007116,Oxford 019,843