OBJECTID,LAD21CD,LAD21NM,LAD21NMW,BNG_E,BNG_N,LONG,LAT,GlobalID,Shape__Area,Shape__Length
1,E06000001,Hartlepool,,447160,531474,-1.27018,54.67614,6497151b-869e-454f-b943-ef2e32473b9c,93717029.907547,70995.7229330663
2,E06000002,Middlesbrough,,451141,516887,-1.21099,54.54467,30975abf-b3f8-453e-9539-4a1578310fb9,53881562.6277466,44481.4413849525
3,E06000003,Redcar and Cleveland,,464361,519597,-1.00608,54.56752,58c003e1-48b1-4b5a-a412-5dcec0794989,245069509.423721,96704.0315253792
4,E06000004,Stockton-on-Tees,,444940,518183,-1.30664,54.55691,8827e88c-dee1-4222-a0ed-8cc299f622a0,204932952.708725,123408.788095674
5,E06000005,Darlington,,428029,515648,-1.56835,54.53534,1f43640c-1690-43a5-8ad4-925199b2e787,197477768.128265,107203.152334417
6,E06000006,Halton,,354246,382146,-2.68853,53.33424,f3af7f9b-0c14-4b85-ac79-a2ffcae22b21,79084032.6156693,77770.9338001438
7,E06000007,Warrington,,362744,388456,-2.56167,53.39163,ee5f6845-488c-4287-a40e-4edd5fa16a62,180627982.923309,114690.68684576
8,E06000008,Blackburn with Darwen,,369490,422806,-2.4636,53.7008,cb327845-f16c-43ba-871a-b68ca97be312,137022079.422363,65284.9523177376
9,E06000009,Blackpool,,332819,436635,-3.02199,53.82164,985c15db-5729-47ec-b6f0-faf884c04bb5,34870886.4498138,34483.4799655354
10,E06000010,"Kingston upon Hull, City of",,511894,431650,-0.30382,53.7692,6a379147-c85a-4a3d-9333-4df54628a0f2,71583611.1150513,64681.104078276
11,E06000011,East Riding of Yorkshire,,488056,443597,-0.66195,53.88112,997ca69c-163f-430e-8b8b-8a4101ab10d0,2404771586.81258,504081.639206157
12,E06000012,North East Lincolnshire,,523465,404564,-0.13911,53.52327,cd34d23b-1b49-4132-8517-a3f909adbe5f,192622955.912338,93248.4865198871
13,E06000013,North Lincolnshire,,497800,410993,-0.52407,53.58643,9481f35f-e16f-493c-9f22-5df254fe850b,846540130.358551,244547.83749127
14,E06000014,York,,460864,452589,-1.07375,53.96582,4dd531dc-65e9-4635-b444-61327053da22,271931825.230118,101947.387733638
15,E06000015,Derby,,435609,335375,-1.47189,52.91464,914418cb-53fc-4f09-8547-6a266e501080,78031123.6711121,50037.5273504427
16,E06000016,Leicester,,458946,304594,-1.1304,52.63592,ffc02e64-b314-4f37-8a24-105c165af527,73342071.6983032,51931.7073368346
17,E06000017,Rutland,,492992,308655,-0.6263,52.66765,1d38daf8-5a64-474c-887d-af3ffe3c0d3d,393748906.930069,125884.932019303
18,E06000018,Nottingham,,456082,339969,-1.16667,52.95419,32d6476d-409e-4d4f-8300-813137f0291c,74613555.3421631,58724.0327675763
19,E06000019,"Herefordshire, County of",,349434,242834,-2.73931,52.08154,fc6da30b-dc5c-4e65-928f-a2ca99d51756,2179709442.72866,349889.259975134
20,E06000020,Telford and Wrekin,,367035,313057,-2.48941,52.71417,c2f91f7b-6a7b-450c-b357-96b68498ddab,290313543.526337,118779.656757853
21,E06000021,Stoke-on-Trent,,389438,346652,-2.15888,53.01707,77f2a460-ae5a-4c2a-83bc-f80a4f01bea0,93448482.2061844,63974.4506512752
22,E06000022,Bath and North East Somerset,,366217,161999,-2.48654,51.35604,e55dfddd-ded6-4749-a7c4-c589017aaca4,351123212.497639,141684.569708064
23,E06000023,"Bristol, City of",,359990,174846,-2.57742,51.47115,c60b0f76-2a9d-4488-8c6c-0755966a6221,109666791.49641,108825.701912383
24,E06000024,North Somerset,,347614,166718,-2.75438,51.39706,d726888e-b938-43ab-9816-c40ed2d30242,374637225.937481,154770.171247743
25,E06000025,South Gloucestershire,,367559,183198,-2.46922,51.54673,645a3cdc-2e85-44db-bcaf-3d7231d59fe0,497050934.270977,142552.756769387
26,E06000026,Plymouth,,249945,58255,-4.11297,50.40494,7deb3874-0340-498d-9fa5-2b076151c891,79849713.8688278,92645.2859471111
27,E06000027,Torbay,,289730,64613,-3.55523,50.47092,4744b422-a2d9-4726-a86e-6b165627e86a,62886694.4638176,77910.7009953355
28,E06000030,Swindon,,418551,186564,-1.73367,51.57763,517e7b51-808a-4f5a-bcb3-1c1bbc41dc4e,230093376.535385,103014.619569825
29,E06000031,Peterborough,,517372,300777,-0.26874,52.59214,d75c42ab-978a-40f0-b5fb-0ab6dedc74fc,343378156.971542,112677.967206289
30,E06000032,Luton,,508606,222559,-0.42319,51.89102,5c65e334-0b68-45e6-b1d4-8291020606aa,43352491.4350586,34569.6026266023
31,E06000033,Southend-on-Sea,,587777,186837,0.706923,51.54917,3be985e8-64d6-451f-b82d-5eaa53a50b06,41673935.6804123,57783.2533781434
32,E06000034,Thurrock,,562123,181590,0.334861,51.50998,a036bcc2-44ae-48eb-9b6e-c1fb73e3fd4b,163837050.322212,115992.128205901
33,E06000035,Medway,,578207,175198,0.563174,51.44772,ed4b439f-d9ca-4261-88e8-d203d5f40da1,193714249.225479,249514.824763328
34,E06000036,Bracknell Forest,,488169,168792,-0.73363,51.4113,3d1d000e-36a6-4e20-9528-f5bd8e20a570,109384214.697464,62507.9039338433
35,E06000037,West Berkshire,,450575,172095,-1.27364,51.44559,82a62793-c5c8-45d6-92fe-9cee55901bcc,704169399.468628,166801.583097447
36,E06000038,Reading,,470226,173154,-0.99071,51.45302,d5893843-36a7-4de3-ae6e-482791ed5372,40397992.5604858,39330.6369676028
37,E06000039,Slough,,498920,179246,-0.57617,51.5035,2315c2c7-af31-478c-b6fe-846acffa2ca7,32542009.0507278,44181.393234306
38,E06000040,Windsor and Maidenhead,,492079,176541,-0.67541,51.48034,5bb7f668-92bd-4baf-ab90-07ded847bbab,198427168.806099,114829.071707676
39,E06000041,Wokingham,,476624,169902,-0.89935,51.42296,893452da-a8b7-4dea-8b55-0222e4c6c4f5,178965482.695686,86865.5899032165
40,E06000042,Milton Keynes,,486408,242308,-0.7407,52.07241,12fd6b23-139b-4ca2-b811-10357753c273,308626791.319244,102960.289818815
41,E06000043,Brighton and Hove,,530279,106850,-0.15079,50.8465,4b1d3fe9-9aeb-47ab-a1e4-22711da70376,82832959.1101494,59519.3844052793
42,E06000044,Portsmouth,,465619,101352,-1.07006,50.808,2fa42a9b-9cd6-4aad-9e56-0121059d2496,40389409.3059616,62643.7894850182
43,E06000045,Southampton,,442303,113700,-1.39952,50.9212,82652a80-2cb8-4782-8172-3922c2223d30,49880646.990345,61543.9971629539
44,E06000046,Isle of Wight,,447183,85949,-1.33366,50.67129,91af5ac6-ba25-45d5-96ab-c181aee63f27,379620110.59864,210138.376351725
45,E06000047,County Durham,,410381,532242,-1.8405,54.68513,bd8d546d-7919-4699-af9d-ef38c461aeb4,2231457246.64323,315062.780589158
46,E06000049,Cheshire East,,380510,363462,-2.29299,53.16793,22da40c4-380c-4bfd-98f9-5445b0698d4c,1166357380.99322,301224.749702643
47,E06000050,Cheshire West and Chester,,353097,363145,-2.70298,53.16336,36f0b13b-f24e-40f7-9ff2-43fdbdb97d46,920018000.248207,335614.811839089
48,E06000051,Shropshire,,350227,302960,-2.73667,52.62212,e5a70b5d-3ee1-4a79-a3e3-e4188989df2e,3197275382.07484,580649.357727217
49,E06000052,Cornwall,,212497,64493,-4.64254,50.45022,1224b44f-b979-4a0f-bec6-673eacb858f5,3548939236.52272,1241734.32056245
50,E06000053,Isles of Scilly,,91327,11447,-6.30217,49.92332,9eccfef1-4234-4927-956f-f5589771c3c4,16317753.9529206,117979.339046543
51,E06000054,Wiltshire,,405209,158863,-1.92661,51.32883,ae3c7013-3e65-49cd-9873-3ef55fecea35,3255338119.79789,402006.286759092
52,E06000055,Bedford,,505721,256463,-0.45463,52.19628,2c6c3f3f-0e25-48fe-a4e4-84345ac9dcb6,476408301.257416,131721.083517931
53,E06000056,Central Bedfordshire,,504615,234492,-0.47754,51.99903,3e885eb4-334b-4a04-9514-ffe8252909b7,715665302.187256,232692.316778813
54,E06000057,Northumberland,,395322,600699,-2.07523,55.30037,3f39571c-deab-4e8f-8767-cff40bf91131,5032268631.4749,605421.993540234
55,E06000058,"Bournemouth, Christchurch and Poole",,410815,94066,-1.84807,50.74609,3181cc1e-76d9-481d-ae76-777b6b311984,162070068.52264,169171.629784861
56,E06000059,Dorset,,370871,99796,-2.41467,50.79697,a2995b59-c281-43ae-afd8-d7849dee4ef4,2490956587.08957,594357.656718242
57,E06000060,Buckinghamshire,,482506,208561,-0.80569,51.76966,c6be50c5-7347-4362-b5de-50593e40cbaf,1564949149.76157,361852.64071749
58,E06000061,North Northamptonshire,,493590,281718,-0.62504,52.42546,1c84b5fd-b3d8-40d9-9152-c8c5ba4e9296,986594568.073196,210629.48617394
59,E06000062,West Northamptonshire,,467187,263879,-1.01682,52.26898,fcd91eb2-463b-4289-867f-a95580099ff7,1380395592.6176,263792.05395224
60,E07000008,Cambridge,,545420,257901,0.126436,52.20017,05d22efd-ecce-4503-bad0-0ff4fb5bec35,40698797.9441071,37170.3582136235
61,E07000009,East Cambridgeshire,,555576,275765,0.283149,52.35788,dec8a3fc-01c8-4596-9b40-ef2d5d7eb044,651286027.25322,234187.5969078
62,E07000010,Fenland,,536361,294959,0.009016,52.53544,c8219c53-bd13-4d92-870d-dcb57b627e8c,546450060.729431,187881.713009129
63,E07000011,Huntingdonshire,,521008,274269,-0.2247,52.35315,34cb9e42-bf55-465d-bc73-06bea695478e,912455234.171478,223337.672178387
64,E07000012,South Cambridgeshire,,543295,247586,0.091017,52.10805,2059ff5f-cae1-483c-b3ea-7fe1870b11b3,901624805.658142,257078.047542398
65,E07000026,Allerdale,,317520,532997,-3.2809,54.68524,c39528b2-0282-4f46-b23d-2604dadc1b5d,1258309834.54156,326488.823591254
66,E07000027,Barrow-in-Furness,,321741,474165,-3.1999,54.15731,479ccc3d-49a7-49e0-9805-0a88cd2926a4,77896997.2625122,146480.666517633
67,E07000028,Carlisle,,348576,565154,-2.80498,54.97833,9ed7b638-0a3b-441b-bb35-eb0e7431fadd,1038297606.56947,278392.319321429
68,E07000029,Copeland,,310871,508739,-3.37664,54.46617,7d57d90c-a6dd-4a5c-9256-c8c05dd3780c,737632448.412735,252311.325634387
69,E07000030,Eden,,359636,526396,-2.62678,54.63107,510d90b5-f177-495e-bc7f-3e3213e07930,2156471321.4138,268743.656802272
70,E07000031,South Lakeland,,349265,489555,-2.78108,54.29908,58985e40-22fe-47e6-9a87-dbb53f3c8b98,1554926441.63785,381795.002097404
71,E07000032,Amber Valley,,436166,348084,-1.46219,53.02884,2d206aa8-7dbb-438e-b4e3-324c498a83f4,265437866.790695,109036.161822696
72,E07000033,Bolsover,,448666,371548,-1.27228,53.23875,8a2cfd53-ccd8-4bc0-8e30-c6a0cd4391ba,160334646.961426,96239.0059795534
73,E07000034,Chesterfield,,440049,373359,-1.40115,53.25575,f0676594-8814-47e1-a8e3-d16bf88a9866,66035293.2658386,52617.6461927633
74,E07000035,Derbyshire Dales,,419697,358493,-1.70711,53.12326,3e205a94-e1b1-476b-ab02-a3ab3efda839,795318060.803596,245475.146246716
75,E07000036,Erewash,,443721,338063,-1.3509,52.9382,b9f26739-6332-46e8-a691-2d4998ad7a9a,109630045.589233,73547.4074227637
76,E07000037,High Peak,,410474,387660,-1.84398,53.38569,f222d8a5-0b79-45d1-b388-dce806a70c53,540254002.914841,159632.653793227
77,E07000038,North East Derbyshire,,437369,362955,-1.44253,53.16243,017398b9-053b-440f-8c64-1913c01621d9,275623525.416367,161243.41863516
78,E07000039,South Derbyshire,,431443,325363,-1.5348,52.8249,ebc29d73-ca25-4f61-b121-c1418e3c2f4b,338126971.197563,166692.971482608
79,E07000040,East Devon,,313790,96050,-3.22359,50.7576,ece03cc4-617b-4c39-a172-74088b50f881,814245109.400949,219476.408977674
80,E07000041,Exeter,,293239,92005,-3.51368,50.71782,7c848e64-86cb-4695-8cda-0a073b641f63,47033024.8364449,50238.1722506894
81,E07000042,Mid Devon,,288064,108911,-3.59212,50.86882,20001ce1-6e83-4c0d-87b4-deb32131a516,912900111.710012,246269.426737415
82,E07000043,North Devon,,265110,132532,-3.92691,51.07621,f4a43cf6-ff51-4e9e-b76a-8c9997ad48c9,1085882521.46541,321532.693545984
83,E07000044,South Hams,,270676,54036,-3.81996,50.37195,e4459929-c0f8-4b6d-a5f2-26d8426e0a8c,886546850.81483,478794.08479118
84,E07000045,Teignbridge,,283144,80205,-3.65289,50.60981,660c5f1a-ba59-45f9-8e4a-46b5bece0051,673759657.173967,191473.556039654
85,E07000046,Torridge,,244206,114334,-4.21728,50.90739,396534a0-511d-41f1-aea8-6a5c8a81c9c6,985258200.613047,316930.37083843
86,E07000047,West Devon,,256376,86990,-4.03361,50.66481,853d6eb9-282f-4cfa-9b79-f42f8613bb88,1161110805.24181,254096.666464394
87,E07000061,Eastbourne,,559339,99575,0.258516,50.77387,4c3cfc7e-9ad7-4d7a-a8b3-88f1b63f3592,44161432.4139519,38032.2757954579
88,E07000062,Hastings,,581528,110694,0.578395,50.86724,e37e6edd-29c7-47ac-9447-905461f06fda,29796092.2546616,34102.0632489635
89,E07000063,Lewes,,541474,105686,0.007671,50.83341,e55a8690-835a-4c2c-8d4a-85bb1154b5b3,292106799.086811,168359.743837339
90,E07000064,Rother,,578721,119666,0.542937,50.94871,beaf3fb0-4e3d-4510-a0b6-64d464f825fc,511753822.423019,180531.859680316
91,E07000065,Wealden,,555048,117180,0.205156,50.93322,6e514915-59ee-4076-a064-bf4d527df64e,834948412.072842,225877.835372191
92,E07000066,Basildon,,571548,190848,0.475055,51.59036,521e42b2-d706-445e-9432-ff7337af796c,110001022.963684,85630.4758439726
93,E07000067,Braintree,,577253,227335,0.575911,51.91634,5a92bcae-64f7-4b32-9cbd-c209ecf5a670,611707972.276634,168686.280036762
94,E07000068,Brentwood,,558560,196070,0.290091,51.64108,878ca1aa-99ab-40d8-a71b-e438e7eea29b,153124049.543587,72339.3648640895
95,E07000069,Castle Point,,579490,187920,0.588084,51.56159,8b3a5bf6-7385-42e8-a025-e336aa364e56,44673516.7388,163436.866816313
96,E07000070,Chelmsford,,572116,206972,0.491177,51.73503,724abf3d-0f45-421e-a2a7-a750a1107651,342227523.106125,126395.308774143
97,E07000071,Colchester,,596944,223693,0.859777,51.87702,18562f0e-0747-4079-a916-765ee7460142,332325215.817032,318167.654850104
98,E07000072,Epping Forest,,548919,203758,0.154147,51.71279,877d103d-330f-4be8-8b85-bd32a98e594a,338984123.599457,123273.057417461
99,E07000073,Harlow,,545276,209589,0.103888,51.76614,829645d9-10f2-4d40-8bbf-72403b2f425f,30537917.1762543,28515.3507176647
100,E07000074,Maldon,,591413,212072,0.773106,51.77458,4e58bb9c-0600-4424-a4af-ff21405b7c25,357815639.578804,469757.101657331
101,E07000075,Rochford,,585979,191417,0.683442,51.5909,324e8b94-505e-4333-a68b-44805ed22ddb,167092822.610962,234542.60350257
102,E07000076,Tendring,,614190,222141,1.108981,51.85674,60368d8f-9a31-44f3-829f-1a005b3c5363,336324345.713554,442534.783635667
103,E07000077,Uttlesford,,557832,228865,0.294485,51.93592,71280ad6-d6cb-4fe0-9962-437e36e9c11a,641182922.292656,166507.733417474
104,E07000078,Cheltenham,,394925,222232,-2.07515,51.89861,87d7c032-c6aa-45a4-bbb9-0e546c3af879,46596069.5640182,38230.9516326001
105,E07000079,Cotswold,,402125,208209,-1.97059,51.77255,9e9c8831-dc05-46fd-ac63-97574e50c0ae,1164524408.27798,332444.390575856
106,E07000080,Forest of Dean,,367175,212759,-2.47755,51.81249,bbe94b5b-7b2f-4fdd-a53f-4871a08249a6,525902190.818745,190129.084251616
107,E07000081,Gloucester,,384071,216449,-2.23263,51.84641,76b2d4bd-4b79-46f7-9492-ca16d808c4ff,40553089.0741653,33539.6389322303
108,E07000082,Stroud,,378807,202410,-2.30818,51.72001,f0a98766-7730-404d-8b0c-283561d84721,460541978.065842,172781.842223823
109,E07000083,Tewkesbury,,386347,226279,-2.19998,51.93485,08b74b99-58d3-43a7-a43e-95a7c4dcc866,414414320.159477,204835.336996448
110,E07000084,Basingstoke and Deane,,454508,151423,-1.22021,51.25937,bc59d680-2e61-4550-99f4-9b822b5825ee,633817174.904499,143437.080139487
111,E07000085,East Hampshire,,474404,129237,-0.93971,51.05765,e92ad22e-8ce9-40da-9718-a4b96c175c35,514432073.296314,144540.456381259
112,E07000086,Eastleigh,,447202,116802,-1.32943,50.94872,32550fe4-a2a8-4472-aac1-3237a0e3723c,79678661.7594032,75889.8183698162
113,E07000087,Fareham,,453774,106319,-1.23742,50.85388,e0a79bcb-eaee-4b7b-8535-d3108402b2e1,74256780.9032478,66342.586483933
114,E07000088,Gosport,,458769,101088,-1.16731,50.80636,2ab77b0d-45cf-4b00-89fa-a07c9589a0ee,25373864.3669701,40198.87836336
115,E07000089,Hart,,477985,154240,-0.88321,51.28197,470b4a9c-4383-4431-9a4c-89bcc7d73dfe,215265080.736488,77847.6509709792
116,E07000090,Havant,,470178,108564,-1.00398,50.87231,9679ce99-3450-4ace-bbe4-702fb2ad087b,55739559.5549545,115625.951907801
117,E07000091,New Forest,,428748,106521,-1.59293,50.85748,80bb5560-07a7-447b-8a7b-a6d70a05b7de,752175262.570057,332043.002895271
118,E07000092,Rushmoor,,486022,153944,-0.76807,51.27815,7f4b26e0-2021-457f-bd22-d8b78679b213,39045039.9988327,31892.9860931807
119,E07000093,Test Valley,,434930,137329,-1.50214,51.13417,55340b1e-71e6-4f15-bd8d-d5734b345ac2,627595194.089348,190816.011685139
120,E07000094,Winchester,,453115,125901,-1.24393,51.03002,a63fc517-c446-4152-8b3f-a4d3ec25a8ed,660970091.230888,172157.928469101
121,E07000095,Broxbourne,,534742,204251,-0.05073,51.7208,4e6ed33e-fc0f-44cd-8424-649fd6b0a4a0,51442302.8940964,39068.7347762829
122,E07000096,Dacorum,,500084,208745,-0.55098,51.76845,c57dc539-b436-4651-a165-e3ccb321773e,212476395.569191,110103.603607567
123,E07000098,Hertsmere,,519774,199352,-0.26899,51.68017,89c11c10-8cc5-4e0b-9535-c2f1f9f4796e,101128162.404755,61228.1015167854
124,E07000099,North Hertfordshire,,522192,230256,-0.22314,51.95738,ba45f9c9-31de-4834-afd2-ebd09d2376a6,375382315.75721,168316.641493228
125,E07000102,Three Rivers,,507313,196418,-0.45005,51.65632,1f8ddc66-31e6-456f-8a7c-40e07799f75d,88824172.4603958,74112.5121827277
126,E07000103,Watford,,510441,198197,-0.40429,51.6717,58ccc3c0-d100-4c7a-b123-af1639b1559e,21430351.4039917,26392.3637917563
127,E07000105,Ashford,,597640,140644,0.823374,51.13096,4ec7265d-a104-454a-8e08-4f79f0a7d0c0,580617311.422043,149446.336252667
128,E07000106,Canterbury,,616032,158096,1.096342,51.28102,941a39c8-cae5-4b82-8387-73d81a46ef7d,308752563.330635,134481.533238152
129,E07000107,Dartford,,556167,172917,0.245276,51.43373,32e2fb5e-1207-4d0b-b9b8-7ccce4b8ee45,72725578.2278366,57309.3850914059
130,E07000108,Dover,,628964,150942,1.276887,51.21176,fb2a4716-e7f7-403b-9e18-822372cd18e5,315337969.559494,148160.693909828
131,E07000109,Gravesham,,566969,169114,0.398744,51.39649,747debd0-165c-4216-a765-d690773c59db,98991344.3912201,60516.7211625426
132,E07000110,Maidstone,,580489,151670,0.584061,51.23566,4305065d-c27b-4d02-beed-5e874139491f,393329513.555687,122980.443774681
133,E07000111,Sevenoaks,,552776,155218,0.188936,51.27563,04214c0e-9255-4fa2-a147-648bb28f2b7f,370346869.562752,134435.330146171
134,E07000112,Folkestone and Hythe,,610318,134595,1.000795,51.07213,aa6be105-0a99-4bc4-8e01-b40feda89f96,356921036.861351,148969.398554026
135,E07000113,Swale,,593583,161818,0.776893,51.32251,e38b3db5-f1a2-4bab-9a38-27a7502fa65e,373436666.268112,347823.073920432
136,E07000114,Thanet,,631839,166752,1.328226,51.35252,81f0dd5b-5697-4109-b235-eae1aa8d00a4,103609163.126976,65351.0799155177
137,E07000115,Tonbridge and Malling,,564014,153898,0.349306,51.26064,22da91da-d8b1-463a-aa89-f22ae253cf27,240114269.484909,133211.273866147
138,E07000116,Tunbridge Wells,,573139,136599,0.471632,51.10254,776e9140-acfa-43ee-86af-dbfc6ddee71c,331328858.204216,150590.348271022
139,E07000117,Burnley,,384886,430882,-2.2308,53.77406,3f735529-b478-46b7-86f7-211e41325d7a,110683998.008865,57764.4790119146
140,E07000118,Chorley,,359189,419724,-2.61921,53.6724,bbb8fac0-fc50-44d7-87c3-efeb30747565,202762136.978027,114515.887165166
141,E07000119,Fylde,,339554,433811,-2.91914,53.79709,1b127474-64dd-4dde-9b46-9f37d835e783,165696809.242523,138118.3976187
142,E07000120,Hyndburn,,374407,428971,-2.38964,53.75648,a207a916-8247-469a-a2d0-dadab6c723b2,73006538.3963776,42726.6455330733
143,E07000121,Lancaster,,356896,464988,-2.6603,54.07901,0d2256b2-35db-43ac-bb19-22d81b0ca662,566931386.990921,345319.329046169
144,E07000122,Pendle,,387637,443368,-2.18957,53.88636,be1fc207-e203-4f85-9275-724e4dc1c005,169380095.937088,79243.6273907022
145,E07000123,Preston,,352825,436432,-2.71809,53.82202,bf47c5de-5c66-4261-ae73-0cc7e119d12b,142284181.58786,82804.9151529492
146,E07000124,Ribble Valley,,372687,447676,-2.4174,53.9245,a8824522-110d-4641-b4e3-d2e5507890c5,584462427.345154,150571.019012166
147,E07000125,Rossendale,,382827,420955,-2.26149,53.68478,90285ed0-00bd-42d3-b8ba-7bbc75310c27,138040902.83493,71149.6678904944
148,E07000126,South Ribble,,352017,425840,-2.72871,53.72675,bfc171bf-58ac-49de-866e-97198e524540,113141866.936462,105351.716728635
149,E07000127,West Lancashire,,342611,413270,-2.86893,53.61283,95b92933-d323-428a-8c77-959358909766,346632973.113945,227324.58998958
150,E07000128,Wyre,,347295,445159,-2.80359,53.89991,90231f6c-6e69-476c-ac54-8e1a5a34c23f,282164810.759903,212730.721154545
151,E07000129,Blaby,,454385,297994,-1.19887,52.57706,f8ddf436-7484-42e4-a072-259fecdad221,130468677.480431,100819.772020311
152,E07000130,Charnwood,,458365,316155,-1.13694,52.7399,00babb97-7d75-4112-ab44-94155cf3fe26,279042273.104355,115474.270424313
153,E07000131,Harborough,,474549,293875,-0.90229,52.53766,0ed7fd4f-88e0-48db-958d-10dc8415a477,592692043.934021,185950.639810548
154,E07000132,Hinckley and Bosworth,,439538,301379,-1.41755,52.60877,7b4cf7fa-c276-45d9-9cf5-45539e63a1c3,297351487.709793,111545.991773985
155,E07000133,Melton,,477328,323472,-0.8544,52.80329,0bbd0e64-15f7-417a-bc41-3510bb26ef3f,481380509.624313,140629.285236827
156,E07000134,North West Leicestershire,,439111,316252,-1.42209,52.7425,98755956-e7d5-4a68-bd98-7a82e868412c,279328076.043144,116453.02578521
157,E07000135,Oadby and Wigston,,461543,299379,-1.093,52.58875,3f424d3b-a08c-4cb4-9ca4-a1ac5f509605,23526096.5257263,31171.7329461944
158,E07000136,Boston,,526851,343953,-0.11218,52.97794,5ac3f0f4-da9f-461e-ba67-14a3f34d99f9,364008573.37616,440527.091352856
159,E07000137,East Lindsey,,534861,376064,0.020516,53.26446,4f0a4b22-44e5-4b2a-9533-246c9a1c9f78,1766773259.03485,373175.487592905
160,E07000138,Lincoln,,496347,370096,-0.55848,53.21921,f0be2e37-776a-4642-b85e-64b08b3ecb2d,35690274.4632416,32969.7629878016
161,E07000139,North Kesteven,,502135,354788,-0.4767,53.08058,92b9e2f9-1794-4a4d-bee1-897f854dccce,922471383.408615,181807.630394148
162,E07000140,South Holland,,532910,322928,-0.03057,52.78758,2a3b3456-4d7a-454b-8366-0df5c2979584,750076114.075775,438385.62657141
163,E07000141,South Kesteven,,501406,328986,-0.49565,52.84885,a584f0ae-a9c9-4b18-a8f2-b9230d3aa883,942585798.373444,209816.236294167
164,E07000142,West Lindsey,,499314,390326,-0.50774,53.40044,ee5a4c12-51d1-4cef-88d7-8e6b3e11d528,1155731961.18341,249630.480178222
165,E07000143,Breckland,,591015,303330,0.818716,52.59421,a344c8b2-9f67-4ca8-b2ac-5b47a9bff532,1305116638.26154,239527.48442548
166,E07000144,Broadland,,619864,315909,1.252317,52.69622,b97da388-55b7-4684-b434-6d29905b5ebd,552060635.568771,219128.148673154
167,E07000145,Great Yarmouth,,646761,315881,1.64951,52.68439,5a989d39-5968-4de2-b47d-e55367643252,174314101.655243,145908.017098497
168,E07000146,King's Lynn and West Norfolk,,571219,315805,0.533243,52.71283,e32d4b3c-1a24-4ac1-be49-8c3d0a1a6f0b,1439522738.02504,695922.611445031
169,E07000147,North Norfolk,,611076,330857,1.132099,52.83389,58d4545a-8775-42e1-9cb3-ec103b5f5d68,967553195.426544,600214.692025602
170,E07000148,Norwich,,622355,309773,1.284979,52.64013,92933a11-4eb4-42be-a1ba-4ef9b9c8c6d2,39021966.2855682,52686.5007648364
171,E07000149,South Norfolk,,628990,295823,1.373233,52.51218,a266bc8c-fb16-46b6-ab3a-725a1d24204e,907576581.387924,266872.270403047
172,E07000163,Craven,,389513,461989,-2.16168,54.05376,598c27a7-122c-46e9-874d-228c46f53434,1178807442.73689,199883.569852491
173,E07000164,Hambleton,,443009,490546,-1.34049,54.30872,351ea0f2-1cf3-418a-b100-89309b995137,1311242676.26678,298549.716150029
174,E07000165,Harrogate,,427473,464652,-1.58161,54.07708,d578c93f-d94a-44b7-a66f-5b636180c4a3,1309117894.68939,246983.783503523
175,E07000166,Richmondshire,,401039,495786,-1.98552,54.35761,c107eb1d-ab1d-4bca-9fb4-a1c56e5c39a2,1318702675.0249,221695.052013126
176,E07000167,Ryedale,,475590,478890,-0.84277,54.20021,b49dfe4c-6ad6-4117-8506-03f9cbbf7d96,1506594092.81944,249873.201632971
177,E07000168,Scarborough,,495798,495548,-0.52778,54.3465,16b0e49f-d215-4af9-939f-5f34b7605ff7,816188424.699493,241939.621096433
178,E07000169,Selby,,457551,426670,-1.12908,53.73327,6b828806-c575-44c6-8772-d2ac76b58fa6,599315524.903412,264847.131710104
179,E07000170,Ashfield,,450035,355843,-1.25422,53.09747,14b7761e-ad69-405e-b86f-06d30b47507d,109557941.222733,69174.7010836954
180,E07000171,Bassetlaw,,468073,384835,-0.9787,53.35604,e10cf23e-abd4-408b-b73c-0f59f126b931,637803646.750931,159734.427115588
181,E07000172,Broxtowe,,449829,341893,-1.25944,52.9721,bcdf8644-eeaf-40f2-8d34-da5474c0381e,80098842.6462555,65999.6165048591
182,E07000173,Gedling,,459184,347811,-1.11907,53.02434,edb98548-e97d-4a8d-aaeb-d762462c8a15,119981506.141388,69754.3805457455
183,E07000174,Mansfield,,455047,363637,-1.17804,53.16703,a54e78d8-c85b-4b22-8253-4e97e03c636f,76696899.0271759,51090.8148505841
184,E07000175,Newark and Sherwood,,470624,357451,-0.94643,53.1096,deb6edb0-0a0d-45e8-9318-c8e42cca7ea3,651340472.18425,187422.294092544
185,E07000176,Rushcliffe,,466606,335453,-1.01097,52.9124,28b73984-12db-4a2b-ab06-73a842037c5f,409231535.975937,123324.204812503
186,E07000177,Cherwell,,449301,221201,-1.28506,51.8872,731a64d6-c6a0-4f47-814e-65c576233e92,588741166.442505,225626.040390185
187,E07000178,Oxford,,452277,206368,-1.24405,51.75357,d3fa24bd-145b-4663-8a47-68a415af4c30,45602916.3576279,34999.5348550061
188,E07000179,South Oxfordshire,,463890,191964,-1.07847,51.62288,1bda619d-efd1-41f6-a2e2-3b4c05ebbb5b,678521424.508331,205399.796379623
189,E07000180,Vale of White Horse,,435693,195197,-1.48543,51.65443,13003d16-d3dc-49ad-8260-6b8731637de5,578660266.643173,175976.842181864
190,E07000181,West Oxfordshire,,434343,215816,-1.50292,51.8399,8d2c4985-758b-44d1-818b-dad52213d24a,714422027.377594,160247.497018012
191,E07000187,Mendip,,362238,144090,-2.54178,51.19476,a1cadd12-3580-42df-9f39-e1bb72f40a95,739435425.721313,198849.803772948
192,E07000188,Sedgemoor,,338429,143998,-2.88246,51.19186,f5674f91-231f-421e-8799-1d9b45b64ed1,564223845.12434,258006.977750274
193,E07000189,South Somerset,,345633,120798,-2.77588,50.98399,823eee53-992a-41c9-8ed1-19543447e0af,959040235.642868,241316.735903672
194,E07000192,Cannock Chase,,401261,311553,-1.98277,52.70166,60360424-a6a3-443a-894d-e3121563f596,78882571.1931686,50127.5676827054
195,E07000193,East Staffordshire,,412601,326569,-1.81438,52.83651,657b50a2-7ed1-466b-8050-c58aeaa9eab5,389987162.339035,183696.080171671
196,E07000194,Lichfield,,416283,310967,-1.76049,52.69615,d32c8654-0df1-4553-ba2d-9e6573350650,331294331.289627,127468.123665333
197,E07000195,Newcastle-under-Lyme,,378199,345174,-2.32631,53.00345,785cadfa-b7b9-4fa7-a49f-34b02e451289,210957320.579865,108258.877906413
198,E07000196,South Staffordshire,,389625,311037,-2.15495,52.69692,0e93ed88-83e8-4f76-b421-43a5b3c6fc81,407322253.063065,184894.034988598
199,E07000197,Stafford,,389001,327836,-2.16475,52.84792,601a6c97-0c2e-4153-b975-3cc81df043d7,598172232.706764,159078.504004003
200,E07000198,Staffordshire Moorlands,,400543,352443,-1.99334,53.06924,a02643bb-b2ea-4dad-8b90-9eefe0b48f75,575849820.397621,152448.005729777
201,E07000199,Tamworth,,421455,302550,-1.68451,52.62031,5a07f52d-483e-4f99-9def-f8bcecdf6560,30850718.76548,30729.9145727779
202,E07000200,Babergh,,599987,244692,0.916149,52.0645,438f5082-9bc1-4f02-9edc-fe6fd295475e,595116562.535583,210447.779062674
203,E07000202,Ipswich,,617161,244456,1.166145,52.05592,fbab7030-559d-45ed-b341-3ddfd9160f32,39509795.4510498,45342.2917616399
204,E07000203,Mid Suffolk,,611646,262338,1.096953,52.21859,99e7f1e9-34e9-4bcf-9238-304fc44af472,871070646.005127,191154.578858461
205,E07000207,Elmbridge,,511882,163658,-0.39441,51.36098,4c14bee4-f6c7-4b9e-9261-3d564ae9e4c9,96334274.6957779,52205.9992807471
206,E07000208,Epsom and Ewell,,521176,161475,-0.26172,51.33945,5ebf214f-f1fd-41cb-a890-191dcd3d6118,34079152.8424225,28503.6676331565
207,E07000209,Guildford,,500408,151481,-0.56257,51.25366,0fae481d-5cd1-4f2b-b10c-c87a472a9d10,270931187.387306,128414.098855641
208,E07000210,Mole Valley,,518377,148953,-0.30603,51.22749,35515b55-57d6-4b68-87e2-ac94bd09f367,258320952.516853,105402.687786554
209,E07000211,Reigate and Banstead,,525786,152574,-0.19871,51.25846,49867e4f-3009-4560-a355-3e3f58826ce8,129143924.297302,79923.5079804309
210,E07000212,Runnymede,,501777,166979,-0.53855,51.39273,8e8b2bef-4f39-4e5c-837c-457fe2ea3377,78040686.6911774,45677.2898592863
211,E07000213,Spelthorne,,507012,169622,-0.46254,51.41552,a82a7e47-4cd7-4f0b-b1b8-ebecfe1dd7ff,51161362.6650543,44134.4491837053
212,E07000214,Surrey Heath,,491362,160483,-0.68986,51.3361,ff026ac2-04a3-4880-9104-613645076533,95092959.2525024,53559.6224961713
213,E07000215,Tandridge,,536365,150325,-0.04805,51.23581,a597f2af-c48e-4eaa-a66e-14911c673fc4,248194569.761368,83136.7824737629
214,E07000216,Waverley,,496363,140635,-0.62343,51.15686,f3ce42c5-cf16-46ba-88c3-795ff06e9335,345170238.030392,125435.762711868
215,E07000217,Woking,,499087,157542,-0.57982,51.30837,d089479f-3191-4329-a137-22ce5dd17b9a,63603603.4637375,54781.3272127087
216,E07000218,North Warwickshire,,425570,296399,-1.6242,52.56484,fa494685-fbf5-498f-a8d7-a20f1418d377,284261502.743011,113230.423180909
217,E07000219,Nuneaton and Bedworth,,435419,289352,-1.47965,52.50094,4bfe0e1b-54ed-49b3-aea9-4abcc44238ca,78950291.6450729,48148.5849617252
218,E07000220,Rugby,,446498,276244,-1.31828,52.38228,9ae06ffd-303c-4908-9df2-74014ee9d2ac,353557288.510536,115093.419606898
219,E07000221,Stratford-on-Avon,,425019,251536,-1.63565,52.16154,6716fc97-36d5-4b5a-8e7c-3abcae444796,977869055.570435,261383.673616721
220,E07000222,Warwick,,428484,267113,-1.58369,52.30142,05172f20-850d-4013-a60b-87defc1a1998,282882319.745018,116717.12723474
221,E07000223,Adur,,518076,106472,-0.32417,50.84572,d4d83073-d20d-4d26-9170-d1cd3821d7a9,42065494.4625702,60515.6323454364
222,E07000224,Arun,,495144,105723,-0.64999,50.84321,b8e69a2b-de5b-4494-a204-7a906243284f,220991201.218452,156497.760289444
223,E07000225,Chichester,,490285,116600,-0.7163,50.94177,5da795ad-a82d-4518-a144-87b2d17ad6a0,786194857.397205,297274.810350619
224,E07000226,Crawley,,526390,137581,-0.19533,51.12357,c655997a-c63e-4d16-962f-dc46d78f06e5,44971203.1522369,38799.4149296304
225,E07000227,Horsham,,513674,123840,-0.38126,51.00272,c090eafd-f074-4998-ba3d-9019a1e88dd9,530278365.069931,215759.513693579
226,E07000228,Mid Sussex,,533054,130623,-0.10272,51.05953,6ac3449d-137d-4614-ac46-a8b83fcf4901,334029226.734478,132912.176488487
227,E07000229,Worthing,,512679,104948,-0.40127,50.8331,b03b055f-3045-47a9-90bd-f208c844fd4c,32521008.0470238,29462.0951932159
228,E07000234,Bromsgrove,,399840,273736,-2.00376,52.36169,8a195369-7e83-48a2-9940-59a9369fb105,216968481.006905,113135.305965417
229,E07000235,Malvern Hills,,377465,252197,-2.33089,52.16758,8bef08d7-598d-44e3-9b93-c8fa874ef32e,577070979.601952,230605.355251964
230,E07000236,Redditch,,403705,265253,-1.9471,52.28541,2ca25c84-be0f-4455-ac1e-15b3f64849ea,54250911.9179382,41301.7560073474
231,E07000237,Worcester,,385725,255196,-2.21025,52.19482,c86e9c26-2122-4624-87d5-cfbf9ee5266a,33278125.0236053,31263.0662757778
232,E07000238,Wychavon,,398991,247839,-2.01614,52.12886,3018c494-ea8c-47a6-b3e8-65ca4b850d27,663541973.452621,219519.701324355
233,E07000239,Wyre Forest,,384106,276388,-2.23494,52.3853,78963614-2dc1-4b0a-9472-78124ad24aaa,195403721.028099,100867.075355581
234,E07000240,St Albans,,514580,209623,-0.3407,51.77356,ebcf8c65-2b8d-4583-ab25-8306d90d458b,161205874.244164,72946.2848058614
235,E07000241,Welwyn Hatfield,,525345,208467,-0.18518,51.76087,03947870-6e20-4635-9218-67a05be72eae,129536896.518295,82391.9829968341
236,E07000242,East Hertfordshire,,537995,220370,0.002739,51.86485,1211abd4-140d-4e7a-a6b9-74bc2fd65b67,475669102.36454,135188.178395544
237,E07000243,Stevenage,,524622,224531,-0.18987,51.90539,3edde8aa-ac58-4e06-ac42-610becb1a3de,25969241.2793503,28588.26135758
238,E07000244,East Suffolk,,636043,266272,1.456186,52.24399,0158554b-d545-4464-9adc-795e92cf1668,1260989579.41376,584790.287547843
239,E07000245,West Suffolk,,580944,271124,0.652769,52.30842,4cfaae34-7a52-4190-a8aa-2c7a36f296be,1034675782.90302,274547.455563971
240,E07000246,Somerset West and Taunton,,304960,130228,-3.35766,51.06348,f954950e-c48d-41d9-8e75-1a048fc9f9f5,1189084425.68228,288679.023924561
241,E08000001,Bolton,,368352,409873,-2.47952,53.58449,a3e3e2a2-05e5-4f55-b43a-9c896db2e093,139792042.627411,82647.1577312719
242,E08000002,Bury,,379658,410768,-2.3088,53.5931,873089e5-9170-4aac-b756-e4852fdca0f2,99460126.8785248,68541.6884111014
243,E08000003,Manchester,,384591,397063,-2.23359,53.47009,5b94aafa-683a-4ea3-bc92-e865d47a7fae,115648368.019409,86856.3996573041
244,E08000004,Oldham,,396603,406784,-2.05274,53.55768,9d568533-ba45-43de-8b58-9dc0faf9b088,142344917.444534,71165.7204608287
245,E08000005,Rochdale,,390315,412326,-2.14784,53.60741,286f7395-b0f7-4a7f-9803-a0706201edb1,158128175.388794,82713.1445559286
246,E08000006,Salford,,374556,398128,-2.38485,53.47927,7b002d0e-91e8-405e-9aa8-45263e906d59,97197278.4969788,63268.7415921378
247,E08000007,Stockport,,391806,388264,-2.12467,53.39116,1fe95392-839d-4d94-92f1-338eccbcea75,126040311.275833,73638.5557808955
248,E08000008,Tameside,,394987,397995,-2.077,53.47867,f2cfa2bc-a545-448a-80c9-88a65b16cb65,103154292.986191,55988.9762213639
249,E08000009,Trafford,,375790,391162,-2.36572,53.41671,54b3b0a9-9a32-43e0-a22b-0fe753addf08,106044612.389526,60718.087212357
250,E08000010,Wigan,,362136,402126,-2.57247,53.51445,5494b3e4-40c0-4138-b0ee-3f4b5a04adf2,188171012.467972,88690.3858142559
251,E08000011,Knowsley,,344762,393778,-2.83297,53.43788,afecee25-5b66-4fff-8688-adc07e3fce47,86500060.7558289,68167.3691636951
252,E08000012,Liverpool,,339361,390553,-2.91364,53.4083,19f75ac8-71d2-4c56-9432-9ac7ea8b198c,111835572.362038,62699.7487831678
253,E08000013,St. Helens,,353412,395992,-2.7031,53.45862,334c6e4a-4169-4f31-acbc-193efbf1395f,136358793.482689,76386.889589881
254,E08000014,Sefton,,334282,398832,-2.99177,53.4821,9fa5c20d-d38b-443b-b2fc-12c99d3c30ef,156578243.923256,130345.752802741
255,E08000015,Wirral,,329110,386965,-3.06701,53.37478,bbde3bd0-c90f-49c8-8bfd-aa7d7088c3a0,160922013.989807,133924.408539139
256,E08000016,Barnsley,,429979,403327,-1.54925,53.52577,0e93c3b1-0d2f-48fe-b032-e5c1b6c3003f,329077594.50322,126421.141156487
257,E08000017,Doncaster,,459167,403735,-1.10894,53.52697,f038016d-9b2e-4a7a-a53c-1f5a28a09c53,568006405.286972,171114.48848027
258,E08000018,Rotherham,,447542,388980,-1.28651,53.39553,a0ba5fbf-5f34-40bd-a7a5-38cd31b2d145,286534366.876373,106151.90384443
259,E08000019,Sheffield,,430511,389736,-1.54254,53.40358,00be57b6-d3cc-4707-9b9c-241a52e3c375,367930013.45134,132837.066229986
260,E08000021,Newcastle upon Tyne,,422287,569661,-1.65297,55.021,13f5ecd1-ad1c-48a1-b92d-d370ba889f8d,113446877.565033,65224.1224978585
261,E08000022,North Tyneside,,431471,570602,-1.50923,55.02896,75c70d5b-8936-4a2c-bbd3-f08d4392467a,82311584.925827,65347.6718882172
262,E08000023,South Tyneside,,435514,564057,-1.44679,54.96988,16d78778-1b84-4bf4-9882-4c64a91b1515,64420348.6390686,51335.2667794194
263,E08000024,Sunderland,,436470,551524,-1.43344,54.85719,52477aa0-727f-47fe-a5da-ffce1805a03e,137436258.072021,99824.6252634882
264,E08000025,Birmingham,,408150,287352,-1.88141,52.48404,33d15ca0-809c-4907-8e9f-68433ee55cdd,267791058.798279,106260.619497994
265,E08000026,Coventry,,432807,279689,-1.51908,52.41423,2f9b8b65-8f81-4028-8842-b310f2ee9ed1,98639060.6567917,54057.1910587663
266,E08000027,Dudley,,393191,288584,-2.10171,52.49513,73856e4e-c9dc-4a00-a949-446214d277dc,97958243.341011,75382.2802756357
267,E08000028,Sandwell,,399573,290764,-2.00771,52.51477,88336559-c372-49d2-949f-fbcab89a7877,85558927.8994293,59211.0011310175
268,E08000029,Solihull,,419434,281483,-1.71558,52.431,5a4a2990-4ade-4e34-879a-5572658d4d8f,178282117.055634,101031.275128473
269,E08000030,Walsall,,402098,300804,-1.97044,52.60503,0c1bec59-6151-45b2-9d68-a63bf8a0c324,103973538.34642,59401.1794285967
270,E08000031,Wolverhampton,,391463,300016,-2.12746,52.59788,833ad368-f924-400c-ad09-4e89fc13a23e,69436709.4773865,56054.7886611397
271,E08000032,Bradford,,408395,438626,-1.87389,53.84382,33c44ddf-1919-4bf0-9697-c3ef450e6666,366419745.437027,135920.365236872
272,E08000033,Calderdale,,402617,424896,-1.96182,53.72048,e634faba-9112-4c78-89fc-7c160e8f778b,363960992.684967,107687.187293662
273,E08000034,Kirklees,,414586,416223,-1.78085,53.64233,3c848c0c-ddb1-4b8b-af02-dff2af4a8aeb,408551660.797684,125668.277769938
274,E08000035,Leeds,,432528,436384,-1.50736,53.82273,d5264525-50e2-4eeb-a136-efc00142d162,551706535.832367,161521.735517059
275,E08000036,Wakefield,,438366,418235,-1.42092,53.65922,885e758c-c64d-4815-8e50-dc367ec5cb2a,338619733.848053,109447.28637914
276,E08000037,Gateshead,,420159,559652,-1.68694,54.93115,6f11fd7b-a68d-476c-a7c6-e84916e8e0e1,142354807.584579,89794.062372049
277,E09000001,City of London,,532382,181358,-0.09351,51.51564,be829eaa-79f1-43a8-b2be-87d01218720d,2889678.82288361,9404.60040928952
278,E09000002,Barking and Dagenham,,547757,185111,0.129479,51.54555,5b8152b1-8fcf-4617-a965-7204adf5ab65,36101367.4380112,40903.0061195046
279,E09000003,Barnet,,523473,191752,-0.21819,51.61107,1fb45777-223a-4a6b-a197-2082b2c0b9e0,86766703.2361679,50937.7781770676
280,E09000004,Bexley,,549202,175434,0.146212,51.45822,a480810d-5f57-412d-bcf6-316dbec35804,60578408.3853836,47959.490238445
281,E09000005,Brent,,519615,186465,-0.27568,51.56438,01ccf00b-5537-4630-b7a2-7da3e23751a5,43236364.5000534,38441.4621103204
282,E09000006,Bromley,,542036,165707,0.039246,51.37266,d9a6f1f8-e64b-4fa3-a2ec-8be987f0b085,150132482.603828,76225.7196547584
283,E09000007,Camden,,527491,184283,-0.16291,51.54305,5a19796f-d1d3-4e7b-97b3-8e1c0c35ef5c,21778579.6558762,26245.739181562
284,E09000008,Croydon,,533922,164744,-0.07761,51.36597,42221ff3-f018-4103-9111-6efa547cffdb,86488720.6604156,58721.1957720399
285,E09000009,Ealing,,517055,181959,-0.3141,51.52442,10210a14-6715-4dc3-bb27-b7f207889ec5,55542068.9728394,47461.4174836169
286,E09000010,Enfield,,532831,196198,-0.08144,51.64889,272d0c4c-3570-4fd9-92c1-8aecd9b03a07,82190329.698349,41091.4717649012
287,E09000011,Greenwich,,542507,175878,0.050093,51.46394,e1ace1ca-1721-4a01-8056-bd2bdcc59de7,47311233.3829422,47635.2867733163
288,E09000012,Hackney,,534560,185787,-0.06045,51.55492,4414c685-d525-412a-9a7b-13ff663fab0e,19043878.1759109,25441.8544430665
289,E09000013,Hammersmith and Fulham,,523867,177993,-0.21735,51.48733,5e3f57f5-c00f-467b-9378-3cc0651f1004,16403288.6433716,24008.09587154
290,E09000014,Haringey,,531260,189349,-0.1067,51.58771,f595bdcb-5ac5-4469-b061-6e4934990418,29606188.7568893,29085.5089573246
291,E09000015,Harrow,,515359,189736,-0.33598,51.59467,e55dd253-9d8c-4c91-ac4b-0a7bb825d57d,50464270.3934402,33811.7912858702
292,E09000016,Havering,,555032,187514,0.235368,51.56519,923a9cc5-e5f7-43b6-ac6f-c1c488c20c8b,112343558.253273,63722.7137240532
293,E09000017,Hillingdon,,508166,183121,-0.44182,51.53664,6533f4d6-caf7-45b8-8b7a-de643c11b4b6,115704359.838921,63941.0212862206
294,E09000018,Hounslow,,512737,174959,-0.37855,51.46238,47a4dae5-6a67-4c06-833d-175a19532c8f,55962868.5600128,64533.8036505843
295,E09000019,Islington,,531160,184645,-0.10989,51.54546,418bda67-550d-4d3f-b55f-362b9a192d2a,14858041.7195892,20747.740080408
296,E09000020,Kensington and Chelsea,,525756,179058,-0.18977,51.49648,a8abf86e-ed67-44df-9d77-be3580b3533b,12123771.9000549,21062.9409676591
297,E09000021,Kingston upon Thames,,519508,167389,-0.28367,51.39296,adce0b6d-3ca2-47b0-8714-007a7c73dd9e,37259416.9783936,37549.9217180313
298,E09000022,Lambeth,,531118,175629,-0.11385,51.46445,4b9c2cf2-2ac8-407c-97d1-fb44da8fcce8,26807014.5285568,34048.7120363
299,E09000023,Lewisham,,537888,173343,-0.01734,51.4423,4f32d2bc-f1e6-433a-af10-e40c73cbbeac,35146120.5133514,41214.8903254513
300,E09000024,Merton,,526068,169508,-0.18868,51.41058,3c6e4f3d-ddee-4b1e-8fc0-564c42f4723c,37624038.2783279,32439.5336737715
301,E09000025,Newham,,540713,183346,0.027261,51.53149,36cf6d80-6cf5-4443-af29-58bbf5fa1ffc,36195900.4256973,35876.144941093
302,E09000026,Redbridge,,543512,189477,0.070085,51.58588,a3a72db2-9134-464c-91b2-59dba6b2f5b6,56397395.0131073,50492.9387840988
303,E09000027,Richmond upon Thames,,519005,172650,-0.28914,51.44035,361d90d0-006f-4a0c-b775-cb4aa3bb481b,57392803.721405,68932.8489734015
304,E09000028,Southwark,,533945,175869,-0.07308,51.46594,422a037c-2b59-4edb-a7e2-7ecab97eb719,28877697.1058502,34596.3421579807
305,E09000029,Sutton,,527357,163639,-0.17226,51.35755,c62161f6-c4a9-4322-a905-84025325715c,43847690.3312454,39927.9157122329
306,E09000030,Tower Hamlets,,536340,181452,-0.03647,51.51554,eaeca73d-ce91-4390-9a19-84733eab6df1,19770868.2224808,28755.006273148
307,E09000031,Waltham Forest,,537328,190278,-0.0188,51.59461,544a4578-72b4-45e2-a5cb-bb1bfe0302bd,38810231.0118637,33346.5752711045
308,E09000032,Wandsworth,,525152,174138,-0.20021,51.4524,cc79c303-2873-4cc9-80f1-dcd1641c9e61,34261867.3393478,38839.8585877928
309,E09000033,Westminster,,528268,180871,-0.15295,51.51221,99f21aa9-3452-4e3d-97ae-883da1b5eb14,21482611.1977997,27534.1316680137
310,N09000001,Antrim and Newtownabbey,,130813,541285,-6.1776,54.69386,da6d0d60-8984-43b8-a6b3-dcad92fbd69a,728186553.535458,165144.796009216
311,N09000002,"Armagh City, Banbridge and Craigavon",,112110,508158,-6.43455,54.3867,b66242f9-4c76-4ea4-85d4-425b6d9ea207,1437068552.8157,243056.187545032
312,N09000003,Belfast,,146465,529747,-5.92535,54.59853,818c8e40-bd17-4329-af99-183b451b83f4,137716630.153,65908.1975172843
313,N09000004,Causeway Coast and Glens,,106168,581420,-6.5996,55.03962,a01029bb-cac3-4a55-91e6-2a0acb91b2bb,1985534511.66684,381749.493068113
314,N09000005,Derry City and Strabane,,51779,559566,-7.42064,54.80904,ac9222f9-d805-4d9f-bc65-971ed273f9ca,1251241562.6108,271488.90820484
315,N09000006,Fermanagh and Omagh,,41233,513013,-7.5271,54.38521,508a9b9f-16ba-4e3b-9ba1-92911e9b6f88,3012114877.30699,426624.028390535
316,N09000007,Lisburn and Castlereagh,,138712,518920,-6.03545,54.49752,6b729812-57b2-432f-8fd0-37b281ef64ed,510438068.179539,167382.916021229
317,N09000008,Mid and East Antrim,,133943,560151,-6.14645,54.86462,7d33879d-89de-491f-aed7-f6ac91c75581,1061355466.99253,234862.589304512
318,N09000009,Mid Ulster,,83920,528564,-6.8889,54.55273,e29c0a19-55f9-4112-93cd-9d56efe2c740,1957293802.17527,318433.184764098
319,N09000010,"Newry, Mourne and Down",,133006,480432,-6.08891,54.14953,523c81c6-8d96-499a-8a56-0ffdc3a1330a,1682340590.08834,380092.259434884
320,N09000011,Ards and North Down,,164321,524944,-5.64568,54.56409,f264fe7d-a1c8-4ab6-b60d-adf9ffbc9c54,566472955.047417,204687.660819208
321,S12000005,Clackmannanshire,,291178,696402,-3.75316,56.14784,e092792a-465e-45f2-b223-2156e05b4d4e,159185046.780151,96934.5372320524
322,S12000006,Dumfries and Galloway,,270645,579856,-4.02863,55.09621,832b0cfd-9458-4c34-9d1e-1984b8ad9c28,6436566764.09813,1207100.79655475
323,S12000008,East Ayrshire,,255398,624935,-4.29057,55.49674,3c28df1d-8b8b-4525-923e-a5ccedf78237,1270342032.21393,340964.440963998
324,S12000010,East Lothian,,354854,672351,-2.72435,55.94207,9ba34856-ce00-4fb5-b5dd-bc7bb2e300b4,679240892.617447,202128.872658248
325,S12000011,East Renfrewshire,,251929,653115,-4.3606,55.74868,2dac0503-c1dd-42bf-ba61-5476fc015075,174249494.081558,93882.4298837802
326,S12000013,Na h-Eileanan Siar,,126473,932862,-6.65722,58.19938,c9609818-7ff7-4f7b-9ea7-f1008540ae6a,3096614749.11444,3871068.33882036
327,S12000014,Falkirk,,285585,680168,-3.83619,56.00075,09a4b6f9-67c1-4ace-9aed-4a8e9cf0e8e0,297127560.139832,169062.826125422
328,S12000017,Highland,,241018,858292,-4.66103,57.58657,a4c0a88e-216a-45b8-b61c-93007d0130e9,26158744575.5183,5228313.5275563
329,S12000018,Inverclyde,,227922,670894,-4.75387,55.9003,b713a08a-ba14-4ee8-a04c-8ddfdbbfe5a9,161948856.60965,79292.1188586122
330,S12000019,Midlothian,,330088,659217,-3.11738,55.82111,0abd0d70-e891-40a1-9b6f-e86a30e3fc5d,355271578.325897,126470.990462398
331,S12000020,Moray,,328015,843590,-3.20202,57.4768,fb71c78d-a94f-401c-9d54-a09dedff6771,2237554237.47014,463278.218108751
332,S12000021,North Ayrshire,,228996,651640,-4.7246,55.72789,599212ff-b98c-4ab6-bd28-bda2c08ad166,885284942.953911,350167.481325763
333,S12000023,Orkney Islands,,348293,1006584,-2.90025,58.94334,289e2217-b7a6-47a0-a8bc-80c9b078fcc4,1015036193.38026,1203117.00914482
334,S12000026,Scottish Borders,,345889,626137,-2.85869,55.52595,a8700be1-e9c4-494e-870f-b6d0b3b7eb2a,4739167854.45026,514330.561763577
335,S12000027,Shetland Islands,,434516,1180307,-1.37344,60.50495,08cdba26-2b43-410f-958f-062e17457afe,1468514416.84564,2321876.16010251
336,S12000028,South Ayrshire,,226545,596271,-4.72899,55.23008,5f5cc499-9981-4719-905a-471067302a76,1224369285.16436,334722.079696836
337,S12000029,South Lanarkshire,,284634,636071,-3.83272,55.60453,b6956033-ed95-4f65-8e34-8f1d068d3180,1773897195.34454,284527.322494954
338,S12000030,Stirling,,255980,708769,-4.32595,56.24953,3ae93264-1481-47ea-b1ec-6ad21fb54656,2252533429.02083,374946.182274351
339,S12000033,Aberdeen City,,387763,808479,-2.20398,57.16697,67fe4700-b57b-4eda-95aa-52072c2e008f,185566198.963013,123490.692834603
340,S12000034,Aberdeenshire,,352284,816277,-2.79208,57.23469,f8ebda90-cd4d-4623-b801-fef3d914ed69,6318011418.76732,795104.459048141
341,S12000035,Argyll and Bute,,200740,715443,-5.22114,56.28944,98b34937-014e-4a10-b479-92dabd70bd9b,7005854069.48616,3795946.112577
342,S12000036,City of Edinburgh,,320193,669417,-3.27826,55.9112,0441ef80-50b0-4010-b979-34bae683e76a,263390596.412674,110339.006536689
343,S12000038,Renfrewshire,,239305,664698,-4.56834,55.84862,28c94c55-2aed-4206-ad46-6c216dec7e38,261487693.124023,131636.108048527
344,S12000039,West Dunbartonshire,,242904,681586,-4.52074,56.0014,677b68f9-5131-4b16-bcc1-3e60cc9e33d1,177320342.664597,103696.856598265
345,S12000040,West Lothian,,299483,668514,-3.60909,55.8992,b6b9c87b-4af9-4c17-abdf-2368c7c4cc27,428772888.987823,134896.994739104
346,S12000041,Angus,,345506,759636,-2.8921,56.72518,7aad20fd-495d-4cf0-bb7d-ea4174982163,2184982991.10118,328926.663947582
347,S12000042,Dundee City,,340291,732145,-2.97095,56.4776,1f671f06-f183-4b70-aa83-5d1796f2567a,59800691.085083,47831.2210168885
348,S12000045,East Dunbartonshire,,261240,676154,-4.22417,55.95829,534f5ef3-5158-476f-877c-db8303b8b44f,174489023.42247,99602.3601592651
349,S12000047,Fife,,339187,704721,-2.98251,56.23112,58768c20-eae3-4c7c-ba1c-414eedf00063,1325190177.81863,358326.920220934
350,S12000048,Perth and Kinross,,284302,744185,-3.88484,56.57528,f6d6c9be-d135-44aa-be0f-b0c26fac78f9,5383770897.1718,633252.328522905
351,S12000049,Glasgow City,,261534,667033,-4.21479,55.87649,a1b4567f-99bb-4269-b25b-646202af34b3,174621293.706268,135582.998007931
352,S12000050,North Lanarkshire,,277984,665608,-3.9514,55.86814,4af6c008-534a-4922-945f-c5fe3d4b2885,472309075.163071,163984.671595743
353,W06000001,Isle of Anglesey,Ynys Môn,245217,378331,-4.32298,53.27931,b208335f-91a8-4f34-ac02-9dedeb29dbe8,715212566.823395,378962.153549833
354,W06000002,Gwynedd,Gwynedd,280555,334966,-3.77715,52.89883,e6d8fa1f-371f-4cdf-8a62-27d2a3463d2c,2548293001.49198,643031.186078287
355,W06000003,Conwy,Conwy,283293,362563,-3.74646,53.14739,472fcc38-37ab-44a6-b170-e357840fc910,1130178952.57053,283264.262204982
356,W06000004,Denbighshire,Sir Ddinbych,309843,355416,-3.34761,53.08833,732d92c2-19c9-45ff-bf7a-737c6b67bc9d,838716186.145119,228754.688991222
357,W06000005,Flintshire,Sir y Fflint,321134,369280,-3.18248,53.21471,007b330f-4f5f-4e68-9771-c5f4c0d42acc,439830286.775925,239008.264926855
358,W06000006,Wrexham,Wrecsam,333523,345387,-2.99203,53.00167,5a7114ec-2d11-4f0a-ac2a-9e83f3453357,503773487.932762,190040.487574014
359,W06000008,Ceredigion,Ceredigion,267127,268437,-3.94993,52.29795,4f8b60b6-0b51-4091-9530-a8455493f9f9,1788379278.20132,382134.551623007
360,W06000009,Pembrokeshire,Sir Benfro,199821,221392,-4.90818,51.85513,970ad74d-4874-4022-848c-497e200f1b6d,1618344602.56853,743271.411676901
361,W06000010,Carmarthenshire,Sir Gaerfyrddin,247954,224133,-4.2111,51.89495,a473163f-89c0-4187-a00d-a628c50289e9,2371104004.24236,591758.358208376
362,W06000011,Swansea,Abertawe,264022,197308,-3.96723,51.65806,f1ce576a-bd6b-4064-9369-a7ecb4fb9020,377614559.601036,270826.912298447
363,W06000012,Neath Port Talbot,Castell-nedd Port Talbot,279261,195412,-3.74638,51.6445,1986e3df-ae31-430e-a490-d406d312523c,442272615.121151,182189.873896437
364,W06000013,Bridgend,Pen-y-bont ar Ogwr,288231,185870,-3.61375,51.5606,4bb0e26c-4012-45f7-88a1-6d1893f3b63b,250785304.37994,93192.1892347875
365,W06000014,Vale of Glamorgan,Bro Morgannwg,302947,173080,-3.39801,51.44836,1fc7244e-6e89-4b8e-855f-382c59cf9b03,331261393.923573,108403.096935854
366,W06000015,Cardiff,Caerdydd,315272,178887,-3.22209,51.50254,76d2a2b8-bbb0-43b5-b505-66ff7e7e04d4,142303624.581493,79618.4229383751
367,W06000016,Rhondda Cynon Taf,Rhondda Cynon Taf,302237,192395,-3.41359,51.62185,ec831371-0ad3-4549-be3a-4e704a80a42a,424150424.955551,130240.624602837
368,W06000018,Caerphilly,Caerffili,317245,195259,-3.19753,51.65001,b96f1de8-6bfc-44af-b3a7-e281d6e2227d,277387820.795345,116205.600666614
369,W06000019,Blaenau Gwent,Blaenau Gwent,318236,206771,-3.18592,51.75364,f5dc6524-cb42-4cc4-9e75-5bac0d26851d,108728048.165253,65601.6744409075
370,W06000020,Torfaen,Torfaen,327459,200480,-3.05101,51.69836,c20d6f10-6917-40dd-b51a-e2eb870121a0,126239927.867481,82544.7709799913
371,W06000021,Monmouthshire,Sir Fynwy,337812,209231,-2.9028,51.77827,796f0a89-7d05-4cd8-8357-5af17cab3af0,850326621.679474,224917.242780515
372,W06000022,Newport,Casnewydd,337897,187432,-2.89769,51.58231,de39af66-740f-4857-b8d8-32fda4a62f7b,190431130.835026,153216.300044047
373,W06000023,Powys,Powys,302329,273255,-3.43531,52.34864,cde041d5-4aed-4373-9960-c4797cfc697e,5195311014.4883,610121.315602958
374,W06000024,Merthyr Tydfil,Merthyr Tudful,305916,206424,-3.36425,51.74858,5a66a1a7-7674-4452-80f8-470f06d45221,111957012.02029,66696.8154449643
