Middle layer Super Output Areas Code,Middle layer Super Output Areas,No_cars
E02000001,City of London 001,3793
E02000002,Barking and Dagenham 001,914
E02000003,Barking and Dagenham 002,1156
E02000004,Barking and Dagenham 003,544
E02000005,Barking and Dagenham 004,1016
E02000007,Barking and Dagenham 006,1375
E02000008,Barking and Dagenham 007,1509
E02000009,Barking and Dagenham 008,1456
E02000010,Barking and Dagenham 009,1111
E02000011,Barking and Dagenham 010,703
E02000012,Barking and Dagenham 011,769
E02000013,Barking and Dagenham 012,1112
E02000014,Barking and Dagenham 013,1167
E02000015,Barking and Dagenham 014,1184
E02000016,Barking and Dagenham 015,2310
E02000017,Barking and Dagenham 016,1124
E02000018,Barking and Dagenham 017,1138
E02000019,Barking and Dagenham 018,1001
E02000020,Barking and Dagenham 019,1637
E02000021,Barking and Dagenham 020,977
E02000022,Barking and Dagenham 021,1349
E02000023,Barking and Dagenham 022,999
E02000024,Barnet 001,1086
E02000025,Barnet 002,970
E02000026,Barnet 003,374
E02000027,Barnet 004,972
E02000028,Barnet 005,611
E02000029,Barnet 006,947
E02000030,Barnet 007,459
E02000031,Barnet 008,711
E02000032,Barnet 009,377
E02000033,Barnet 010,883
E02000034,Barnet 011,957
E02000035,Barnet 012,1097
E02000036,Barnet 013,813
E02000037,Barnet 014,629
E02000038,Barnet 015,1039
E02000039,Barnet 016,489
E02000040,Barnet 017,776
E02000041,Barnet 018,984
E02000042,Barnet 019,1831
E02000043,Barnet 020,493
E02000044,Barnet 021,873
E02000045,Barnet 022,1447
E02000046,Barnet 023,1067
E02000047,Barnet 024,1512
E02000048,Barnet 025,759
E02000049,Barnet 026,1466
E02000050,Barnet 027,1349
E02000051,Barnet 028,1101
E02000052,Barnet 029,1543
E02000054,Barnet 031,927
E02000055,Barnet 032,1841
E02000056,Barnet 033,666
E02000057,Barnet 034,859
E02000058,Barnet 035,1308
E02000059,Barnet 036,1766
E02000060,Barnet 037,1205
E02000061,Barnet 038,1487
E02000062,Barnet 039,1221
E02000063,Barnet 040,1041
E02000064,Barnet 041,1272
E02000065,Bexley 001,950
E02000066,Bexley 002,1414
E02000067,Bexley 003,1261
E02000068,Bexley 004,1166
E02000069,Bexley 005,715
E02000070,Bexley 006,588
E02000071,Bexley 007,611
E02000072,Bexley 008,1402
E02000073,Bexley 009,586
E02000074,Bexley 010,928
E02000075,Bexley 011,505
E02000077,Bexley 013,567
E02000078,Bexley 014,470
E02000079,Bexley 015,989
E02000080,Bexley 016,792
E02000081,Bexley 017,705
E02000082,Bexley 018,538
E02000083,Bexley 019,958
E02000084,Bexley 020,590
E02000085,Bexley 021,498
E02000086,Bexley 022,351
E02000087,Bexley 023,512
E02000088,Bexley 024,394
E02000089,Bexley 025,379
E02000090,Bexley 026,1120
E02000091,Bexley 027,1103
E02000092,Bexley 028,656
E02000093,Brent 001,928
E02000094,Brent 002,1021
E02000095,Brent 003,835
E02000096,Brent 004,486
E02000097,Brent 005,761
E02000098,Brent 006,857
E02000099,Brent 007,842
E02000100,Brent 008,554
E02000101,Brent 009,1307
E02000102,Brent 010,1008
E02000103,Brent 011,1334
E02000104,Brent 012,774
E02000105,Brent 013,1120
E02000106,Brent 014,1665
E02000107,Brent 015,2464
E02000108,Brent 016,703
E02000110,Brent 018,1416
E02000111,Brent 019,1287
E02000112,Brent 020,1690
E02000113,Brent 021,1528
E02000114,Brent 022,2217
E02000115,Brent 023,2181
E02000116,Brent 024,1890
E02000117,Brent 025,2639
E02000118,Brent 026,1290
E02000119,Brent 027,1984
E02000120,Brent 028,2636
E02000121,Brent 029,1595
E02000122,Brent 030,1203
E02000123,Brent 031,3363
E02000124,Brent 032,2082
E02000125,Brent 033,1747
E02000126,Brent 034,2114
E02000127,Bromley 001,1196
E02000128,Bromley 002,498
E02000130,Bromley 004,1331
E02000131,Bromley 005,2400
E02000132,Bromley 006,1677
E02000133,Bromley 007,485
E02000134,Bromley 008,1757
E02000135,Bromley 009,2231
E02000136,Bromley 010,440
E02000137,Bromley 011,781
E02000138,Bromley 012,1044
E02000139,Bromley 013,916
E02000140,Bromley 014,947
E02000141,Bromley 015,998
E02000142,Bromley 016,644
E02000144,Bromley 018,1330
E02000145,Bromley 019,979
E02000146,Bromley 020,974
E02000147,Bromley 021,468
E02000148,Bromley 022,397
E02000149,Bromley 023,735
E02000150,Bromley 024,457
E02000151,Bromley 025,365
E02000152,Bromley 026,698
E02000153,Bromley 027,305
E02000154,Bromley 028,802
E02000155,Bromley 029,556
E02000156,Bromley 030,772
E02000157,Bromley 031,389
E02000158,Bromley 032,608
E02000159,Bromley 033,287
E02000160,Bromley 034,364
E02000161,Bromley 035,406
E02000162,Bromley 036,593
E02000163,Bromley 037,364
E02000165,Bromley 039,216
E02000166,Camden 001,1689
E02000167,Camden 002,1569
E02000168,Camden 003,1960
E02000169,Camden 004,1226
E02000170,Camden 005,1822
E02000171,Camden 006,1813
E02000172,Camden 007,2666
E02000173,Camden 008,2066
E02000174,Camden 009,2311
E02000175,Camden 010,2708
E02000176,Camden 011,1789
E02000177,Camden 012,2358
E02000178,Camden 013,2764
E02000179,Camden 014,1400
E02000180,Camden 015,2344
E02000181,Camden 016,2197
E02000182,Camden 017,1789
E02000183,Camden 018,2083
E02000184,Camden 019,2646
E02000185,Camden 020,2861
E02000186,Camden 021,2042
E02000187,Camden 022,2821
E02000188,Camden 023,1965
E02000191,Camden 026,1709
E02000192,Camden 027,2357
E02000193,Camden 028,2545
E02000194,Croydon 001,1764
E02000195,Croydon 002,843
E02000196,Croydon 003,988
E02000197,Croydon 004,1163
E02000198,Croydon 005,1429
E02000199,Croydon 006,1084
E02000200,Croydon 007,1767
E02000201,Croydon 008,1855
E02000202,Croydon 009,999
E02000203,Croydon 010,1535
E02000204,Croydon 011,1151
E02000206,Croydon 013,2088
E02000207,Croydon 014,1347
E02000208,Croydon 015,1975
E02000209,Croydon 016,964
E02000210,Croydon 017,1108
E02000211,Croydon 018,487
E02000212,Croydon 019,1376
E02000213,Croydon 020,3135
E02000214,Croydon 021,546
E02000215,Croydon 022,2662
E02000216,Croydon 023,1006
E02000217,Croydon 024,2427
E02000218,Croydon 025,628
E02000219,Croydon 026,443
E02000221,Croydon 028,1248
E02000222,Croydon 029,1102
E02000223,Croydon 030,1096
E02000224,Croydon 031,940
E02000225,Croydon 032,708
E02000226,Croydon 033,349
E02000227,Croydon 034,942
E02000228,Croydon 035,334
E02000229,Croydon 036,744
E02000230,Croydon 037,1095
E02000231,Croydon 038,290
E02000232,Croydon 039,305
E02000233,Croydon 040,408
E02000234,Croydon 041,782
E02000235,Croydon 042,325
E02000236,Croydon 043,346
E02000237,Croydon 044,496
E02000238,Ealing 001,1050
E02000239,Ealing 002,619
E02000240,Ealing 003,1196
E02000241,Ealing 004,654
E02000242,Ealing 005,523
E02000243,Ealing 006,957
E02000244,Ealing 007,895
E02000245,Ealing 008,1192
E02000246,Ealing 009,842
E02000247,Ealing 010,1123
E02000248,Ealing 011,1045
E02000249,Ealing 012,944
E02000250,Ealing 013,577
E02000251,Ealing 014,555
E02000252,Ealing 015,2506
E02000253,Ealing 016,1460
E02000254,Ealing 017,631
E02000255,Ealing 018,1195
E02000256,Ealing 019,1684
E02000258,Ealing 021,986
E02000259,Ealing 022,672
E02000260,Ealing 023,1045
E02000261,Ealing 024,2645
E02000262,Ealing 025,2051
E02000263,Ealing 026,1433
E02000264,Ealing 027,1392
E02000265,Ealing 028,2234
E02000266,Ealing 029,1545
E02000267,Ealing 030,1149
E02000268,Ealing 031,1410
E02000269,Ealing 032,1082
E02000270,Ealing 033,2249
E02000271,Ealing 034,1031
E02000272,Ealing 035,630
E02000275,Ealing 038,853
E02000276,Ealing 039,995
E02000277,Enfield 001,728
E02000278,Enfield 002,1102
E02000279,Enfield 003,1396
E02000280,Enfield 004,850
E02000281,Enfield 005,963
E02000282,Enfield 006,1330
E02000283,Enfield 007,699
E02000284,Enfield 008,1005
E02000285,Enfield 009,387
E02000286,Enfield 010,974
E02000287,Enfield 011,511
E02000288,Enfield 012,1429
E02000289,Enfield 013,290
E02000290,Enfield 014,1039
E02000291,Enfield 015,1583
E02000292,Enfield 016,914
E02000293,Enfield 017,394
E02000294,Enfield 018,964
E02000295,Enfield 019,754
E02000296,Enfield 020,1312
E02000297,Enfield 021,627
E02000298,Enfield 022,490
E02000299,Enfield 023,1404
E02000300,Enfield 024,1146
E02000301,Enfield 025,1640
E02000302,Enfield 026,710
E02000303,Enfield 027,1272
E02000304,Enfield 028,452
E02000305,Enfield 029,991
E02000306,Enfield 030,1791
E02000307,Enfield 031,971
E02000308,Enfield 032,1126
E02000309,Enfield 033,1767
E02000311,Enfield 035,1121
E02000312,Enfield 036,1828
E02000313,Greenwich 001,1213
E02000314,Greenwich 002,1708
E02000315,Greenwich 003,1430
E02000317,Greenwich 005,1384
E02000318,Greenwich 006,1678
E02000319,Greenwich 007,1767
E02000320,Greenwich 008,946
E02000321,Greenwich 009,1460
E02000323,Greenwich 011,2650
E02000324,Greenwich 012,1264
E02000326,Greenwich 014,1169
E02000327,Greenwich 015,1276
E02000328,Greenwich 016,1245
E02000329,Greenwich 017,870
E02000331,Greenwich 019,1217
E02000332,Greenwich 020,870
E02000333,Greenwich 021,1037
E02000334,Greenwich 022,680
E02000335,Greenwich 023,593
E02000337,Greenwich 025,934
E02000339,Greenwich 027,815
E02000340,Greenwich 028,1023
E02000341,Greenwich 029,969
E02000342,Greenwich 030,738
E02000343,Greenwich 031,738
E02000344,Greenwich 032,443
E02000345,Hackney 001,1432
E02000346,Hackney 002,2775
E02000347,Hackney 003,1486
E02000348,Hackney 004,1676
E02000350,Hackney 006,2260
E02000351,Hackney 007,2796
E02000352,Hackney 008,1523
E02000353,Hackney 009,1807
E02000354,Hackney 010,2490
E02000355,Hackney 011,1723
E02000356,Hackney 012,1791
E02000357,Hackney 013,1700
E02000358,Hackney 014,3248
E02000359,Hackney 015,1270
E02000360,Hackney 016,3264
E02000361,Hackney 017,2596
E02000362,Hackney 018,1680
E02000363,Hackney 019,3011
E02000364,Hackney 020,2638
E02000366,Hackney 022,2079
E02000367,Hackney 023,3108
E02000368,Hackney 024,2730
E02000369,Hackney 025,4166
E02000370,Hackney 026,2848
E02000372,Hammersmith and Fulham 001,2418
E02000373,Hammersmith and Fulham 002,1545
E02000374,Hammersmith and Fulham 003,1328
E02000375,Hammersmith and Fulham 004,2315
E02000376,Hammersmith and Fulham 005,2128
E02000377,Hammersmith and Fulham 006,2019
E02000378,Hammersmith and Fulham 007,2176
E02000379,Hammersmith and Fulham 008,1418
E02000380,Hammersmith and Fulham 009,1255
E02000381,Hammersmith and Fulham 010,2038
E02000382,Hammersmith and Fulham 011,1506
E02000383,Hammersmith and Fulham 012,2769
E02000384,Hammersmith and Fulham 013,2581
E02000385,Hammersmith and Fulham 014,1886
E02000386,Hammersmith and Fulham 015,2221
E02000387,Hammersmith and Fulham 016,1613
E02000388,Hammersmith and Fulham 017,2534
E02000389,Hammersmith and Fulham 018,1738
E02000390,Hammersmith and Fulham 019,1417
E02000391,Hammersmith and Fulham 020,1608
E02000392,Hammersmith and Fulham 021,2163
E02000393,Hammersmith and Fulham 022,1185
E02000394,Hammersmith and Fulham 023,2363
E02000395,Hammersmith and Fulham 024,1210
E02000396,Hammersmith and Fulham 025,1248
E02000397,Haringey 001,1884
E02000398,Haringey 002,1653
E02000400,Haringey 004,1257
E02000401,Haringey 005,1099
E02000402,Haringey 006,1164
E02000403,Haringey 007,1743
E02000404,Haringey 008,1414
E02000405,Haringey 009,666
E02000406,Haringey 010,1460
E02000407,Haringey 011,1854
E02000408,Haringey 012,1773
E02000409,Haringey 013,1293
E02000410,Haringey 014,963
E02000411,Haringey 015,2299
E02000412,Haringey 016,1873
E02000413,Haringey 017,1016
E02000414,Haringey 018,1560
E02000415,Haringey 019,1661
E02000416,Haringey 020,2114
E02000417,Haringey 021,1100
E02000418,Haringey 022,693
E02000419,Haringey 023,2280
E02000420,Haringey 024,2149
E02000421,Haringey 025,2067
E02000422,Haringey 026,1706
E02000423,Haringey 027,1684
E02000424,Haringey 028,1448
E02000425,Haringey 029,1091
E02000426,Haringey 030,1039
E02000427,Haringey 031,1703
E02000428,Haringey 032,1770
E02000429,Haringey 033,1392
E02000430,Haringey 034,1657
E02000431,Haringey 035,1373
E02000432,Haringey 036,1640
E02000433,Harrow 001,851
E02000434,Harrow 002,807
E02000435,Harrow 003,528
E02000436,Harrow 004,177
E02000437,Harrow 005,658
E02000438,Harrow 006,662
E02000439,Harrow 007,805
E02000440,Harrow 008,373
E02000441,Harrow 009,577
E02000442,Harrow 010,531
E02000443,Harrow 011,1204
E02000444,Harrow 012,488
E02000445,Harrow 013,1264
E02000447,Harrow 015,461
E02000448,Harrow 016,555
E02000449,Harrow 017,644
E02000451,Harrow 019,370
E02000452,Harrow 020,1439
E02000453,Harrow 021,900
E02000454,Harrow 022,283
E02000455,Harrow 023,2290
E02000456,Harrow 024,800
E02000457,Harrow 025,608
E02000459,Harrow 027,1157
E02000460,Harrow 028,633
E02000461,Harrow 029,667
E02000462,Harrow 030,641
E02000463,Harrow 031,649
E02000464,Havering 001,649
E02000465,Havering 002,910
E02000466,Havering 003,667
E02000467,Havering 004,1452
E02000468,Havering 005,538
E02000469,Havering 006,726
E02000470,Havering 007,762
E02000471,Havering 008,339
E02000472,Havering 009,576
E02000473,Havering 010,610
E02000474,Havering 011,860
E02000475,Havering 012,793
E02000476,Havering 013,1874
E02000477,Havering 014,510
E02000478,Havering 015,222
E02000479,Havering 016,1104
E02000480,Havering 017,1526
E02000481,Havering 018,556
E02000482,Havering 019,354
E02000483,Havering 020,934
E02000484,Havering 021,506
E02000485,Havering 022,648
E02000486,Havering 023,613
E02000487,Havering 024,248
E02000488,Havering 025,442
E02000489,Havering 026,690
E02000490,Havering 027,693
E02000491,Havering 028,942
E02000492,Havering 029,386
E02000493,Havering 030,675
E02000494,Hillingdon 001,507
E02000495,Hillingdon 002,992
E02000496,Hillingdon 003,504
E02000497,Hillingdon 004,637
E02000498,Hillingdon 005,424
E02000499,Hillingdon 006,481
E02000500,Hillingdon 007,610
E02000501,Hillingdon 008,460
E02000502,Hillingdon 009,681
E02000503,Hillingdon 010,409
E02000504,Hillingdon 011,296
E02000506,Hillingdon 013,358
E02000507,Hillingdon 014,393
E02000508,Hillingdon 015,1272
E02000509,Hillingdon 016,1215
E02000510,Hillingdon 017,627
E02000511,Hillingdon 018,595
E02000512,Hillingdon 019,737
E02000513,Hillingdon 020,899
E02000514,Hillingdon 021,676
E02000515,Hillingdon 022,1661
E02000516,Hillingdon 023,582
E02000517,Hillingdon 024,794
E02000518,Hillingdon 025,789
E02000519,Hillingdon 026,937
E02000520,Hillingdon 027,1414
E02000521,Hillingdon 028,1013
E02000522,Hillingdon 029,902
E02000523,Hillingdon 030,1126
E02000524,Hillingdon 031,633
E02000525,Hillingdon 032,1039
E02000526,Hounslow 001,1334
E02000529,Hounslow 004,733
E02000530,Hounslow 005,767
E02000531,Hounslow 006,1801
E02000532,Hounslow 007,1260
E02000533,Hounslow 008,1230
E02000534,Hounslow 009,655
E02000535,Hounslow 010,724
E02000536,Hounslow 011,862
E02000537,Hounslow 012,993
E02000538,Hounslow 013,895
E02000539,Hounslow 014,1374
E02000540,Hounslow 015,1937
E02000541,Hounslow 016,1273
E02000542,Hounslow 017,1693
E02000543,Hounslow 018,2411
E02000544,Hounslow 019,617
E02000545,Hounslow 020,1129
E02000546,Hounslow 021,876
E02000547,Hounslow 022,1117
E02000548,Hounslow 023,991
E02000549,Hounslow 024,990
E02000550,Hounslow 025,1174
E02000551,Hounslow 026,1095
E02000552,Hounslow 027,697
E02000553,Hounslow 028,569
E02000554,Islington 001,2699
E02000555,Islington 002,2353
E02000556,Islington 003,3215
E02000557,Islington 004,2796
E02000558,Islington 005,2772
E02000559,Islington 006,2328
E02000560,Islington 007,2250
E02000561,Islington 008,1668
E02000562,Islington 009,2115
E02000563,Islington 010,2622
E02000564,Islington 011,4112
E02000565,Islington 012,2300
E02000566,Islington 013,2316
E02000567,Islington 014,3316
E02000568,Islington 015,3263
E02000569,Islington 016,3020
E02000570,Islington 017,2399
E02000571,Islington 018,2836
E02000572,Islington 019,2450
E02000573,Islington 020,3360
E02000574,Islington 021,2617
E02000575,Islington 022,3884
E02000576,Islington 023,3842
E02000577,Kensington and Chelsea 001,2095
E02000578,Kensington and Chelsea 002,1284
E02000579,Kensington and Chelsea 003,2028
E02000580,Kensington and Chelsea 004,2668
E02000581,Kensington and Chelsea 005,1866
E02000582,Kensington and Chelsea 006,2056
E02000583,Kensington and Chelsea 007,1598
E02000584,Kensington and Chelsea 008,1745
E02000585,Kensington and Chelsea 009,1729
E02000586,Kensington and Chelsea 010,1534
E02000587,Kensington and Chelsea 011,1593
E02000588,Kensington and Chelsea 012,1709
E02000589,Kensington and Chelsea 013,2436
E02000590,Kensington and Chelsea 014,1954
E02000591,Kensington and Chelsea 015,2245
E02000592,Kensington and Chelsea 016,1684
E02000593,Kensington and Chelsea 017,2378
E02000594,Kensington and Chelsea 018,1424
E02000595,Kensington and Chelsea 019,1558
E02000596,Kensington and Chelsea 020,1628
E02000597,Kensington and Chelsea 021,1790
E02000598,Kingston upon Thames 001,495
E02000599,Kingston upon Thames 002,263
E02000600,Kingston upon Thames 003,1100
E02000601,Kingston upon Thames 004,1604
E02000602,Kingston upon Thames 005,1718
E02000603,Kingston upon Thames 006,807
E02000604,Kingston upon Thames 007,1004
E02000605,Kingston upon Thames 008,668
E02000606,Kingston upon Thames 009,1846
E02000607,Kingston upon Thames 010,597
E02000608,Kingston upon Thames 011,1366
E02000609,Kingston upon Thames 012,489
E02000610,Kingston upon Thames 013,1440
E02000611,Kingston upon Thames 014,306
E02000612,Kingston upon Thames 015,414
E02000613,Kingston upon Thames 016,672
E02000614,Kingston upon Thames 017,702
E02000615,Kingston upon Thames 018,473
E02000616,Kingston upon Thames 019,319
E02000617,Kingston upon Thames 020,587
E02000619,Lambeth 002,2772
E02000620,Lambeth 003,3122
E02000621,Lambeth 004,4373
E02000622,Lambeth 005,2319
E02000623,Lambeth 006,2196
E02000624,Lambeth 007,2757
E02000625,Lambeth 008,2522
E02000626,Lambeth 009,2183
E02000627,Lambeth 010,2522
E02000628,Lambeth 011,3117
E02000629,Lambeth 012,2395
E02000630,Lambeth 013,1977
E02000631,Lambeth 014,1985
E02000632,Lambeth 015,2625
E02000633,Lambeth 016,2665
E02000634,Lambeth 017,1991
E02000635,Lambeth 018,2604
E02000636,Lambeth 019,1312
E02000637,Lambeth 020,2160
E02000638,Lambeth 021,2380
E02000639,Lambeth 022,2333
E02000640,Lambeth 023,1694
E02000641,Lambeth 024,1967
E02000642,Lambeth 025,2052
E02000643,Lambeth 026,2036
E02000644,Lambeth 027,1547
E02000645,Lambeth 028,1930
E02000646,Lambeth 029,1984
E02000647,Lambeth 030,1331
E02000648,Lambeth 031,1567
E02000649,Lambeth 032,2883
E02000650,Lambeth 033,1570
E02000651,Lambeth 034,1610
E02000652,Lambeth 035,938
E02000653,Lewisham 001,3342
E02000654,Lewisham 002,2156
E02000655,Lewisham 003,2356
E02000657,Lewisham 005,2427
E02000658,Lewisham 006,1892
E02000659,Lewisham 007,1765
E02000660,Lewisham 008,1929
E02000661,Lewisham 009,1475
E02000662,Lewisham 010,1629
E02000663,Lewisham 011,1328
E02000665,Lewisham 013,1558
E02000666,Lewisham 014,1167
E02000667,Lewisham 015,913
E02000668,Lewisham 016,887
E02000669,Lewisham 017,1612
E02000670,Lewisham 018,1464
E02000671,Lewisham 019,1617
E02000672,Lewisham 020,2332
E02000673,Lewisham 021,1492
E02000674,Lewisham 022,987
E02000675,Lewisham 023,1051
E02000676,Lewisham 024,1274
E02000677,Lewisham 025,853
E02000678,Lewisham 026,913
E02000679,Lewisham 027,1487
E02000680,Lewisham 028,1370
E02000681,Lewisham 029,1375
E02000682,Lewisham 030,1171
E02000683,Lewisham 031,1104
E02000685,Lewisham 033,1559
E02000686,Lewisham 034,1409
E02000687,Lewisham 035,1512
E02000689,Merton 001,1127
E02000690,Merton 002,413
E02000691,Merton 003,1124
E02000692,Merton 004,1353
E02000693,Merton 005,2062
E02000694,Merton 006,1504
E02000695,Merton 007,989
E02000696,Merton 008,1406
E02000697,Merton 009,1548
E02000698,Merton 010,637
E02000699,Merton 011,1004
E02000700,Merton 012,1410
E02000701,Merton 013,1118
E02000702,Merton 014,1147
E02000703,Merton 015,679
E02000704,Merton 016,1324
E02000705,Merton 017,809
E02000706,Merton 018,1516
E02000707,Merton 019,823
E02000708,Merton 020,666
E02000709,Merton 021,505
E02000710,Merton 022,1155
E02000711,Merton 023,1176
E02000712,Merton 024,1055
E02000713,Merton 025,460
E02000714,Newham 001,1262
E02000715,Newham 002,988
E02000716,Newham 003,1053
E02000717,Newham 004,1186
E02000718,Newham 005,1009
E02000719,Newham 006,1545
E02000720,Newham 007,874
E02000721,Newham 008,1418
E02000722,Newham 009,1730
E02000723,Newham 010,1247
E02000724,Newham 011,1037
E02000725,Newham 012,2682
E02000727,Newham 014,1105
E02000728,Newham 015,991
E02000729,Newham 016,1049
E02000730,Newham 017,1212
E02000731,Newham 018,1412
E02000732,Newham 019,1430
E02000733,Newham 020,1835
E02000734,Newham 021,1314
E02000735,Newham 022,1402
E02000736,Newham 023,1126
E02000737,Newham 024,1284
E02000738,Newham 025,1168
E02000739,Newham 026,1273
E02000740,Newham 027,1361
E02000741,Newham 028,1264
E02000742,Newham 029,1028
E02000743,Newham 030,2099
E02000744,Newham 031,1772
E02000745,Newham 032,1139
E02000746,Newham 033,1559
E02000747,Newham 034,3437
E02000748,Newham 035,881
E02000749,Newham 036,1601
E02000751,Redbridge 001,765
E02000752,Redbridge 002,811
E02000753,Redbridge 003,603
E02000754,Redbridge 004,567
E02000755,Redbridge 005,451
E02000756,Redbridge 006,1167
E02000757,Redbridge 007,1476
E02000758,Redbridge 008,452
E02000759,Redbridge 009,1184
E02000760,Redbridge 010,681
E02000762,Redbridge 012,402
E02000763,Redbridge 013,590
E02000764,Redbridge 014,1703
E02000765,Redbridge 015,729
E02000767,Redbridge 017,690
E02000768,Redbridge 018,454
E02000770,Redbridge 020,667
E02000772,Redbridge 022,808
E02000773,Redbridge 023,862
E02000774,Redbridge 024,786
E02000776,Redbridge 026,632
E02000777,Redbridge 027,602
E02000779,Redbridge 029,1306
E02000781,Redbridge 031,997
E02000782,Redbridge 032,1691
E02000783,Redbridge 033,823
E02000784,Richmond upon Thames 001,1103
E02000785,Richmond upon Thames 002,1100
E02000786,Richmond upon Thames 003,1510
E02000787,Richmond upon Thames 004,1598
E02000788,Richmond upon Thames 005,924
E02000789,Richmond upon Thames 006,1053
E02000790,Richmond upon Thames 007,655
E02000791,Richmond upon Thames 008,1117
E02000792,Richmond upon Thames 009,906
E02000793,Richmond upon Thames 010,674
E02000794,Richmond upon Thames 011,573
E02000795,Richmond upon Thames 012,442
E02000796,Richmond upon Thames 013,840
E02000797,Richmond upon Thames 014,1133
E02000798,Richmond upon Thames 015,881
E02000799,Richmond upon Thames 016,506
E02000800,Richmond upon Thames 017,566
E02000801,Richmond upon Thames 018,625
E02000802,Richmond upon Thames 019,609
E02000803,Richmond upon Thames 020,888
E02000804,Richmond upon Thames 021,872
E02000805,Richmond upon Thames 022,1187
E02000806,Richmond upon Thames 023,754
E02000807,Southwark 001,2018
E02000808,Southwark 002,3541
E02000810,Southwark 004,3636
E02000812,Southwark 006,3156
E02000813,Southwark 007,3007
E02000814,Southwark 008,2603
E02000815,Southwark 009,2482
E02000816,Southwark 010,2585
E02000817,Southwark 011,1853
E02000818,Southwark 012,3277
E02000819,Southwark 013,2345
E02000820,Southwark 014,3004
E02000821,Southwark 015,2012
E02000822,Southwark 016,1913
E02000823,Southwark 017,2375
E02000824,Southwark 018,2300
E02000825,Southwark 019,2290
E02000826,Southwark 020,2573
E02000827,Southwark 021,3499
E02000828,Southwark 022,2254
E02000829,Southwark 023,2788
E02000830,Southwark 024,1969
E02000831,Southwark 025,2191
E02000832,Southwark 026,2099
E02000833,Southwark 027,1706
E02000834,Southwark 028,1848
E02000835,Southwark 029,1220
E02000836,Southwark 030,1180
E02000837,Southwark 031,812
E02000838,Southwark 032,1626
E02000839,Southwark 033,1306
E02000840,Sutton 001,935
E02000841,Sutton 002,924
E02000842,Sutton 003,451
E02000843,Sutton 004,976
E02000844,Sutton 005,722
E02000845,Sutton 006,637
E02000846,Sutton 007,525
E02000847,Sutton 008,634
E02000848,Sutton 009,408
E02000849,Sutton 010,724
E02000850,Sutton 011,634
E02000851,Sutton 012,2071
E02000852,Sutton 013,760
E02000853,Sutton 014,711
E02000854,Sutton 015,630
E02000855,Sutton 016,571
E02000856,Sutton 017,898
E02000857,Sutton 018,1277
E02000858,Sutton 019,996
E02000859,Sutton 020,813
E02000860,Sutton 021,1587
E02000861,Sutton 022,281
E02000863,Sutton 024,246
E02000864,Tower Hamlets 001,2977
E02000865,Tower Hamlets 002,1943
E02000866,Tower Hamlets 003,2395
E02000867,Tower Hamlets 004,3153
E02000868,Tower Hamlets 005,1902
E02000869,Tower Hamlets 006,1663
E02000870,Tower Hamlets 007,1503
E02000871,Tower Hamlets 008,2737
E02000872,Tower Hamlets 009,2320
E02000873,Tower Hamlets 010,1862
E02000874,Tower Hamlets 011,1663
E02000875,Tower Hamlets 012,3344
E02000876,Tower Hamlets 013,1982
E02000877,Tower Hamlets 014,3223
E02000878,Tower Hamlets 015,3037
E02000879,Tower Hamlets 016,1917
E02000880,Tower Hamlets 017,1592
E02000881,Tower Hamlets 018,2471
E02000882,Tower Hamlets 019,2241
E02000883,Tower Hamlets 020,1893
E02000884,Tower Hamlets 021,4032
E02000885,Tower Hamlets 022,1559
E02000886,Tower Hamlets 023,2455
E02000887,Tower Hamlets 024,2573
E02000888,Tower Hamlets 025,2097
E02000889,Tower Hamlets 026,2624
E02000890,Tower Hamlets 027,1669
E02000893,Tower Hamlets 030,1667
E02000894,Tower Hamlets 031,2466
E02000895,Waltham Forest 001,807
E02000896,Waltham Forest 002,905
E02000897,Waltham Forest 003,860
E02000898,Waltham Forest 004,819
E02000899,Waltham Forest 005,848
E02000900,Waltham Forest 006,843
E02000901,Waltham Forest 007,892
E02000902,Waltham Forest 008,1034
E02000903,Waltham Forest 009,1281
E02000904,Waltham Forest 010,1104
E02000905,Waltham Forest 011,1443
E02000906,Waltham Forest 012,1725
E02000907,Waltham Forest 013,2110
E02000908,Waltham Forest 014,2944
E02000909,Waltham Forest 015,1491
E02000910,Waltham Forest 016,2334
E02000911,Waltham Forest 017,2724
E02000912,Waltham Forest 018,1399
E02000913,Waltham Forest 019,1199
E02000914,Waltham Forest 020,2080
E02000915,Waltham Forest 021,1487
E02000916,Waltham Forest 022,2033
E02000917,Waltham Forest 023,1825
E02000918,Waltham Forest 024,1711
E02000919,Waltham Forest 025,1681
E02000920,Waltham Forest 026,2030
E02000921,Waltham Forest 027,2095
E02000922,Waltham Forest 028,1634
E02000923,Wandsworth 001,1744
E02000925,Wandsworth 003,1982
E02000926,Wandsworth 004,3002
E02000927,Wandsworth 005,1710
E02000928,Wandsworth 006,1339
E02000929,Wandsworth 007,2238
E02000930,Wandsworth 008,2275
E02000931,Wandsworth 009,1449
E02000932,Wandsworth 010,2971
E02000933,Wandsworth 011,1551
E02000934,Wandsworth 012,2233
E02000935,Wandsworth 013,1263
E02000936,Wandsworth 014,2256
E02000937,Wandsworth 015,1143
E02000938,Wandsworth 016,1823
E02000939,Wandsworth 017,805
E02000940,Wandsworth 018,2319
E02000941,Wandsworth 019,1495
E02000942,Wandsworth 020,1249
E02000943,Wandsworth 021,1909
E02000944,Wandsworth 022,1351
E02000945,Wandsworth 023,1322
E02000946,Wandsworth 024,1287
E02000947,Wandsworth 025,1469
E02000948,Wandsworth 026,2091
E02000949,Wandsworth 027,1714
E02000950,Wandsworth 028,1206
E02000951,Wandsworth 029,1442
E02000952,Wandsworth 030,1340
E02000953,Wandsworth 031,1441
E02000954,Wandsworth 032,947
E02000955,Wandsworth 033,1334
E02000956,Wandsworth 034,1722
E02000957,Wandsworth 035,2326
E02000958,Wandsworth 036,1004
E02000959,Wandsworth 037,1421
E02000960,Westminster 001,1528
E02000961,Westminster 002,2254
E02000962,Westminster 003,2542
E02000963,Westminster 004,2338
E02000964,Westminster 005,3475
E02000965,Westminster 006,2224
E02000966,Westminster 007,2359
E02000967,Westminster 008,2090
E02000968,Westminster 009,3918
E02000969,Westminster 010,2415
E02000970,Westminster 011,2323
E02000971,Westminster 012,2711
E02000972,Westminster 013,3319
E02000973,Westminster 014,3161
E02000974,Westminster 015,2709
E02000975,Westminster 016,2751
E02000976,Westminster 017,3073
E02000977,Westminster 018,2607
E02000978,Westminster 019,1285
E02000979,Westminster 020,2725
E02000980,Westminster 021,3051
E02000981,Westminster 022,2720
E02000982,Westminster 023,2667
E02000983,Westminster 024,2547
E02003237,Peterborough 001,286
E02003238,Peterborough 002,419
E02003239,Peterborough 003,360
E02003240,Peterborough 004,186
E02003241,Peterborough 005,405
E02003242,Peterborough 006,742
E02003243,Peterborough 007,1350
E02003244,Peterborough 008,1024
E02003245,Peterborough 009,1044
E02003246,Peterborough 010,1145
E02003247,Peterborough 011,1011
E02003248,Peterborough 012,947
E02003249,Peterborough 013,1397
E02003250,Peterborough 014,2134
E02003251,Peterborough 015,378
E02003252,Peterborough 016,1247
E02003253,Peterborough 017,1247
E02003254,Peterborough 018,518
E02003255,Peterborough 019,896
E02003257,Peterborough 021,1170
E02003258,Luton 001,384
E02003259,Luton 002,441
E02003260,Luton 003,977
E02003261,Luton 004,397
E02003262,Luton 005,989
E02003263,Luton 006,839
E02003264,Luton 007,285
E02003265,Luton 008,586
E02003266,Luton 009,914
E02003267,Luton 010,692
E02003268,Luton 011,630
E02003269,Luton 012,785
E02003270,Luton 013,603
E02003271,Luton 014,528
E02003272,Luton 015,600
E02003273,Luton 016,829
E02003274,Luton 017,1385
E02003276,Luton 019,922
E02003277,Luton 020,1141
E02003278,Luton 021,2110
E02003279,Southend-on-Sea 001,591
E02003280,Southend-on-Sea 002,797
E02003281,Southend-on-Sea 003,725
E02003282,Southend-on-Sea 004,980
E02003283,Southend-on-Sea 005,872
E02003284,Southend-on-Sea 006,1047
E02003285,Southend-on-Sea 007,1311
E02003286,Southend-on-Sea 008,472
E02003287,Southend-on-Sea 009,914
E02003288,Southend-on-Sea 010,2420
E02003289,Southend-on-Sea 011,981
E02003290,Southend-on-Sea 012,1145
E02003291,Southend-on-Sea 013,1126
E02003292,Southend-on-Sea 014,2199
E02003293,Southend-on-Sea 015,2341
E02003294,Southend-on-Sea 016,611
E02003295,Southend-on-Sea 017,712
E02003296,Thurrock 001,229
E02003297,Thurrock 002,504
E02003298,Thurrock 003,452
E02003299,Thurrock 004,153
E02003300,Thurrock 005,502
E02003301,Thurrock 006,753
E02003302,Thurrock 007,965
E02003303,Thurrock 008,514
E02003304,Thurrock 009,663
E02003305,Thurrock 010,347
E02003307,Thurrock 012,872
E02003308,Thurrock 013,342
E02003309,Thurrock 014,480
E02003311,Thurrock 016,739
E02003312,Thurrock 017,1057
E02003313,Thurrock 018,1376
E02003314,Medway 001,353
E02003315,Medway 002,135
E02003316,Medway 003,451
E02003317,Medway 004,359
E02003318,Medway 005,225
E02003319,Medway 006,809
E02003320,Medway 007,817
E02003321,Medway 008,588
E02003322,Medway 009,967
E02003323,Medway 010,603
E02003324,Medway 011,595
E02003325,Medway 012,1166
E02003326,Medway 013,738
E02003327,Medway 014,991
E02003328,Medway 015,1719
E02003329,Medway 016,733
E02003330,Medway 017,569
E02003331,Medway 018,811
E02003332,Medway 019,407
E02003333,Medway 020,928
E02003334,Medway 021,533
E02003335,Medway 022,839
E02003336,Medway 023,348
E02003337,Medway 024,438
E02003338,Medway 025,658
E02003339,Medway 026,383
E02003340,Medway 027,689
E02003341,Medway 028,253
E02003342,Medway 029,380
E02003343,Medway 030,229
E02003344,Medway 031,466
E02003345,Medway 032,209
E02003346,Medway 033,440
E02003347,Medway 034,223
E02003348,Medway 035,256
E02003349,Medway 036,383
E02003350,Medway 037,392
E02003351,Medway 038,363
E02003352,Bracknell Forest 001,173
E02003353,Bracknell Forest 002,294
E02003354,Bracknell Forest 003,330
E02003355,Bracknell Forest 004,513
E02003356,Bracknell Forest 005,173
E02003357,Bracknell Forest 006,829
E02003358,Bracknell Forest 007,1064
E02003359,Bracknell Forest 008,272
E02003360,Bracknell Forest 009,460
E02003361,Bracknell Forest 010,443
E02003362,Bracknell Forest 011,377
E02003363,Bracknell Forest 012,266
E02003364,Bracknell Forest 013,162
E02003365,Bracknell Forest 014,218
E02003366,Bracknell Forest 015,198
E02003367,West Berkshire 001,151
E02003368,West Berkshire 002,260
E02003369,West Berkshire 003,200
E02003370,West Berkshire 004,203
E02003371,West Berkshire 005,235
E02003372,West Berkshire 006,394
E02003373,West Berkshire 007,145
E02003374,West Berkshire 008,290
E02003375,West Berkshire 009,333
E02003376,West Berkshire 010,403
E02003377,West Berkshire 011,268
E02003378,West Berkshire 012,716
E02003379,West Berkshire 013,442
E02003380,West Berkshire 014,280
E02003381,West Berkshire 015,189
E02003382,West Berkshire 016,585
E02003383,West Berkshire 017,278
E02003384,West Berkshire 018,195
E02003385,West Berkshire 019,1174
E02003386,West Berkshire 020,744
E02003387,West Berkshire 021,347
E02003388,West Berkshire 022,209
E02003389,Reading 001,373
E02003390,Reading 002,216
E02003391,Reading 003,560
E02003392,Reading 004,958
E02003393,Reading 005,496
E02003394,Reading 006,763
E02003395,Reading 007,1455
E02003396,Reading 008,1121
E02003397,Reading 009,782
E02003398,Reading 010,1632
E02003400,Reading 012,946
E02003401,Reading 013,1079
E02003402,Reading 014,1560
E02003403,Reading 015,956
E02003404,Reading 016,626
E02003405,Reading 017,1281
E02003406,Reading 018,660
E02003407,Slough 001,741
E02003408,Slough 002,741
E02003409,Slough 003,661
E02003410,Slough 004,646
E02003411,Slough 005,774
E02003412,Slough 006,466
E02003414,Slough 008,711
E02003415,Slough 009,1367
E02003416,Slough 010,412
E02003417,Slough 011,1265
E02003418,Slough 012,617
E02003419,Slough 013,592
E02003420,Slough 014,364
E02003421,Windsor and Maidenhead 001,173
E02003422,Windsor and Maidenhead 002,318
E02003423,Windsor and Maidenhead 003,337
E02003424,Windsor and Maidenhead 004,380
E02003425,Windsor and Maidenhead 005,1402
E02003426,Windsor and Maidenhead 006,328
E02003427,Windsor and Maidenhead 007,444
E02003428,Windsor and Maidenhead 008,392
E02003429,Windsor and Maidenhead 009,182
E02003430,Windsor and Maidenhead 010,544
E02003431,Windsor and Maidenhead 011,281
E02003432,Windsor and Maidenhead 012,658
E02003433,Windsor and Maidenhead 013,334
E02003434,Windsor and Maidenhead 014,736
E02003435,Windsor and Maidenhead 015,308
E02003436,Windsor and Maidenhead 016,302
E02003437,Windsor and Maidenhead 017,231
E02003438,Windsor and Maidenhead 018,385
E02003439,Wokingham 001,230
E02003440,Wokingham 002,336
E02003441,Wokingham 003,274
E02003442,Wokingham 004,233
E02003443,Wokingham 005,564
E02003444,Wokingham 006,353
E02003445,Wokingham 007,330
E02003446,Wokingham 008,239
E02003447,Wokingham 009,303
E02003448,Wokingham 010,195
E02003449,Wokingham 011,269
E02003450,Wokingham 012,453
E02003451,Wokingham 013,938
E02003452,Wokingham 014,243
E02003453,Wokingham 015,120
E02003454,Wokingham 016,355
E02003455,Wokingham 017,219
E02003456,Wokingham 018,235
E02003457,Wokingham 019,150
E02003458,Wokingham 020,197
E02003459,Milton Keynes 001,442
E02003460,Milton Keynes 002,376
E02003461,Milton Keynes 003,390
E02003462,Milton Keynes 004,463
E02003463,Milton Keynes 005,414
E02003464,Milton Keynes 006,566
E02003465,Milton Keynes 007,459
E02003466,Milton Keynes 008,615
E02003467,Milton Keynes 009,627
E02003468,Milton Keynes 010,577
E02003469,Milton Keynes 011,313
E02003470,Milton Keynes 012,622
E02003471,Milton Keynes 013,599
E02003472,Milton Keynes 014,1706
E02003473,Milton Keynes 015,349
E02003474,Milton Keynes 016,471
E02003476,Milton Keynes 018,973
E02003478,Milton Keynes 020,423
E02003479,Milton Keynes 021,747
E02003480,Milton Keynes 022,393
E02003481,Milton Keynes 023,1055
E02003482,Milton Keynes 024,332
E02003483,Milton Keynes 025,392
E02003484,Milton Keynes 026,457
E02003485,Milton Keynes 027,648
E02003486,Milton Keynes 028,374
E02003487,Milton Keynes 029,522
E02003488,Milton Keynes 030,811
E02003489,Milton Keynes 031,489
E02003490,Milton Keynes 032,858
E02003491,Brighton and Hove 001,547
E02003492,Brighton and Hove 002,659
E02003493,Brighton and Hove 003,559
E02003494,Brighton and Hove 004,426
E02003495,Brighton and Hove 005,531
E02003496,Brighton and Hove 006,780
E02003497,Brighton and Hove 007,310
E02003498,Brighton and Hove 008,1526
E02003499,Brighton and Hove 009,919
E02003500,Brighton and Hove 010,595
E02003501,Brighton and Hove 011,935
E02003502,Brighton and Hove 012,828
E02003503,Brighton and Hove 013,755
E02003504,Brighton and Hove 014,1480
E02003505,Brighton and Hove 015,1854
E02003506,Brighton and Hove 016,807
E02003507,Brighton and Hove 017,776
E02003508,Brighton and Hove 018,1174
E02003509,Brighton and Hove 019,2081
E02003510,Brighton and Hove 020,1632
E02003511,Brighton and Hove 021,926
E02003512,Brighton and Hove 022,1644
E02003513,Brighton and Hove 023,882
E02003514,Brighton and Hove 024,2864
E02003515,Brighton and Hove 025,1636
E02003516,Brighton and Hove 026,2438
E02003517,Brighton and Hove 027,3567
E02003518,Brighton and Hove 028,1778
E02003519,Brighton and Hove 029,2911
E02003520,Brighton and Hove 030,2868
E02003521,Brighton and Hove 031,2334
E02003522,Brighton and Hove 032,1549
E02003523,Brighton and Hove 033,890
E02003524,Portsmouth 001,857
E02003525,Portsmouth 002,912
E02003526,Portsmouth 003,432
E02003527,Portsmouth 004,499
E02003529,Portsmouth 006,576
E02003530,Portsmouth 007,769
E02003531,Portsmouth 008,510
E02003532,Portsmouth 009,844
E02003533,Portsmouth 010,788
E02003534,Portsmouth 011,819
E02003535,Portsmouth 012,1046
E02003536,Portsmouth 013,1759
E02003537,Portsmouth 014,810
E02003538,Portsmouth 015,1601
E02003540,Portsmouth 017,989
E02003541,Portsmouth 018,2203
E02003542,Portsmouth 019,1026
E02003543,Portsmouth 020,1273
E02003544,Portsmouth 021,732
E02003545,Portsmouth 022,1344
E02003546,Portsmouth 023,808
E02003547,Portsmouth 024,1525
E02003548,Portsmouth 025,818
E02003549,Southampton 001,404
E02003550,Southampton 002,613
E02003551,Southampton 003,674
E02003552,Southampton 004,716
E02003553,Southampton 005,682
E02003554,Southampton 006,522
E02003555,Southampton 007,783
E02003556,Southampton 008,362
E02003557,Southampton 009,727
E02003558,Southampton 010,1067
E02003559,Southampton 011,484
E02003560,Southampton 012,929
E02003561,Southampton 013,1082
E02003562,Southampton 014,723
E02003563,Southampton 015,1123
E02003564,Southampton 016,795
E02003565,Southampton 017,1031
E02003566,Southampton 018,563
E02003567,Southampton 019,651
E02003568,Southampton 020,1092
E02003569,Southampton 021,1225
E02003570,Southampton 022,1989
E02003571,Southampton 023,1492
E02003572,Southampton 024,391
E02003573,Southampton 025,916
E02003574,Southampton 026,611
E02003575,Southampton 027,862
E02003576,Southampton 028,823
E02003578,Southampton 030,440
E02003579,Southampton 031,816
E02003580,Southampton 032,828
E02003581,Isle of Wight 001,827
E02003582,Isle of Wight 002,443
E02003583,Isle of Wight 003,602
E02003584,Isle of Wight 004,1268
E02003585,Isle of Wight 005,464
E02003586,Isle of Wight 006,702
E02003587,Isle of Wight 007,1015
E02003588,Isle of Wight 008,760
E02003589,Isle of Wight 009,1109
E02003590,Isle of Wight 010,464
E02003591,Isle of Wight 011,766
E02003592,Isle of Wight 012,889
E02003593,Isle of Wight 013,251
E02003594,Isle of Wight 014,918
E02003595,Isle of Wight 015,572
E02003596,Isle of Wight 016,1276
E02003597,Isle of Wight 017,285
E02003598,Isle of Wight 018,838
E02003599,Central Bedfordshire 001,306
E02003600,Central Bedfordshire 002,325
E02003601,Central Bedfordshire 003,262
E02003602,Central Bedfordshire 004,213
E02003603,Central Bedfordshire 005,838
E02003604,Central Bedfordshire 006,421
E02003605,Central Bedfordshire 007,353
E02003606,Central Bedfordshire 008,278
E02003607,Central Bedfordshire 009,359
E02003608,Central Bedfordshire 010,482
E02003609,Central Bedfordshire 011,383
E02003610,Central Bedfordshire 012,377
E02003611,Central Bedfordshire 013,267
E02003612,Central Bedfordshire 014,363
E02003613,Central Bedfordshire 015,352
E02003614,Central Bedfordshire 016,281
E02003615,Central Bedfordshire 017,262
E02003616,Bedford 001,147
E02003617,Bedford 002,284
E02003618,Bedford 003,379
E02003619,Bedford 004,342
E02003620,Bedford 005,596
E02003621,Bedford 006,402
E02003622,Bedford 007,880
E02003623,Bedford 008,361
E02003624,Bedford 009,635
E02003625,Bedford 010,1619
E02003626,Bedford 011,338
E02003627,Bedford 012,1849
E02003628,Bedford 013,832
E02003629,Bedford 014,1154
E02003630,Bedford 015,1295
E02003631,Bedford 016,460
E02003632,Bedford 017,495
E02003633,Bedford 018,609
E02003635,Bedford 020,365
E02003636,Central Bedfordshire 018,295
E02003637,Central Bedfordshire 019,327
E02003638,Central Bedfordshire 020,258
E02003639,Central Bedfordshire 021,973
E02003640,Central Bedfordshire 022,374
E02003641,Central Bedfordshire 023,208
E02003642,Central Bedfordshire 025,652
E02003643,Central Bedfordshire 024,534
E02003644,Central Bedfordshire 026,576
E02003645,Central Bedfordshire 027,334
E02003646,Central Bedfordshire 028,583
E02003647,Central Bedfordshire 029,1003
E02003648,Central Bedfordshire 030,502
E02003649,Central Bedfordshire 031,330
E02003650,Central Bedfordshire 032,227
E02003651,Central Bedfordshire 033,308
E02003652,Buckinghamshire 001,356
E02003653,Buckinghamshire 002,487
E02003654,Buckinghamshire 003,118
E02003655,Buckinghamshire 004,231
E02003656,Buckinghamshire 005,290
E02003657,Buckinghamshire 006,170
E02003658,Buckinghamshire 007,290
E02003659,Buckinghamshire 009,322
E02003660,Buckinghamshire 008,273
E02003661,Buckinghamshire 010,110
E02003662,Buckinghamshire 012,451
E02003663,Buckinghamshire 011,615
E02003664,Buckinghamshire 013,643
E02003665,Buckinghamshire 014,402
E02003666,Buckinghamshire 015,1039
E02003667,Buckinghamshire 016,442
E02003668,Buckinghamshire 018,415
E02003669,Buckinghamshire 017,656
E02003670,Buckinghamshire 019,558
E02003671,Buckinghamshire 020,401
E02003672,Buckinghamshire 021,319
E02003673,Buckinghamshire 022,342
E02003674,Buckinghamshire 023,162
E02003675,Buckinghamshire 024,389
E02003676,Buckinghamshire 029,150
E02003677,Buckinghamshire 027,638
E02003678,Buckinghamshire 028,256
E02003679,Buckinghamshire 030,680
E02003680,Buckinghamshire 031,314
E02003681,Buckinghamshire 032,533
E02003682,Buckinghamshire 034,312
E02003683,Buckinghamshire 035,283
E02003685,Buckinghamshire 047,203
E02003686,Buckinghamshire 050,247
E02003687,Buckinghamshire 054,186
E02003688,Buckinghamshire 053,554
E02003689,Buckinghamshire 058,231
E02003690,Buckinghamshire 059,518
E02003691,Buckinghamshire 063,219
E02003692,Buckinghamshire 064,279
E02003693,Buckinghamshire 065,183
E02003694,Buckinghamshire 066,486
E02003695,Buckinghamshire 067,358
E02003696,Buckinghamshire 026,597
E02003697,Buckinghamshire 025,101
E02003698,Buckinghamshire 033,175
E02003699,Buckinghamshire 037,183
E02003701,Buckinghamshire 038,665
E02003702,Buckinghamshire 040,160
E02003703,Buckinghamshire 041,550
E02003704,Buckinghamshire 045,128
E02003705,Buckinghamshire 042,414
E02003706,Buckinghamshire 043,416
E02003707,Buckinghamshire 044,353
E02003708,Buckinghamshire 046,735
E02003709,Buckinghamshire 048,423
E02003710,Buckinghamshire 049,917
E02003711,Buckinghamshire 051,617
E02003712,Buckinghamshire 052,513
E02003713,Buckinghamshire 055,218
E02003714,Buckinghamshire 056,266
E02003715,Buckinghamshire 057,144
E02003716,Buckinghamshire 060,288
E02003717,Buckinghamshire 062,465
E02003718,Buckinghamshire 061,275
E02003719,Cambridge 001,1383
E02003720,Cambridge 002,1334
E02003721,Cambridge 003,1343
E02003722,Cambridge 004,1323
E02003723,Cambridge 005,1179
E02003724,Cambridge 006,1420
E02003725,Cambridge 007,1505
E02003726,Cambridge 008,1586
E02003727,Cambridge 009,1530
E02003728,Cambridge 010,1424
E02003729,Cambridge 011,917
E02003731,Cambridge 013,1080
E02003732,East Cambridgeshire 001,559
E02003733,East Cambridgeshire 002,256
E02003734,East Cambridgeshire 003,953
E02003735,East Cambridgeshire 004,781
E02003736,East Cambridgeshire 005,357
E02003737,East Cambridgeshire 006,688
E02003738,East Cambridgeshire 007,187
E02003739,East Cambridgeshire 008,288
E02003740,East Cambridgeshire 009,195
E02003742,Fenland 001,292
E02003743,Fenland 002,1087
E02003744,Fenland 003,1599
E02003745,Fenland 004,423
E02003746,Fenland 005,437
E02003747,Fenland 006,821
E02003748,Fenland 007,754
E02003749,Fenland 008,183
E02003750,Fenland 009,536
E02003751,Fenland 010,273
E02003752,Fenland 011,622
E02003753,Huntingdonshire 001,553
E02003754,Huntingdonshire 002,173
E02003755,Huntingdonshire 003,470
E02003756,Huntingdonshire 004,329
E02003757,Huntingdonshire 005,285
E02003758,Huntingdonshire 006,243
E02003759,Huntingdonshire 007,141
E02003760,Huntingdonshire 008,957
E02003761,Huntingdonshire 009,330
E02003762,Huntingdonshire 010,468
E02003763,Huntingdonshire 011,544
E02003764,Huntingdonshire 012,1091
E02003765,Huntingdonshire 013,680
E02003766,Huntingdonshire 014,568
E02003767,Huntingdonshire 015,156
E02003768,Huntingdonshire 016,349
E02003769,Huntingdonshire 017,208
E02003770,Huntingdonshire 018,367
E02003771,Huntingdonshire 019,653
E02003772,Huntingdonshire 020,330
E02003773,Huntingdonshire 021,719
E02003774,Huntingdonshire 022,431
E02003775,South Cambridgeshire 001,261
E02003776,South Cambridgeshire 002,321
E02003777,South Cambridgeshire 003,345
E02003778,South Cambridgeshire 004,388
E02003780,South Cambridgeshire 006,824
E02003781,South Cambridgeshire 007,422
E02003784,South Cambridgeshire 010,266
E02003785,South Cambridgeshire 011,614
E02003786,South Cambridgeshire 012,400
E02003787,South Cambridgeshire 013,280
E02003788,South Cambridgeshire 014,287
E02003789,South Cambridgeshire 015,485
E02003790,South Cambridgeshire 016,378
E02003791,South Cambridgeshire 017,277
E02003792,South Cambridgeshire 018,396
E02003793,South Cambridgeshire 019,188
E02004356,Eastbourne 001,550
E02004357,Eastbourne 002,628
E02004358,Eastbourne 003,815
E02004359,Eastbourne 004,830
E02004361,Eastbourne 006,548
E02004362,Eastbourne 007,847
E02004363,Eastbourne 008,955
E02004364,Eastbourne 009,1069
E02004365,Eastbourne 010,1953
E02004366,Eastbourne 011,1768
E02004367,Eastbourne 012,841
E02004368,Hastings 001,454
E02004369,Hastings 002,710
E02004370,Hastings 003,999
E02004371,Hastings 004,659
E02004372,Hastings 005,1049
E02004373,Hastings 006,881
E02004374,Hastings 007,950
E02004375,Hastings 008,1287
E02004376,Hastings 009,1675
E02004377,Hastings 010,823
E02004378,Hastings 011,2314
E02004379,Lewes 001,193
E02004380,Lewes 002,317
E02004381,Lewes 003,1287
E02004382,Lewes 004,406
E02004383,Lewes 005,666
E02004384,Lewes 006,546
E02004385,Lewes 007,709
E02004386,Lewes 008,695
E02004387,Lewes 009,588
E02004388,Lewes 010,670
E02004389,Lewes 011,545
E02004390,Lewes 012,554
E02004391,Lewes 013,1036
E02004392,Rother 001,297
E02004393,Rother 002,310
E02004394,Rother 003,231
E02004395,Rother 004,686
E02004396,Rother 005,351
E02004397,Rother 006,430
E02004398,Rother 007,952
E02004399,Rother 008,649
E02004400,Rother 009,501
E02004401,Rother 010,700
E02004402,Rother 011,1635
E02004403,Wealden 001,234
E02004404,Wealden 002,138
E02004405,Wealden 003,296
E02004406,Wealden 004,294
E02004407,Wealden 005,272
E02004408,Wealden 006,355
E02004409,Wealden 007,110
E02004410,Wealden 008,214
E02004411,Wealden 009,543
E02004412,Wealden 010,377
E02004413,Wealden 011,222
E02004414,Wealden 012,303
E02004415,Wealden 013,140
E02004416,Wealden 014,155
E02004417,Wealden 015,449
E02004418,Wealden 016,396
E02004419,Wealden 017,540
E02004420,Wealden 018,501
E02004421,Wealden 019,726
E02004422,Wealden 020,469
E02004423,Wealden 021,488
E02004424,Basildon 001,171
E02004425,Basildon 002,428
E02004426,Basildon 003,399
E02004427,Basildon 004,472
E02004428,Basildon 005,507
E02004429,Basildon 006,384
E02004430,Basildon 007,274
E02004431,Basildon 008,467
E02004432,Basildon 009,199
E02004433,Basildon 010,558
E02004434,Basildon 011,602
E02004435,Basildon 012,823
E02004436,Basildon 013,977
E02004437,Basildon 014,819
E02004438,Basildon 015,1257
E02004439,Basildon 016,1110
E02004440,Basildon 017,944
E02004441,Basildon 018,837
E02004442,Basildon 019,958
E02004443,Basildon 020,1017
E02004444,Basildon 021,349
E02004445,Basildon 022,750
E02004446,Braintree 001,187
E02004447,Braintree 002,152
E02004448,Braintree 003,290
E02004449,Braintree 004,719
E02004450,Braintree 005,184
E02004451,Braintree 006,421
E02004452,Braintree 007,360
E02004453,Braintree 008,684
E02004454,Braintree 009,971
E02004455,Braintree 010,224
E02004456,Braintree 011,764
E02004457,Braintree 012,500
E02004458,Braintree 013,368
E02004459,Braintree 014,541
E02004460,Braintree 015,655
E02004461,Braintree 016,441
E02004462,Braintree 017,1088
E02004463,Braintree 018,386
E02004464,Brentwood 001,232
E02004465,Brentwood 002,354
E02004466,Brentwood 003,495
E02004467,Brentwood 004,506
E02004468,Brentwood 005,416
E02004469,Brentwood 006,281
E02004470,Brentwood 007,1375
E02004471,Brentwood 008,581
E02004472,Brentwood 009,201
E02004473,Castle Point 001,409
E02004474,Castle Point 002,382
E02004475,Castle Point 003,320
E02004476,Castle Point 004,314
E02004477,Castle Point 005,296
E02004478,Castle Point 006,540
E02004479,Castle Point 007,446
E02004480,Castle Point 008,358
E02004481,Castle Point 009,636
E02004482,Castle Point 010,684
E02004483,Castle Point 011,563
E02004484,Castle Point 012,646
E02004485,Chelmsford 001,402
E02004486,Chelmsford 002,466
E02004487,Chelmsford 003,497
E02004488,Chelmsford 004,509
E02004489,Chelmsford 005,284
E02004490,Chelmsford 006,934
E02004491,Chelmsford 007,305
E02004492,Chelmsford 008,521
E02004493,Chelmsford 009,859
E02004495,Chelmsford 011,444
E02004496,Chelmsford 012,416
E02004497,Chelmsford 013,449
E02004498,Chelmsford 014,830
E02004499,Chelmsford 015,307
E02004500,Chelmsford 016,296
E02004501,Chelmsford 017,462
E02004502,Chelmsford 018,239
E02004503,Chelmsford 019,305
E02004504,Chelmsford 020,343
E02004505,Chelmsford 021,253
E02004506,Colchester 001,216
E02004507,Colchester 002,738
E02004508,Colchester 003,248
E02004512,Colchester 007,1904
E02004513,Colchester 008,1745
E02004514,Colchester 009,358
E02004515,Colchester 010,293
E02004516,Colchester 011,1624
E02004517,Colchester 012,577
E02004518,Colchester 013,552
E02004519,Colchester 014,434
E02004520,Colchester 015,564
E02004521,Colchester 016,892
E02004522,Colchester 017,552
E02004523,Colchester 018,734
E02004524,Colchester 019,186
E02004525,Colchester 020,432
E02004526,Colchester 021,434
E02004527,Epping Forest 001,383
E02004528,Epping Forest 002,256
E02004529,Epping Forest 003,145
E02004530,Epping Forest 004,367
E02004531,Epping Forest 005,459
E02004532,Epping Forest 006,397
E02004533,Epping Forest 007,570
E02004534,Epping Forest 008,535
E02004535,Epping Forest 009,473
E02004536,Epping Forest 010,257
E02004537,Epping Forest 011,1001
E02004538,Epping Forest 012,455
E02004539,Epping Forest 013,630
E02004540,Epping Forest 014,319
E02004541,Epping Forest 015,762
E02004542,Epping Forest 016,200
E02004543,Epping Forest 017,434
E02004544,Harlow 001,551
E02004545,Harlow 002,869
E02004546,Harlow 003,988
E02004547,Harlow 004,1042
E02004548,Harlow 005,255
E02004549,Harlow 006,763
E02004550,Harlow 007,1304
E02004551,Harlow 008,727
E02004552,Harlow 009,459
E02004553,Harlow 010,646
E02004554,Harlow 011,614
E02004555,Maldon 001,187
E02004556,Maldon 002,185
E02004557,Maldon 003,401
E02004558,Maldon 004,745
E02004559,Maldon 005,420
E02004560,Maldon 006,361
E02004561,Maldon 007,272
E02004562,Maldon 008,576
E02004563,Rochford 001,335
E02004564,Rochford 002,312
E02004566,Rochford 004,481
E02004567,Rochford 005,345
E02004568,Rochford 006,451
E02004569,Rochford 007,556
E02004570,Rochford 008,709
E02004571,Rochford 009,352
E02004572,Rochford 010,370
E02004573,Tendring 001,979
E02004574,Tendring 002,822
E02004575,Tendring 003,634
E02004576,Tendring 004,481
E02004577,Tendring 005,197
E02004578,Tendring 006,881
E02004579,Tendring 007,368
E02004580,Tendring 008,969
E02004581,Tendring 009,297
E02004582,Tendring 010,576
E02004583,Tendring 011,591
E02004584,Tendring 012,607
E02004585,Tendring 013,604
E02004586,Tendring 014,998
E02004587,Tendring 015,899
E02004588,Tendring 016,1653
E02004589,Tendring 017,830
E02004590,Tendring 018,1200
E02004591,Uttlesford 001,222
E02004592,Uttlesford 002,955
E02004593,Uttlesford 003,242
E02004594,Uttlesford 004,214
E02004595,Uttlesford 005,424
E02004596,Uttlesford 006,288
E02004597,Uttlesford 007,436
E02004598,Uttlesford 008,280
E02004599,Uttlesford 009,173
E02004675,Basingstoke and Deane 001,364
E02004676,Basingstoke and Deane 002,304
E02004677,Basingstoke and Deane 003,155
E02004678,Basingstoke and Deane 004,286
E02004679,Basingstoke and Deane 005,326
E02004680,Basingstoke and Deane 006,226
E02004681,Basingstoke and Deane 007,1149
E02004682,Basingstoke and Deane 008,463
E02004683,Basingstoke and Deane 009,856
E02004684,Basingstoke and Deane 010,782
E02004685,Basingstoke and Deane 011,1183
E02004686,Basingstoke and Deane 012,1085
E02004687,Basingstoke and Deane 013,483
E02004688,Basingstoke and Deane 014,899
E02004689,Basingstoke and Deane 015,180
E02004690,Basingstoke and Deane 016,356
E02004691,Basingstoke and Deane 017,277
E02004692,Basingstoke and Deane 018,266
E02004693,Basingstoke and Deane 019,631
E02004694,Basingstoke and Deane 020,345
E02004695,Basingstoke and Deane 021,154
E02004696,Basingstoke and Deane 022,323
E02004697,East Hampshire 001,140
E02004698,East Hampshire 002,744
E02004699,East Hampshire 003,506
E02004700,East Hampshire 004,251
E02004702,East Hampshire 006,307
E02004703,East Hampshire 007,216
E02004704,East Hampshire 008,167
E02004705,East Hampshire 009,391
E02004706,East Hampshire 010,253
E02004707,East Hampshire 011,388
E02004708,East Hampshire 012,831
E02004709,East Hampshire 013,250
E02004710,East Hampshire 014,217
E02004712,Eastleigh 001,243
E02004713,Eastleigh 002,336
E02004714,Eastleigh 003,406
E02004715,Eastleigh 004,621
E02004716,Eastleigh 005,426
E02004717,Eastleigh 006,921
E02004718,Eastleigh 007,959
E02004719,Eastleigh 008,354
E02004720,Eastleigh 009,501
E02004721,Eastleigh 010,221
E02004722,Eastleigh 011,437
E02004723,Eastleigh 012,340
E02004724,Eastleigh 013,334
E02004725,Eastleigh 014,365
E02004726,Eastleigh 015,284
E02004727,Fareham 001,176
E02004728,Fareham 002,404
E02004729,Fareham 003,508
E02004730,Fareham 004,319
E02004731,Fareham 005,321
E02004732,Fareham 006,318
E02004733,Fareham 007,302
E02004734,Fareham 008,733
E02004735,Fareham 009,349
E02004736,Fareham 010,400
E02004737,Fareham 011,834
E02004738,Fareham 012,516
E02004739,Fareham 013,410
E02004740,Fareham 014,300
E02004741,Gosport 001,604
E02004742,Gosport 002,667
E02004743,Gosport 003,467
E02004744,Gosport 004,811
E02004745,Gosport 005,823
E02004746,Gosport 006,656
E02004747,Gosport 007,653
E02004748,Gosport 008,1728
E02004749,Gosport 009,397
E02004750,Gosport 010,612
E02004751,Hart 001,364
E02004752,Hart 002,166
E02004753,Hart 003,382
E02004754,Hart 004,233
E02004755,Hart 005,570
E02004756,Hart 006,235
E02004757,Hart 007,211
E02004758,Hart 008,364
E02004759,Hart 009,223
E02004760,Hart 010,201
E02004761,Hart 011,190
E02004764,Havant 003,592
E02004765,Havant 004,240
E02004766,Havant 005,699
E02004767,Havant 006,583
E02004768,Havant 007,376
E02004769,Havant 008,672
E02004770,Havant 009,827
E02004771,Havant 010,1062
E02004772,Havant 011,554
E02004774,Havant 013,638
E02004775,Havant 014,838
E02004776,Havant 015,262
E02004777,Havant 016,495
E02004778,Havant 017,398
E02004779,New Forest 001,500
E02004780,New Forest 002,372
E02004781,New Forest 003,285
E02004782,New Forest 004,683
E02004783,New Forest 005,316
E02004784,New Forest 006,133
E02004785,New Forest 007,228
E02004786,New Forest 008,292
E02004787,New Forest 009,459
E02004788,New Forest 010,191
E02004789,New Forest 011,567
E02004790,New Forest 012,605
E02004791,New Forest 013,304
E02004792,New Forest 014,365
E02004793,New Forest 015,262
E02004794,New Forest 016,188
E02004795,New Forest 017,510
E02004796,New Forest 018,339
E02004797,New Forest 019,520
E02004798,New Forest 020,473
E02004799,New Forest 021,735
E02004800,New Forest 022,381
E02004801,New Forest 023,333
E02004802,Rushmoor 001,393
E02004803,Rushmoor 002,584
E02004804,Rushmoor 003,210
E02004805,Rushmoor 004,430
E02004806,Rushmoor 005,247
E02004807,Rushmoor 006,667
E02004808,Rushmoor 007,768
E02004809,Rushmoor 008,984
E02004810,Rushmoor 009,491
E02004811,Rushmoor 010,843
E02004812,Rushmoor 011,261
E02004813,Rushmoor 012,545
E02004814,Test Valley 001,238
E02004815,Test Valley 002,713
E02004817,Test Valley 004,699
E02004818,Test Valley 005,405
E02004819,Test Valley 006,540
E02004820,Test Valley 007,179
E02004821,Test Valley 008,124
E02004822,Test Valley 009,210
E02004823,Test Valley 010,410
E02004824,Test Valley 011,715
E02004825,Test Valley 012,441
E02004826,Test Valley 013,216
E02004827,Test Valley 014,123
E02004828,Test Valley 015,219
E02004829,Winchester 001,145
E02004830,Winchester 002,253
E02004831,Winchester 003,440
E02004832,Winchester 004,405
E02004833,Winchester 005,575
E02004834,Winchester 006,1076
E02004835,Winchester 007,1343
E02004836,Winchester 008,629
E02004837,Winchester 009,331
E02004838,Winchester 010,307
E02004839,Winchester 011,203
E02004840,Winchester 012,442
E02004841,Winchester 013,398
E02004842,Winchester 014,448
E02004843,Broxbourne 001,242
E02004844,Broxbourne 002,428
E02004845,Broxbourne 003,755
E02004846,Broxbourne 004,249
E02004847,Broxbourne 005,632
E02004848,Broxbourne 006,279
E02004849,Broxbourne 007,157
E02004850,Broxbourne 008,505
E02004851,Broxbourne 009,332
E02004852,Broxbourne 010,729
E02004853,Broxbourne 011,498
E02004854,Broxbourne 012,733
E02004855,Broxbourne 013,1058
E02004856,Dacorum 001,185
E02004857,Dacorum 002,267
E02004858,Dacorum 003,290
E02004859,Dacorum 004,152
E02004860,Dacorum 005,307
E02004861,Dacorum 006,290
E02004862,Dacorum 007,553
E02004863,Dacorum 008,790
E02004864,Dacorum 009,339
E02004865,Dacorum 010,469
E02004866,Dacorum 011,459
E02004867,Dacorum 012,316
E02004868,Dacorum 013,532
E02004869,Dacorum 014,303
E02004870,Dacorum 015,1153
E02004871,Dacorum 016,307
E02004872,Dacorum 017,322
E02004873,Dacorum 018,665
E02004874,Dacorum 019,404
E02004875,Dacorum 020,616
E02004876,Dacorum 021,240
E02004877,Dacorum 022,233
E02004878,East Hertfordshire 001,287
E02004880,East Hertfordshire 003,271
E02004881,East Hertfordshire 004,603
E02004882,East Hertfordshire 005,468
E02004883,East Hertfordshire 006,192
E02004884,East Hertfordshire 007,933
E02004885,East Hertfordshire 008,233
E02004886,East Hertfordshire 009,217
E02004887,East Hertfordshire 010,221
E02004888,East Hertfordshire 011,382
E02004889,East Hertfordshire 012,815
E02004890,East Hertfordshire 013,488
E02004891,East Hertfordshire 014,452
E02004892,East Hertfordshire 015,504
E02004893,East Hertfordshire 016,243
E02004894,East Hertfordshire 017,793
E02004895,East Hertfordshire 018,390
E02004896,Hertsmere 001,604
E02004897,Hertsmere 002,335
E02004898,Hertsmere 003,601
E02004899,Hertsmere 004,178
E02004900,Hertsmere 005,270
E02004901,Hertsmere 006,1006
E02004902,Hertsmere 007,642
E02004903,Hertsmere 008,369
E02004904,Hertsmere 009,526
E02004905,Hertsmere 010,220
E02004906,Hertsmere 011,768
E02004907,Hertsmere 012,628
E02004908,Hertsmere 013,472
E02004909,North Hertfordshire 001,491
E02004910,North Hertfordshire 002,605
E02004911,North Hertfordshire 003,715
E02004912,North Hertfordshire 004,703
E02004914,North Hertfordshire 006,674
E02004915,North Hertfordshire 007,528
E02004916,North Hertfordshire 008,515
E02004917,North Hertfordshire 009,510
E02004918,North Hertfordshire 010,752
E02004919,North Hertfordshire 011,479
E02004920,North Hertfordshire 012,1087
E02004921,North Hertfordshire 013,473
E02004922,North Hertfordshire 014,390
E02004923,North Hertfordshire 015,463
E02004924,St Albans 001,271
E02004925,St Albans 002,334
E02004926,St Albans 003,424
E02004927,St Albans 004,215
E02004928,St Albans 005,187
E02004929,St Albans 006,251
E02004930,St Albans 007,270
E02004931,St Albans 008,307
E02004932,St Albans 009,479
E02004933,St Albans 010,214
E02004934,St Albans 011,630
E02004935,St Albans 012,1154
E02004936,St Albans 013,233
E02004937,St Albans 014,331
E02004939,St Albans 016,486
E02004940,St Albans 017,565
E02004941,St Albans 018,467
E02004942,St Albans 019,286
E02004943,St Albans 020,233
E02004944,Stevenage 001,532
E02004945,Stevenage 002,796
E02004946,Stevenage 003,499
E02004948,Stevenage 005,574
E02004949,Stevenage 006,1095
E02004950,Stevenage 007,479
E02004951,Stevenage 008,1158
E02004952,Stevenage 009,473
E02004953,Stevenage 010,529
E02004954,Stevenage 011,602
E02004955,Stevenage 012,382
E02004956,Three Rivers 001,492
E02004957,Three Rivers 002,457
E02004958,Three Rivers 003,252
E02004959,Three Rivers 004,292
E02004960,Three Rivers 005,206
E02004961,Three Rivers 006,368
E02004962,Three Rivers 007,504
E02004963,Three Rivers 008,395
E02004964,Three Rivers 009,327
E02004965,Three Rivers 010,373
E02004966,Three Rivers 011,152
E02004967,Three Rivers 012,780
E02004968,Watford 001,502
E02004969,Watford 002,348
E02004970,Watford 003,634
E02004971,Watford 004,468
E02004972,Watford 005,329
E02004973,Watford 006,873
E02004974,Watford 007,678
E02004975,Watford 008,371
E02004976,Watford 009,2211
E02004977,Watford 010,961
E02004978,Watford 011,1017
E02004979,Watford 012,490
E02004980,Welwyn Hatfield 001,152
E02004981,Welwyn Hatfield 002,334
E02004982,Welwyn Hatfield 003,341
E02004983,Welwyn Hatfield 004,488
E02004984,Welwyn Hatfield 005,538
E02004985,Welwyn Hatfield 006,695
E02004986,Welwyn Hatfield 007,845
E02004987,Welwyn Hatfield 008,455
E02004988,Welwyn Hatfield 009,553
E02004989,Welwyn Hatfield 010,917
E02004990,Welwyn Hatfield 011,593
E02004991,Welwyn Hatfield 012,871
E02004992,Welwyn Hatfield 013,663
E02004994,Welwyn Hatfield 015,144
E02004995,Welwyn Hatfield 016,165
E02004996,Ashford 001,411
E02004997,Ashford 002,268
E02004998,Ashford 003,319
E02005000,Ashford 005,1409
E02005001,Ashford 006,543
E02005002,Ashford 007,872
E02005003,Ashford 008,662
E02005004,Ashford 009,572
E02005005,Ashford 010,259
E02005006,Ashford 011,164
E02005007,Ashford 012,314
E02005008,Ashford 013,587
E02005009,Ashford 014,215
E02005010,Canterbury 001,1205
E02005011,Canterbury 002,445
E02005012,Canterbury 003,722
E02005013,Canterbury 004,628
E02005014,Canterbury 005,429
E02005015,Canterbury 006,365
E02005016,Canterbury 007,668
E02005017,Canterbury 008,662
E02005018,Canterbury 009,406
E02005019,Canterbury 010,241
E02005020,Canterbury 011,529
E02005021,Canterbury 012,359
E02005022,Canterbury 013,936
E02005023,Canterbury 014,1465
E02005025,Canterbury 016,1000
E02005026,Canterbury 017,296
E02005027,Canterbury 018,189
E02005028,Dartford 001,1217
E02005029,Dartford 002,731
E02005030,Dartford 003,1120
E02005031,Dartford 004,666
E02005032,Dartford 005,896
E02005033,Dartford 006,602
E02005034,Dartford 007,269
E02005035,Dartford 008,443
E02005036,Dartford 009,651
E02005037,Dartford 010,281
E02005038,Dartford 011,269
E02005039,Dartford 012,300
E02005040,Dartford 013,255
E02005041,Dover 001,268
E02005042,Dover 002,587
E02005043,Dover 003,737
E02005044,Dover 004,798
E02005045,Dover 005,655
E02005046,Dover 006,480
E02005047,Dover 007,818
E02005048,Dover 008,218
E02005049,Dover 009,347
E02005050,Dover 010,486
E02005051,Dover 011,1689
E02005052,Dover 012,1320
E02005053,Dover 013,1426
E02005054,Dover 014,317
E02005055,Gravesham 001,872
E02005056,Gravesham 002,1954
E02005057,Gravesham 003,853
E02005058,Gravesham 004,696
E02005059,Gravesham 005,614
E02005060,Gravesham 006,592
E02005061,Gravesham 007,656
E02005062,Gravesham 008,318
E02005063,Gravesham 009,359
E02005064,Gravesham 010,247
E02005065,Gravesham 011,650
E02005066,Gravesham 012,267
E02005067,Gravesham 013,124
E02005068,Maidstone 001,127
E02005069,Maidstone 002,444
E02005070,Maidstone 003,456
E02005071,Maidstone 004,1807
E02005072,Maidstone 005,256
E02005073,Maidstone 006,1223
E02005074,Maidstone 007,301
E02005075,Maidstone 008,688
E02005076,Maidstone 009,723
E02005077,Maidstone 010,544
E02005078,Maidstone 011,345
E02005079,Maidstone 012,352
E02005080,Maidstone 013,1269
E02005081,Maidstone 014,285
E02005082,Maidstone 015,401
E02005083,Maidstone 016,327
E02005084,Maidstone 017,299
E02005085,Maidstone 018,298
E02005086,Maidstone 019,251
E02005087,Sevenoaks 001,290
E02005088,Sevenoaks 002,964
E02005089,Sevenoaks 003,328
E02005090,Sevenoaks 004,249
E02005091,Sevenoaks 005,319
E02005093,Sevenoaks 007,208
E02005094,Sevenoaks 008,359
E02005095,Sevenoaks 009,257
E02005096,Sevenoaks 010,608
E02005097,Sevenoaks 011,194
E02005098,Sevenoaks 012,613
E02005099,Sevenoaks 013,268
E02005100,Sevenoaks 014,569
E02005101,Sevenoaks 015,168
E02005102,Folkestone and Hythe 001,265
E02005103,Folkestone and Hythe 002,431
E02005104,Folkestone and Hythe 003,825
E02005105,Folkestone and Hythe 004,998
E02005106,Folkestone and Hythe 005,717
E02005107,Folkestone and Hythe 006,887
E02005109,Folkestone and Hythe 008,344
E02005110,Folkestone and Hythe 009,259
E02005111,Folkestone and Hythe 010,980
E02005112,Folkestone and Hythe 011,392
E02005113,Folkestone and Hythe 012,456
E02005114,Folkestone and Hythe 013,340
E02005115,Swale 001,882
E02005116,Swale 002,925
E02005117,Swale 003,328
E02005118,Swale 004,554
E02005119,Swale 005,450
E02005120,Swale 006,384
E02005121,Swale 007,530
E02005122,Swale 008,282
E02005123,Swale 009,586
E02005124,Swale 010,1272
E02005125,Swale 011,612
E02005126,Swale 012,541
E02005127,Swale 013,318
E02005128,Swale 014,584
E02005129,Swale 015,1194
E02005130,Swale 016,413
E02005131,Swale 017,210
E02005132,Thanet 001,2450
E02005133,Thanet 002,550
E02005134,Thanet 003,1354
E02005135,Thanet 004,817
E02005136,Thanet 005,586
E02005137,Thanet 006,891
E02005138,Thanet 007,943
E02005139,Thanet 008,837
E02005140,Thanet 009,642
E02005141,Thanet 010,797
E02005142,Thanet 011,640
E02005143,Thanet 012,744
E02005144,Thanet 013,1087
E02005145,Thanet 014,392
E02005146,Thanet 015,853
E02005147,Thanet 016,2077
E02005148,Thanet 017,556
E02005149,Tonbridge and Malling 001,358
E02005150,Tonbridge and Malling 002,669
E02005151,Tonbridge and Malling 003,644
E02005153,Tonbridge and Malling 005,545
E02005154,Tonbridge and Malling 006,343
E02005155,Tonbridge and Malling 007,253
E02005156,Tonbridge and Malling 008,313
E02005157,Tonbridge and Malling 009,535
E02005158,Tonbridge and Malling 010,252
E02005159,Tonbridge and Malling 011,422
E02005160,Tonbridge and Malling 012,1196
E02005161,Tonbridge and Malling 013,577
E02005162,Tunbridge Wells 001,519
E02005163,Tunbridge Wells 002,396
E02005164,Tunbridge Wells 003,647
E02005165,Tunbridge Wells 004,354
E02005166,Tunbridge Wells 005,646
E02005167,Tunbridge Wells 006,239
E02005168,Tunbridge Wells 007,529
E02005169,Tunbridge Wells 008,1411
E02005170,Tunbridge Wells 009,703
E02005171,Tunbridge Wells 010,608
E02005172,Tunbridge Wells 011,183
E02005173,Tunbridge Wells 012,519
E02005174,Tunbridge Wells 013,353
E02005175,Tunbridge Wells 014,373
E02005503,Breckland 001,252
E02005504,Breckland 002,314
E02005505,Breckland 003,527
E02005506,Breckland 004,258
E02005507,Breckland 005,944
E02005508,Breckland 006,220
E02005509,Breckland 007,707
E02005510,Breckland 008,310
E02005511,Breckland 009,646
E02005512,Breckland 010,267
E02005513,Breckland 011,694
E02005514,Breckland 012,240
E02005515,Breckland 013,191
E02005516,Breckland 014,211
E02005517,Breckland 015,679
E02005518,Breckland 016,744
E02005519,Breckland 017,818
E02005520,Broadland 001,584
E02005521,Broadland 002,283
E02005522,Broadland 003,175
E02005523,Broadland 004,231
E02005524,Broadland 005,193
E02005525,Broadland 006,384
E02005526,Broadland 007,241
E02005527,Broadland 008,291
E02005528,Broadland 009,467
E02005529,Broadland 010,413
E02005530,Broadland 011,321
E02005531,Broadland 012,357
E02005532,Broadland 013,607
E02005533,Broadland 014,322
E02005534,Broadland 015,543
E02005535,Broadland 016,352
E02005536,Broadland 017,247
E02005537,Broadland 018,336
E02005538,Great Yarmouth 001,488
E02005539,Great Yarmouth 002,288
E02005540,Great Yarmouth 003,752
E02005541,Great Yarmouth 004,798
E02005542,Great Yarmouth 005,1578
E02005543,Great Yarmouth 006,2227
E02005544,Great Yarmouth 007,1058
E02005545,Great Yarmouth 008,406
E02005546,Great Yarmouth 009,1242
E02005547,Great Yarmouth 010,835
E02005548,Great Yarmouth 011,910
E02005549,Great Yarmouth 012,253
E02005550,Great Yarmouth 013,478
E02005551,King's Lynn and West Norfolk 001,556
E02005552,King's Lynn and West Norfolk 002,272
E02005553,King's Lynn and West Norfolk 003,641
E02005554,King's Lynn and West Norfolk 004,382
E02005555,King's Lynn and West Norfolk 005,194
E02005556,King's Lynn and West Norfolk 006,433
E02005557,King's Lynn and West Norfolk 007,882
E02005558,King's Lynn and West Norfolk 008,346
E02005559,King's Lynn and West Norfolk 009,706
E02005560,King's Lynn and West Norfolk 010,853
E02005561,King's Lynn and West Norfolk 011,1921
E02005562,King's Lynn and West Norfolk 012,307
E02005563,King's Lynn and West Norfolk 013,244
E02005564,King's Lynn and West Norfolk 014,295
E02005565,King's Lynn and West Norfolk 015,269
E02005566,King's Lynn and West Norfolk 016,359
E02005567,King's Lynn and West Norfolk 017,979
E02005568,King's Lynn and West Norfolk 018,244
E02005569,King's Lynn and West Norfolk 019,267
E02005570,North Norfolk 001,671
E02005571,North Norfolk 002,390
E02005572,North Norfolk 003,1063
E02005573,North Norfolk 004,489
E02005574,North Norfolk 005,346
E02005575,North Norfolk 006,282
E02005576,North Norfolk 007,387
E02005577,North Norfolk 008,231
E02005578,North Norfolk 009,223
E02005580,North Norfolk 011,684
E02005581,North Norfolk 012,228
E02005582,North Norfolk 013,472
E02005583,North Norfolk 014,432
E02005584,Norwich 001,1270
E02005585,Norwich 002,1583
E02005586,Norwich 003,1535
E02005587,Norwich 004,1147
E02005588,Norwich 005,1335
E02005589,Norwich 006,1479
E02005592,Norwich 009,1123
E02005593,Norwich 010,928
E02005594,Norwich 011,2094
E02005595,Norwich 012,737
E02005596,Norwich 013,1453
E02005598,South Norfolk 002,318
E02005599,South Norfolk 003,318
E02005600,South Norfolk 004,183
E02005601,South Norfolk 005,520
E02005602,South Norfolk 006,495
E02005603,South Norfolk 007,540
E02005604,South Norfolk 008,424
E02005605,South Norfolk 009,333
E02005606,South Norfolk 010,153
E02005607,South Norfolk 011,396
E02005608,South Norfolk 012,278
E02005609,South Norfolk 013,456
E02005610,South Norfolk 014,262
E02005611,South Norfolk 015,933
E02005921,Cherwell 001,225
E02005922,Cherwell 002,473
E02005923,Cherwell 003,555
E02005924,Cherwell 004,1653
E02005925,Cherwell 005,817
E02005926,Cherwell 006,736
E02005927,Cherwell 007,422
E02005928,Cherwell 008,369
E02005929,Cherwell 009,199
E02005930,Cherwell 010,270
E02005931,Cherwell 011,251
E02005932,Cherwell 012,238
E02005933,Cherwell 013,465
E02005934,Cherwell 014,532
E02005935,Cherwell 015,769
E02005936,Cherwell 016,357
E02005937,Cherwell 017,579
E02005938,Cherwell 018,367
E02005939,Cherwell 019,418
E02005940,Oxford 001,573
E02005941,Oxford 002,846
E02005942,Oxford 003,617
E02005943,Oxford 004,613
E02005944,Oxford 005,952
E02005945,Oxford 006,1162
E02005946,Oxford 007,733
E02005947,Oxford 008,1353
E02005948,Oxford 009,1239
E02005949,Oxford 010,938
E02005950,Oxford 011,1733
E02005951,Oxford 012,902
E02005953,Oxford 014,763
E02005954,Oxford 015,1066
E02005955,Oxford 016,1104
E02005956,Oxford 017,803
E02005957,Oxford 018,780
E02005958,South Oxfordshire 001,250
E02005959,South Oxfordshire 002,213
E02005960,South Oxfordshire 003,432
E02005961,South Oxfordshire 004,266
E02005962,South Oxfordshire 005,257
E02005963,South Oxfordshire 006,391
E02005964,South Oxfordshire 007,224
E02005965,South Oxfordshire 008,186
E02005966,South Oxfordshire 009,322
E02005967,South Oxfordshire 010,522
E02005968,South Oxfordshire 011,185
E02005969,South Oxfordshire 012,624
E02005970,South Oxfordshire 013,496
E02005971,South Oxfordshire 014,440
E02005972,South Oxfordshire 015,404
E02005973,South Oxfordshire 016,445
E02005974,South Oxfordshire 017,405
E02005975,South Oxfordshire 018,237
E02005976,South Oxfordshire 019,126
E02005977,South Oxfordshire 020,222
E02005978,Vale of White Horse 001,342
E02005979,Vale of White Horse 002,710
E02005980,Vale of White Horse 003,369
E02005981,Vale of White Horse 004,319
E02005982,Vale of White Horse 005,342
E02005983,Vale of White Horse 006,1183
E02005984,Vale of White Horse 007,198
E02005985,Vale of White Horse 008,642
E02005986,Vale of White Horse 009,524
E02005987,Vale of White Horse 010,368
E02005988,Vale of White Horse 011,380
E02005991,Vale of White Horse 014,682
E02005992,Vale of White Horse 015,567
E02005993,West Oxfordshire 001,551
E02005994,West Oxfordshire 002,174
E02005995,West Oxfordshire 003,194
E02005996,West Oxfordshire 004,388
E02005997,West Oxfordshire 005,275
E02005998,West Oxfordshire 006,281
E02005999,West Oxfordshire 007,191
E02006000,West Oxfordshire 008,661
E02006001,West Oxfordshire 009,360
E02006002,West Oxfordshire 010,1016
E02006003,West Oxfordshire 011,329
E02006004,West Oxfordshire 012,216
E02006005,West Oxfordshire 013,298
E02006006,West Oxfordshire 014,356
E02006007,West Oxfordshire 015,225
E02006227,Babergh 001,306
E02006228,Babergh 002,173
E02006229,Babergh 003,371
E02006230,Babergh 004,547
E02006231,Babergh 005,349
E02006232,Babergh 006,190
E02006233,Babergh 007,1299
E02006234,Babergh 008,569
E02006235,Babergh 009,245
E02006236,Babergh 010,324
E02006237,Babergh 011,309
E02006238,West Suffolk 002,747
E02006239,West Suffolk 001,252
E02006240,West Suffolk 003,309
E02006241,West Suffolk 004,682
E02006242,West Suffolk 007,264
E02006243,West Suffolk 008,787
E02006245,Ipswich 001,658
E02006246,Ipswich 002,412
E02006247,Ipswich 003,864
E02006248,Ipswich 004,541
E02006249,Ipswich 005,782
E02006250,Ipswich 006,1558
E02006251,Ipswich 007,1950
E02006252,Ipswich 008,868
E02006253,Ipswich 009,522
E02006254,Ipswich 010,1307
E02006255,Ipswich 011,804
E02006256,Ipswich 012,1331
E02006257,Ipswich 013,721
E02006258,Ipswich 014,772
E02006259,Ipswich 015,900
E02006260,Ipswich 016,775
E02006261,Mid Suffolk 001,301
E02006262,Mid Suffolk 002,279
E02006263,Mid Suffolk 003,219
E02006264,Mid Suffolk 004,275
E02006265,Mid Suffolk 005,326
E02006266,Mid Suffolk 006,388
E02006267,Mid Suffolk 007,208
E02006268,Mid Suffolk 008,678
E02006269,Mid Suffolk 009,272
E02006270,Mid Suffolk 010,655
E02006271,Mid Suffolk 011,379
E02006272,Mid Suffolk 012,354
E02006273,West Suffolk 005,285
E02006274,West Suffolk 006,235
E02006275,West Suffolk 009,688
E02006276,West Suffolk 016,393
E02006277,West Suffolk 012,269
E02006278,West Suffolk 011,1153
E02006279,West Suffolk 014,830
E02006280,West Suffolk 010,286
E02006281,West Suffolk 013,890
E02006282,West Suffolk 017,346
E02006283,West Suffolk 018,186
E02006284,West Suffolk 019,632
E02006285,West Suffolk 021,451
E02006286,West Suffolk 020,945
E02006287,East Suffolk 016,213
E02006288,East Suffolk 017,357
E02006289,East Suffolk 018,572
E02006290,East Suffolk 019,657
E02006291,East Suffolk 020,440
E02006292,East Suffolk 021,184
E02006293,East Suffolk 023,307
E02006294,East Suffolk 022,686
E02006295,East Suffolk 024,466
E02006296,East Suffolk 025,467
E02006297,East Suffolk 026,234
E02006298,East Suffolk 027,404
E02006299,East Suffolk 028,504
E02006300,East Suffolk 029,936
E02006301,East Suffolk 030,726
E02006302,East Suffolk 001,339
E02006303,East Suffolk 002,941
E02006304,East Suffolk 003,566
E02006305,East Suffolk 004,1672
E02006306,East Suffolk 005,682
E02006307,East Suffolk 007,326
E02006308,East Suffolk 006,1605
E02006309,East Suffolk 009,705
E02006310,East Suffolk 008,411
E02006311,East Suffolk 010,821
E02006312,East Suffolk 011,344
E02006313,East Suffolk 012,658
E02006314,East Suffolk 013,426
E02006315,East Suffolk 014,379
E02006316,East Suffolk 015,533
E02006317,Elmbridge 001,273
E02006318,Elmbridge 002,375
E02006319,Elmbridge 003,481
E02006320,Elmbridge 004,403
E02006321,Elmbridge 005,233
E02006322,Elmbridge 006,308
E02006323,Elmbridge 007,561
E02006324,Elmbridge 008,294
E02006325,Elmbridge 009,254
E02006326,Elmbridge 010,400
E02006327,Elmbridge 011,266
E02006328,Elmbridge 012,560
E02006329,Elmbridge 013,252
E02006330,Elmbridge 014,509
E02006331,Elmbridge 015,261
E02006332,Elmbridge 016,158
E02006333,Elmbridge 017,444
E02006334,Elmbridge 018,162
E02006335,Epsom and Ewell 001,395
E02006336,Epsom and Ewell 002,389
E02006337,Epsom and Ewell 003,286
E02006338,Epsom and Ewell 004,251
E02006339,Epsom and Ewell 005,468
E02006341,Epsom and Ewell 007,778
E02006342,Epsom and Ewell 008,1112
E02006343,Epsom and Ewell 009,299
E02006344,Guildford 001,240
E02006345,Guildford 002,174
E02006346,Guildford 003,218
E02006347,Guildford 004,238
E02006348,Guildford 005,369
E02006349,Guildford 006,490
E02006350,Guildford 007,456
E02006351,Guildford 008,376
E02006352,Guildford 009,325
E02006353,Guildford 010,344
E02006354,Guildford 011,352
E02006355,Guildford 012,666
E02006356,Guildford 013,1622
E02006357,Guildford 014,241
E02006358,Guildford 015,784
E02006359,Guildford 016,443
E02006360,Guildford 017,250
E02006361,Guildford 018,128
E02006362,Mole Valley 001,273
E02006363,Mole Valley 002,216
E02006364,Mole Valley 003,688
E02006365,Mole Valley 004,392
E02006366,Mole Valley 005,202
E02006367,Mole Valley 006,259
E02006368,Mole Valley 007,271
E02006369,Mole Valley 008,232
E02006370,Mole Valley 009,441
E02006371,Mole Valley 010,508
E02006372,Mole Valley 011,343
E02006373,Mole Valley 012,204
E02006374,Mole Valley 013,258
E02006375,Reigate and Banstead 001,166
E02006376,Reigate and Banstead 002,431
E02006377,Reigate and Banstead 003,148
E02006378,Reigate and Banstead 004,215
E02006379,Reigate and Banstead 005,454
E02006380,Reigate and Banstead 006,214
E02006381,Reigate and Banstead 007,171
E02006382,Reigate and Banstead 008,493
E02006383,Reigate and Banstead 009,444
E02006384,Reigate and Banstead 010,1077
E02006385,Reigate and Banstead 011,969
E02006386,Reigate and Banstead 012,454
E02006387,Reigate and Banstead 013,319
E02006388,Reigate and Banstead 014,629
E02006389,Reigate and Banstead 015,362
E02006390,Reigate and Banstead 016,438
E02006391,Reigate and Banstead 017,252
E02006392,Reigate and Banstead 018,819
E02006393,Runnymede 001,750
E02006394,Runnymede 002,667
E02006395,Runnymede 003,565
E02006396,Runnymede 004,257
E02006397,Runnymede 005,141
E02006398,Runnymede 006,561
E02006399,Runnymede 007,650
E02006400,Runnymede 008,256
E02006401,Runnymede 009,653
E02006402,Runnymede 010,336
E02006403,Spelthorne 001,508
E02006404,Spelthorne 002,499
E02006405,Spelthorne 003,588
E02006406,Spelthorne 004,945
E02006407,Spelthorne 005,535
E02006408,Spelthorne 006,505
E02006409,Spelthorne 007,392
E02006410,Spelthorne 008,577
E02006411,Spelthorne 009,387
E02006412,Spelthorne 010,350
E02006413,Spelthorne 011,284
E02006414,Spelthorne 012,237
E02006415,Spelthorne 013,350
E02006416,Surrey Heath 001,236
E02006417,Surrey Heath 002,269
E02006418,Surrey Heath 003,206
E02006419,Surrey Heath 004,562
E02006420,Surrey Heath 005,325
E02006421,Surrey Heath 006,172
E02006422,Surrey Heath 007,141
E02006423,Surrey Heath 008,745
E02006424,Surrey Heath 009,137
E02006425,Surrey Heath 010,370
E02006426,Surrey Heath 011,159
E02006427,Surrey Heath 012,239
E02006429,Tandridge 002,463
E02006430,Tandridge 003,473
E02006431,Tandridge 004,721
E02006432,Tandridge 005,321
E02006433,Tandridge 006,395
E02006434,Tandridge 007,258
E02006435,Tandridge 008,218
E02006436,Tandridge 009,225
E02006437,Tandridge 010,322
E02006438,Tandridge 011,251
E02006439,Waverley 001,300
E02006440,Waverley 002,238
E02006441,Waverley 003,802
E02006442,Waverley 004,184
E02006443,Waverley 005,592
E02006444,Waverley 006,306
E02006445,Waverley 007,451
E02006446,Waverley 008,253
E02006447,Waverley 009,207
E02006448,Waverley 010,313
E02006449,Waverley 011,316
E02006450,Waverley 012,171
E02006451,Waverley 013,511
E02006453,Waverley 015,290
E02006454,Waverley 016,362
E02006455,Waverley 017,319
E02006456,Woking 001,388
E02006457,Woking 002,347
E02006458,Woking 003,384
E02006459,Woking 004,822
E02006460,Woking 005,648
E02006461,Woking 006,304
E02006462,Woking 007,395
E02006463,Woking 008,1446
E02006464,Woking 009,405
E02006465,Woking 010,260
E02006466,Woking 011,506
E02006467,Woking 012,192
E02006534,Adur 001,535
E02006535,Adur 002,370
E02006536,Adur 003,307
E02006537,Adur 004,1075
E02006538,Adur 005,872
E02006539,Adur 006,555
E02006540,Adur 007,518
E02006541,Adur 008,878
E02006542,Arun 001,331
E02006543,Arun 002,232
E02006544,Arun 003,430
E02006545,Arun 004,813
E02006546,Arun 005,664
E02006547,Arun 006,280
E02006548,Arun 007,589
E02006549,Arun 008,347
E02006550,Arun 009,722
E02006551,Arun 010,730
E02006552,Arun 011,1127
E02006553,Arun 012,538
E02006554,Arun 013,421
E02006555,Arun 014,794
E02006556,Arun 015,543
E02006557,Arun 016,726
E02006558,Arun 017,1852
E02006559,Arun 018,443
E02006560,Arun 019,672
E02006561,Chichester 001,195
E02006562,Chichester 002,132
E02006563,Chichester 003,176
E02006564,Chichester 004,481
E02006565,Chichester 005,301
E02006566,Chichester 006,380
E02006567,Chichester 007,334
E02006568,Chichester 008,1402
E02006569,Chichester 009,343
E02006570,Chichester 010,1297
E02006571,Chichester 011,439
E02006572,Chichester 012,665
E02006573,Chichester 013,620
E02006574,Chichester 014,851
E02006575,Crawley 001,656
E02006576,Crawley 002,444
E02006577,Crawley 003,837
E02006578,Crawley 004,1574
E02006579,Crawley 005,630
E02006580,Crawley 006,553
E02006581,Crawley 007,1165
E02006582,Crawley 008,192
E02006583,Crawley 009,641
E02006584,Crawley 010,618
E02006585,Crawley 011,706
E02006586,Crawley 012,481
E02006587,Crawley 013,873
E02006588,Horsham 001,533
E02006589,Horsham 002,364
E02006590,Horsham 003,509
E02006591,Horsham 004,627
E02006592,Horsham 005,154
E02006593,Horsham 006,1393
E02006594,Horsham 007,509
E02006595,Horsham 008,252
E02006596,Horsham 009,286
E02006597,Horsham 010,487
E02006598,Horsham 011,117
E02006599,Horsham 012,171
E02006600,Horsham 013,640
E02006601,Horsham 014,428
E02006602,Horsham 015,168
E02006603,Horsham 016,373
E02006604,Mid Sussex 001,1157
E02006605,Mid Sussex 002,185
E02006606,Mid Sussex 003,224
E02006607,Mid Sussex 004,315
E02006608,Mid Sussex 005,206
E02006609,Mid Sussex 006,180
E02006610,Mid Sussex 007,215
E02006611,Mid Sussex 008,446
E02006612,Mid Sussex 009,1030
E02006613,Mid Sussex 010,591
E02006614,Mid Sussex 011,516
E02006615,Mid Sussex 012,242
E02006616,Mid Sussex 013,497
E02006617,Mid Sussex 014,1022
E02006618,Mid Sussex 015,224
E02006619,Mid Sussex 016,249
E02006620,Mid Sussex 017,542
E02006621,Worthing 001,313
E02006622,Worthing 002,561
E02006623,Worthing 003,610
E02006624,Worthing 004,295
E02006625,Worthing 005,591
E02006626,Worthing 006,585
E02006627,Worthing 007,736
E02006628,Worthing 008,1096
E02006629,Worthing 009,853
E02006630,Worthing 010,1561
E02006631,Worthing 011,2275
E02006632,Worthing 012,734
E02006633,Worthing 013,608
E02006782,Bromley 040,712
E02006783,Lewisham 037,1065
E02006784,Lewisham 038,1159
E02006785,Bexley 029,577
E02006786,Greenwich 033,1077
E02006787,Bromley 041,647
E02006788,Croydon 045,924
E02006789,Bromley 042,320
E02006790,Tandridge 012,367
E02006791,Ealing 040,1526
E02006792,Hounslow 029,2003
E02006793,Enfield 037,1557
E02006794,Haringey 037,1874
E02006795,Harrow 032,485
E02006796,Hillingdon 033,693
E02006798,Lewisham 039,2390
E02006799,Barking and Dagenham 023,1136
E02006800,Redbridge 034,1335
E02006801,Lambeth 036,2715
E02006802,Southwark 034,2886
E02006821,Portsmouth 026,319
E02006822,Havant 018,534
E02006823,Buckinghamshire 039,231
E02006824,Buckinghamshire 036,339
E02006825,East Cambridgeshire 011,211
E02006826,West Suffolk 015,1103
E02006829,East Hampshire 016,255
E02006830,Havant 019,573
E02006831,Havant 020,333
E02006832,Sevenoaks 016,212
E02006833,Tonbridge and Malling 014,488
E02006836,Sutton 025,368
E02006837,Epsom and Ewell 010,489
E02006838,East Hampshire 017,192
E02006839,Waverley 018,259
E02006853,Tower Hamlets 032,3815
E02006854,Tower Hamlets 033,2617
E02006855,Canterbury 019,758
E02006856,Canterbury 020,1993
E02006857,Eastbourne 013,799
E02006858,Eastbourne 014,493
E02006859,Thurrock 019,301
E02006873,South Cambridgeshire 020,276
E02006874,South Cambridgeshire 021,285
E02006877,Peterborough 022,677
E02006878,Peterborough 023,566
E02006879,Folkestone and Hythe 014,1783
E02006880,Folkestone and Hythe 015,1235
E02006882,Harrow 033,659
E02006886,Vale of White Horse 016,413
E02006907,Norwich 014,2022
E02006908,Norwich 015,1011
E02006918,Hackney 028,1936
E02006921,Hackney 029,1707
E02006922,Colchester 022,1099
E02006924,Redbridge 035,1125
E02006925,Redbridge 036,634
E02006926,Thurrock 020,213
E02006927,Greenwich 034,1905
E02006928,Greenwich 035,3375
E02006930,Greenwich 037,2130
E02006931,Greenwich 038,1999
E02006937,Luton 022,1766
E02006938,Luton 023,1916
E02006939,Reading 019,1893
E02006940,Reading 020,1849
E02006941,Southwark 035,2001
E02006942,Southwark 036,2490
E02006953,Barnet 042,1847
E02006954,Barnet 043,1522
E02006955,Brent 035,1782
E02006956,Brent 036,996
E02006968,Ealing 041,1370
E02006969,Ealing 042,1535
E02006970,Ealing 043,981
E02006971,Ealing 044,722
E02006972,Hounslow 030,937
E02006973,Hounslow 031,1584
E02006975,Portsmouth 027,1572
E02006976,Portsmouth 028,1272
E02006978,Chelmsford 022,1024
E02006979,Chelmsford 023,1071
E02006980,Rochford 011,265
E02006981,Rochford 012,429
E02006987,Croydon 046,2640
E02006988,Croydon 047,1579
E02006991,Greenwich 039,2089
E02006992,Greenwich 040,2214
E02006993,Greenwich 041,2306
E02006994,Greenwich 042,1973
E02006995,Newham 038,2211
E02006996,Newham 039,2092
E02006997,Newham 040,2287
E02006998,Newham 041,1301
E02006999,Newham 042,3039
E02007004,Thurrock 021,484
E02007005,Thurrock 022,528
E02007008,Lewisham 040,1948
E02007009,Lewisham 041,2402
E02007010,Bedford 021,330
E02007011,Bedford 022,259
E02007012,Milton Keynes 033,320
E02007013,Milton Keynes 034,386
E02007014,Milton Keynes 035,410
E02007015,Milton Keynes 036,380
E02007016,Milton Keynes 037,389
E02007017,Redbridge 037,543
E02007018,Redbridge 038,809
E02007019,Redbridge 039,1322
E02007020,Redbridge 040,861
E02007021,Oxford 020,652
E02007032,North Norfolk 015,640
E02007033,North Norfolk 016,524
E02007046,Ashford 015,713
E02007047,Ashford 016,397
E02007052,Norwich 016,1812
E02007053,Norwich 017,1549
E02007054,South Norfolk 016,295
E02007055,South Norfolk 017,533
E02007056,Colchester 023,368
E02007057,Colchester 024,590
E02007068,Slough 015,768
E02007069,Slough 016,513
E02007074,Southampton 033,1556
E02007075,Southampton 034,1049
E02007076,Test Valley 016,311
E02007077,Test Valley 017,282
E02007078,Test Valley 018,695
E02007083,Wandsworth 038,2906
E02007084,Wandsworth 039,2670
E02007085,South Cambridgeshire 022,631
E02007086,Cambridge 015,917
E02007087,Cambridge 014,1086
E02007088,North Hertfordshire 016,186
E02007089,North Hertfordshire 017,207
E02007090,St Albans 021,236
E02007091,Stevenage 013,268
E02007092,Welwyn Hatfield 017,371
E02007093,East Hertfordshire 019,204
E02007108,Hackney 030,2114
E02007109,Hackney 031,2050
E02007110,Hackney 032,2642
E02007111,Hackney 033,2284
E02007112,Tower Hamlets 034,2244
E02007113,Tower Hamlets 035,2304
E02007114,Tower Hamlets 036,2073
E02007115,Camden 029,3534
E02007116,Oxford 019,906