Middle layer Super Output Areas Code,Middle layer Super Output Areas,owns_outright
E02000001,City of London 001,1114
E02000002,Barking and Dagenham 001,507
E02000003,Barking and Dagenham 002,942
E02000004,Barking and Dagenham 003,649
E02000005,Barking and Dagenham 004,582
E02000007,Barking and Dagenham 006,474
E02000008,Barking and Dagenham 007,683
E02000009,Barking and Dagenham 008,472
E02000010,Barking and Dagenham 009,484
E02000011,Barking and Dagenham 010,584
E02000012,Barking and Dagenham 011,861
E02000013,Barking and Dagenham 012,473
E02000014,Barking and Dagenham 013,502
E02000015,Barking and Dagenham 014,375
E02000016,Barking and Dagenham 015,216
E02000017,Barking and Dagenham 016,579
E02000018,Barking and Dagenham 017,420
E02000019,Barking and Dagenham 018,405
E02000020,Barking and Dagenham 019,530
E02000021,Barking and Dagenham 020,550
E02000022,Barking and Dagenham 021,111
E02000023,Barking and Dagenham 022,194
E02000024,Barnet 001,1640
E02000025,Barnet 002,1061
E02000026,Barnet 003,961
E02000027,Barnet 004,908
E02000028,Barnet 005,871
E02000029,Barnet 006,930
E02000030,Barnet 007,1417
E02000031,Barnet 008,1078
E02000032,Barnet 009,1154
E02000033,Barnet 010,1087
E02000034,Barnet 011,1044
E02000035,Barnet 012,971
E02000036,Barnet 013,1128
E02000037,Barnet 014,1133
E02000038,Barnet 015,1112
E02000039,Barnet 016,850
E02000040,Barnet 017,936
E02000041,Barnet 018,937
E02000042,Barnet 019,1186
E02000043,Barnet 020,985
E02000044,Barnet 021,576
E02000045,Barnet 022,905
E02000046,Barnet 023,685
E02000047,Barnet 024,696
E02000048,Barnet 025,1242
E02000049,Barnet 026,278
E02000050,Barnet 027,938
E02000051,Barnet 028,1234
E02000052,Barnet 029,1069
E02000054,Barnet 031,664
E02000055,Barnet 032,915
E02000056,Barnet 033,1289
E02000057,Barnet 034,624
E02000058,Barnet 035,1349
E02000059,Barnet 036,875
E02000060,Barnet 037,911
E02000061,Barnet 038,908
E02000062,Barnet 039,416
E02000063,Barnet 040,700
E02000064,Barnet 041,527
E02000065,Bexley 001,375
E02000066,Bexley 002,536
E02000067,Bexley 003,791
E02000068,Bexley 004,512
E02000069,Bexley 005,819
E02000070,Bexley 006,1312
E02000071,Bexley 007,973
E02000072,Bexley 008,646
E02000073,Bexley 009,1740
E02000074,Bexley 010,685
E02000075,Bexley 011,1526
E02000077,Bexley 013,1043
E02000078,Bexley 014,1198
E02000079,Bexley 015,1304
E02000080,Bexley 016,1454
E02000081,Bexley 017,1218
E02000082,Bexley 018,1382
E02000083,Bexley 019,1126
E02000084,Bexley 020,1719
E02000085,Bexley 021,1168
E02000086,Bexley 022,1227
E02000087,Bexley 023,1396
E02000088,Bexley 024,1272
E02000089,Bexley 025,1216
E02000090,Bexley 026,1342
E02000091,Bexley 027,1648
E02000092,Bexley 028,697
E02000093,Brent 001,1177
E02000094,Brent 002,833
E02000095,Brent 003,1052
E02000096,Brent 004,1035
E02000097,Brent 005,931
E02000098,Brent 006,703
E02000099,Brent 007,722
E02000100,Brent 008,975
E02000101,Brent 009,650
E02000102,Brent 010,621
E02000103,Brent 011,775
E02000104,Brent 012,674
E02000105,Brent 013,699
E02000106,Brent 014,737
E02000107,Brent 015,743
E02000108,Brent 016,555
E02000110,Brent 018,743
E02000111,Brent 019,699
E02000112,Brent 020,857
E02000113,Brent 021,348
E02000114,Brent 022,570
E02000115,Brent 023,542
E02000116,Brent 024,340
E02000117,Brent 025,452
E02000118,Brent 026,710
E02000119,Brent 027,197
E02000120,Brent 028,580
E02000121,Brent 029,784
E02000122,Brent 030,818
E02000123,Brent 031,560
E02000124,Brent 032,827
E02000125,Brent 033,938
E02000126,Brent 034,188
E02000127,Bromley 001,733
E02000128,Bromley 002,1007
E02000130,Bromley 004,845
E02000131,Bromley 005,535
E02000132,Bromley 006,1168
E02000133,Bromley 007,1759
E02000134,Bromley 008,1183
E02000135,Bromley 009,358
E02000136,Bromley 010,875
E02000137,Bromley 011,1232
E02000138,Bromley 012,1574
E02000139,Bromley 013,802
E02000140,Bromley 014,619
E02000141,Bromley 015,770
E02000142,Bromley 016,1172
E02000144,Bromley 018,1176
E02000145,Bromley 019,747
E02000146,Bromley 020,1085
E02000147,Bromley 021,1363
E02000148,Bromley 022,1169
E02000149,Bromley 023,995
E02000150,Bromley 024,1132
E02000151,Bromley 025,1401
E02000152,Bromley 026,762
E02000153,Bromley 027,1242
E02000154,Bromley 028,1312
E02000155,Bromley 029,1403
E02000156,Bromley 030,2213
E02000157,Bromley 031,1609
E02000158,Bromley 032,1191
E02000159,Bromley 033,1318
E02000160,Bromley 034,1350
E02000161,Bromley 035,1540
E02000162,Bromley 036,1192
E02000163,Bromley 037,1371
E02000165,Bromley 039,1057
E02000166,Camden 001,867
E02000167,Camden 002,1143
E02000168,Camden 003,713
E02000169,Camden 004,890
E02000170,Camden 005,715
E02000171,Camden 006,736
E02000172,Camden 007,433
E02000173,Camden 008,728
E02000174,Camden 009,484
E02000175,Camden 010,592
E02000176,Camden 011,653
E02000177,Camden 012,438
E02000178,Camden 013,365
E02000179,Camden 014,531
E02000180,Camden 015,461
E02000181,Camden 016,650
E02000182,Camden 017,576
E02000183,Camden 018,703
E02000184,Camden 019,333
E02000185,Camden 020,334
E02000186,Camden 021,435
E02000187,Camden 022,261
E02000188,Camden 023,188
E02000191,Camden 026,320
E02000192,Camden 027,297
E02000193,Camden 028,475
E02000194,Croydon 001,786
E02000195,Croydon 002,1147
E02000196,Croydon 003,785
E02000197,Croydon 004,806
E02000198,Croydon 005,638
E02000199,Croydon 006,830
E02000200,Croydon 007,692
E02000201,Croydon 008,527
E02000202,Croydon 009,866
E02000203,Croydon 010,530
E02000204,Croydon 011,923
E02000206,Croydon 013,597
E02000207,Croydon 014,612
E02000208,Croydon 015,421
E02000209,Croydon 016,591
E02000210,Croydon 017,811
E02000211,Croydon 018,1367
E02000212,Croydon 019,516
E02000213,Croydon 020,463
E02000214,Croydon 021,924
E02000215,Croydon 022,814
E02000216,Croydon 023,775
E02000217,Croydon 024,677
E02000218,Croydon 025,716
E02000219,Croydon 026,1487
E02000221,Croydon 028,705
E02000222,Croydon 029,862
E02000223,Croydon 030,316
E02000224,Croydon 031,721
E02000225,Croydon 032,662
E02000226,Croydon 033,1315
E02000227,Croydon 034,1614
E02000228,Croydon 035,1455
E02000229,Croydon 036,407
E02000230,Croydon 037,1308
E02000231,Croydon 038,1077
E02000232,Croydon 039,1048
E02000233,Croydon 040,640
E02000234,Croydon 041,1000
E02000235,Croydon 042,970
E02000236,Croydon 043,1070
E02000237,Croydon 044,1309
E02000238,Ealing 001,814
E02000239,Ealing 002,1030
E02000240,Ealing 003,720
E02000241,Ealing 004,694
E02000242,Ealing 005,701
E02000243,Ealing 006,836
E02000244,Ealing 007,782
E02000245,Ealing 008,399
E02000246,Ealing 009,557
E02000247,Ealing 010,712
E02000248,Ealing 011,745
E02000249,Ealing 012,747
E02000250,Ealing 013,949
E02000251,Ealing 014,861
E02000252,Ealing 015,682
E02000253,Ealing 016,689
E02000254,Ealing 017,892
E02000255,Ealing 018,971
E02000256,Ealing 019,854
E02000258,Ealing 021,550
E02000259,Ealing 022,701
E02000260,Ealing 023,802
E02000261,Ealing 024,780
E02000262,Ealing 025,592
E02000263,Ealing 026,997
E02000264,Ealing 027,815
E02000265,Ealing 028,829
E02000266,Ealing 029,622
E02000267,Ealing 030,736
E02000268,Ealing 031,944
E02000269,Ealing 032,1014
E02000270,Ealing 033,387
E02000271,Ealing 034,869
E02000272,Ealing 035,970
E02000275,Ealing 038,526
E02000276,Ealing 039,645
E02000277,Enfield 001,727
E02000278,Enfield 002,636
E02000279,Enfield 003,614
E02000280,Enfield 004,1037
E02000281,Enfield 005,756
E02000282,Enfield 006,475
E02000283,Enfield 007,701
E02000284,Enfield 008,1064
E02000285,Enfield 009,1084
E02000286,Enfield 010,1408
E02000287,Enfield 011,1075
E02000288,Enfield 012,736
E02000289,Enfield 013,1065
E02000290,Enfield 014,334
E02000291,Enfield 015,992
E02000292,Enfield 016,1031
E02000293,Enfield 017,1122
E02000294,Enfield 018,807
E02000295,Enfield 019,1114
E02000296,Enfield 020,1042
E02000297,Enfield 021,1535
E02000298,Enfield 022,1158
E02000299,Enfield 023,704
E02000300,Enfield 024,729
E02000301,Enfield 025,612
E02000302,Enfield 026,1064
E02000303,Enfield 027,502
E02000304,Enfield 028,1202
E02000305,Enfield 029,948
E02000306,Enfield 030,282
E02000307,Enfield 031,1042
E02000308,Enfield 032,802
E02000309,Enfield 033,755
E02000311,Enfield 035,1024
E02000312,Enfield 036,1148
E02000313,Greenwich 001,221
E02000314,Greenwich 002,348
E02000315,Greenwich 003,439
E02000317,Greenwich 005,257
E02000318,Greenwich 006,549
E02000319,Greenwich 007,509
E02000320,Greenwich 008,565
E02000321,Greenwich 009,286
E02000323,Greenwich 011,439
E02000324,Greenwich 012,362
E02000326,Greenwich 014,584
E02000327,Greenwich 015,151
E02000328,Greenwich 016,603
E02000329,Greenwich 017,644
E02000331,Greenwich 019,478
E02000332,Greenwich 020,852
E02000333,Greenwich 021,707
E02000334,Greenwich 022,587
E02000335,Greenwich 023,914
E02000337,Greenwich 025,531
E02000339,Greenwich 027,836
E02000340,Greenwich 028,986
E02000341,Greenwich 029,464
E02000342,Greenwich 030,481
E02000343,Greenwich 031,701
E02000344,Greenwich 032,853
E02000345,Hackney 001,381
E02000346,Hackney 002,230
E02000347,Hackney 003,299
E02000348,Hackney 004,254
E02000350,Hackney 006,516
E02000351,Hackney 007,445
E02000352,Hackney 008,390
E02000353,Hackney 009,564
E02000354,Hackney 010,317
E02000355,Hackney 011,591
E02000356,Hackney 012,480
E02000357,Hackney 013,173
E02000358,Hackney 014,465
E02000359,Hackney 015,402
E02000360,Hackney 016,300
E02000361,Hackney 017,306
E02000362,Hackney 018,201
E02000363,Hackney 019,254
E02000364,Hackney 020,558
E02000366,Hackney 022,340
E02000367,Hackney 023,373
E02000368,Hackney 024,276
E02000369,Hackney 025,344
E02000370,Hackney 026,303
E02000372,Hammersmith and Fulham 001,436
E02000373,Hammersmith and Fulham 002,180
E02000374,Hammersmith and Fulham 003,416
E02000375,Hammersmith and Fulham 004,390
E02000376,Hammersmith and Fulham 005,307
E02000377,Hammersmith and Fulham 006,441
E02000378,Hammersmith and Fulham 007,406
E02000379,Hammersmith and Fulham 008,632
E02000380,Hammersmith and Fulham 009,499
E02000381,Hammersmith and Fulham 010,591
E02000382,Hammersmith and Fulham 011,531
E02000383,Hammersmith and Fulham 012,688
E02000384,Hammersmith and Fulham 013,396
E02000385,Hammersmith and Fulham 014,408
E02000386,Hammersmith and Fulham 015,293
E02000387,Hammersmith and Fulham 016,299
E02000388,Hammersmith and Fulham 017,543
E02000389,Hammersmith and Fulham 018,837
E02000390,Hammersmith and Fulham 019,456
E02000391,Hammersmith and Fulham 020,688
E02000392,Hammersmith and Fulham 021,664
E02000393,Hammersmith and Fulham 022,554
E02000394,Hammersmith and Fulham 023,583
E02000395,Hammersmith and Fulham 024,738
E02000396,Hammersmith and Fulham 025,506
E02000397,Haringey 001,495
E02000398,Haringey 002,296
E02000400,Haringey 004,635
E02000401,Haringey 005,341
E02000402,Haringey 006,260
E02000403,Haringey 007,492
E02000404,Haringey 008,468
E02000405,Haringey 009,816
E02000406,Haringey 010,374
E02000407,Haringey 011,353
E02000408,Haringey 012,348
E02000409,Haringey 013,343
E02000410,Haringey 014,681
E02000411,Haringey 015,502
E02000412,Haringey 016,357
E02000413,Haringey 017,789
E02000414,Haringey 018,499
E02000415,Haringey 019,550
E02000416,Haringey 020,461
E02000417,Haringey 021,851
E02000418,Haringey 022,733
E02000419,Haringey 023,575
E02000420,Haringey 024,424
E02000421,Haringey 025,286
E02000422,Haringey 026,420
E02000423,Haringey 027,480
E02000424,Haringey 028,511
E02000425,Haringey 029,367
E02000426,Haringey 030,819
E02000427,Haringey 031,515
E02000428,Haringey 032,303
E02000429,Haringey 033,833
E02000430,Haringey 034,629
E02000431,Haringey 035,670
E02000432,Haringey 036,416
E02000433,Harrow 001,1251
E02000434,Harrow 002,1180
E02000435,Harrow 003,870
E02000436,Harrow 004,934
E02000437,Harrow 005,1039
E02000438,Harrow 006,894
E02000439,Harrow 007,847
E02000440,Harrow 008,1183
E02000441,Harrow 009,888
E02000442,Harrow 010,840
E02000443,Harrow 011,751
E02000444,Harrow 012,946
E02000445,Harrow 013,874
E02000447,Harrow 015,873
E02000448,Harrow 016,1081
E02000449,Harrow 017,771
E02000451,Harrow 019,949
E02000452,Harrow 020,655
E02000453,Harrow 021,820
E02000454,Harrow 022,1014
E02000455,Harrow 023,761
E02000456,Harrow 024,820
E02000457,Harrow 025,827
E02000459,Harrow 027,701
E02000460,Harrow 028,431
E02000461,Harrow 029,632
E02000462,Harrow 030,652
E02000463,Harrow 031,740
E02000464,Havering 001,756
E02000465,Havering 002,679
E02000466,Havering 003,1037
E02000467,Havering 004,573
E02000468,Havering 005,1121
E02000469,Havering 006,615
E02000470,Havering 007,1438
E02000471,Havering 008,1507
E02000472,Havering 009,1356
E02000473,Havering 010,1439
E02000474,Havering 011,1038
E02000475,Havering 012,1433
E02000476,Havering 013,758
E02000477,Havering 014,1615
E02000478,Havering 015,1111
E02000479,Havering 016,907
E02000480,Havering 017,1110
E02000481,Havering 018,1484
E02000482,Havering 019,1308
E02000483,Havering 020,1272
E02000484,Havering 021,1363
E02000485,Havering 022,1315
E02000486,Havering 023,1299
E02000487,Havering 024,1603
E02000488,Havering 025,1497
E02000489,Havering 026,1138
E02000490,Havering 027,1216
E02000491,Havering 028,1018
E02000492,Havering 029,1244
E02000493,Havering 030,668
E02000494,Hillingdon 001,1161
E02000495,Hillingdon 002,1238
E02000496,Hillingdon 003,1049
E02000497,Hillingdon 004,1172
E02000498,Hillingdon 005,943
E02000499,Hillingdon 006,1338
E02000500,Hillingdon 007,1322
E02000501,Hillingdon 008,1211
E02000502,Hillingdon 009,1114
E02000503,Hillingdon 010,1184
E02000504,Hillingdon 011,1287
E02000506,Hillingdon 013,1287
E02000507,Hillingdon 014,866
E02000508,Hillingdon 015,772
E02000509,Hillingdon 016,661
E02000510,Hillingdon 017,1011
E02000511,Hillingdon 018,990
E02000512,Hillingdon 019,607
E02000513,Hillingdon 020,535
E02000514,Hillingdon 021,856
E02000515,Hillingdon 022,887
E02000516,Hillingdon 023,657
E02000517,Hillingdon 024,588
E02000518,Hillingdon 025,649
E02000519,Hillingdon 026,508
E02000520,Hillingdon 027,720
E02000521,Hillingdon 028,658
E02000522,Hillingdon 029,745
E02000523,Hillingdon 030,746
E02000524,Hillingdon 031,601
E02000525,Hillingdon 032,609
E02000526,Hounslow 001,978
E02000529,Hounslow 004,643
E02000530,Hounslow 005,355
E02000531,Hounslow 006,950
E02000532,Hounslow 007,1079
E02000533,Hounslow 008,925
E02000534,Hounslow 009,833
E02000535,Hounslow 010,909
E02000536,Hounslow 011,839
E02000537,Hounslow 012,909
E02000538,Hounslow 013,669
E02000539,Hounslow 014,815
E02000540,Hounslow 015,767
E02000541,Hounslow 016,682
E02000542,Hounslow 017,635
E02000543,Hounslow 018,759
E02000544,Hounslow 019,1007
E02000545,Hounslow 020,648
E02000546,Hounslow 021,727
E02000547,Hounslow 022,844
E02000548,Hounslow 023,549
E02000549,Hounslow 024,1033
E02000550,Hounslow 025,494
E02000551,Hounslow 026,500
E02000552,Hounslow 027,738
E02000553,Hounslow 028,691
E02000554,Islington 001,385
E02000555,Islington 002,589
E02000556,Islington 003,555
E02000557,Islington 004,388
E02000558,Islington 005,257
E02000559,Islington 006,635
E02000560,Islington 007,400
E02000561,Islington 008,691
E02000562,Islington 009,503
E02000563,Islington 010,337
E02000564,Islington 011,493
E02000565,Islington 012,317
E02000566,Islington 013,666
E02000567,Islington 014,551
E02000568,Islington 015,325
E02000569,Islington 016,536
E02000570,Islington 017,738
E02000571,Islington 018,419
E02000572,Islington 019,209
E02000573,Islington 020,798
E02000574,Islington 021,445
E02000575,Islington 022,559
E02000576,Islington 023,354
E02000577,Kensington and Chelsea 001,156
E02000578,Kensington and Chelsea 002,140
E02000579,Kensington and Chelsea 003,583
E02000580,Kensington and Chelsea 004,349
E02000581,Kensington and Chelsea 005,199
E02000582,Kensington and Chelsea 006,763
E02000583,Kensington and Chelsea 007,786
E02000584,Kensington and Chelsea 008,1015
E02000585,Kensington and Chelsea 009,844
E02000586,Kensington and Chelsea 010,843
E02000587,Kensington and Chelsea 011,871
E02000588,Kensington and Chelsea 012,728
E02000589,Kensington and Chelsea 013,665
E02000590,Kensington and Chelsea 014,576
E02000591,Kensington and Chelsea 015,456
E02000592,Kensington and Chelsea 016,723
E02000593,Kensington and Chelsea 017,640
E02000594,Kensington and Chelsea 018,805
E02000595,Kensington and Chelsea 019,914
E02000596,Kensington and Chelsea 020,790
E02000597,Kensington and Chelsea 021,456
E02000598,Kingston upon Thames 001,1137
E02000599,Kingston upon Thames 002,996
E02000600,Kingston upon Thames 003,798
E02000601,Kingston upon Thames 004,1129
E02000602,Kingston upon Thames 005,660
E02000603,Kingston upon Thames 006,648
E02000604,Kingston upon Thames 007,1011
E02000605,Kingston upon Thames 008,1103
E02000606,Kingston upon Thames 009,1018
E02000607,Kingston upon Thames 010,750
E02000608,Kingston upon Thames 011,599
E02000609,Kingston upon Thames 012,980
E02000610,Kingston upon Thames 013,661
E02000611,Kingston upon Thames 014,1200
E02000612,Kingston upon Thames 015,1277
E02000613,Kingston upon Thames 016,798
E02000614,Kingston upon Thames 017,863
E02000615,Kingston upon Thames 018,1053
E02000616,Kingston upon Thames 019,843
E02000617,Kingston upon Thames 020,994
E02000619,Lambeth 002,418
E02000620,Lambeth 003,506
E02000621,Lambeth 004,655
E02000622,Lambeth 005,388
E02000623,Lambeth 006,303
E02000624,Lambeth 007,339
E02000625,Lambeth 008,216
E02000626,Lambeth 009,170
E02000627,Lambeth 010,375
E02000628,Lambeth 011,249
E02000629,Lambeth 012,480
E02000630,Lambeth 013,545
E02000631,Lambeth 014,549
E02000632,Lambeth 015,453
E02000633,Lambeth 016,366
E02000634,Lambeth 017,276
E02000635,Lambeth 018,485
E02000636,Lambeth 019,583
E02000637,Lambeth 020,566
E02000638,Lambeth 021,378
E02000639,Lambeth 022,267
E02000640,Lambeth 023,598
E02000641,Lambeth 024,238
E02000642,Lambeth 025,634
E02000643,Lambeth 026,492
E02000644,Lambeth 027,582
E02000645,Lambeth 028,614
E02000646,Lambeth 029,703
E02000647,Lambeth 030,727
E02000648,Lambeth 031,331
E02000649,Lambeth 032,596
E02000650,Lambeth 033,372
E02000651,Lambeth 034,643
E02000652,Lambeth 035,677
E02000653,Lewisham 001,300
E02000654,Lewisham 002,195
E02000655,Lewisham 003,323
E02000657,Lewisham 005,405
E02000658,Lewisham 006,442
E02000659,Lewisham 007,541
E02000660,Lewisham 008,436
E02000661,Lewisham 009,612
E02000662,Lewisham 010,342
E02000663,Lewisham 011,586
E02000665,Lewisham 013,632
E02000666,Lewisham 014,542
E02000667,Lewisham 015,614
E02000668,Lewisham 016,692
E02000669,Lewisham 017,501
E02000670,Lewisham 018,437
E02000671,Lewisham 019,644
E02000672,Lewisham 020,536
E02000673,Lewisham 021,707
E02000674,Lewisham 022,758
E02000675,Lewisham 023,880
E02000676,Lewisham 024,582
E02000677,Lewisham 025,708
E02000678,Lewisham 026,463
E02000679,Lewisham 027,617
E02000680,Lewisham 028,459
E02000681,Lewisham 029,577
E02000682,Lewisham 030,618
E02000683,Lewisham 031,423
E02000685,Lewisham 033,541
E02000686,Lewisham 034,309
E02000687,Lewisham 035,638
E02000689,Merton 001,884
E02000690,Merton 002,1021
E02000691,Merton 003,700
E02000692,Merton 004,1006
E02000693,Merton 005,698
E02000694,Merton 006,720
E02000695,Merton 007,916
E02000696,Merton 008,512
E02000697,Merton 009,807
E02000698,Merton 010,1150
E02000699,Merton 011,896
E02000700,Merton 012,520
E02000701,Merton 013,719
E02000702,Merton 014,630
E02000703,Merton 015,1181
E02000704,Merton 016,779
E02000705,Merton 017,932
E02000706,Merton 018,488
E02000707,Merton 019,584
E02000708,Merton 020,1047
E02000709,Merton 021,1196
E02000710,Merton 022,840
E02000711,Merton 023,647
E02000712,Merton 024,757
E02000713,Merton 025,1069
E02000714,Newham 001,411
E02000715,Newham 002,312
E02000716,Newham 003,378
E02000717,Newham 004,397
E02000718,Newham 005,306
E02000719,Newham 006,347
E02000720,Newham 007,527
E02000721,Newham 008,531
E02000722,Newham 009,347
E02000723,Newham 010,785
E02000724,Newham 011,595
E02000725,Newham 012,318
E02000727,Newham 014,495
E02000728,Newham 015,470
E02000729,Newham 016,439
E02000730,Newham 017,633
E02000731,Newham 018,546
E02000732,Newham 019,293
E02000733,Newham 020,398
E02000734,Newham 021,251
E02000735,Newham 022,384
E02000736,Newham 023,331
E02000737,Newham 024,532
E02000738,Newham 025,504
E02000739,Newham 026,308
E02000740,Newham 027,212
E02000741,Newham 028,453
E02000742,Newham 029,374
E02000743,Newham 030,280
E02000744,Newham 031,334
E02000745,Newham 032,323
E02000746,Newham 033,171
E02000747,Newham 034,310
E02000748,Newham 035,282
E02000749,Newham 036,219
E02000751,Redbridge 001,1834
E02000752,Redbridge 002,617
E02000753,Redbridge 003,596
E02000754,Redbridge 004,777
E02000755,Redbridge 005,650
E02000756,Redbridge 006,1485
E02000757,Redbridge 007,1366
E02000758,Redbridge 008,773
E02000759,Redbridge 009,1265
E02000760,Redbridge 010,710
E02000762,Redbridge 012,813
E02000763,Redbridge 013,684
E02000764,Redbridge 014,1616
E02000765,Redbridge 015,682
E02000767,Redbridge 017,719
E02000768,Redbridge 018,846
E02000770,Redbridge 020,647
E02000772,Redbridge 022,558
E02000773,Redbridge 023,726
E02000774,Redbridge 024,622
E02000776,Redbridge 026,597
E02000777,Redbridge 027,818
E02000779,Redbridge 029,470
E02000781,Redbridge 031,1250
E02000782,Redbridge 032,504
E02000783,Redbridge 033,333
E02000784,Richmond upon Thames 001,1325
E02000785,Richmond upon Thames 002,1418
E02000786,Richmond upon Thames 003,1214
E02000787,Richmond upon Thames 004,1118
E02000788,Richmond upon Thames 005,1121
E02000789,Richmond upon Thames 006,763
E02000790,Richmond upon Thames 007,743
E02000791,Richmond upon Thames 008,867
E02000792,Richmond upon Thames 009,894
E02000793,Richmond upon Thames 010,1102
E02000794,Richmond upon Thames 011,874
E02000795,Richmond upon Thames 012,1033
E02000796,Richmond upon Thames 013,1278
E02000797,Richmond upon Thames 014,865
E02000798,Richmond upon Thames 015,1260
E02000799,Richmond upon Thames 016,888
E02000800,Richmond upon Thames 017,642
E02000801,Richmond upon Thames 018,971
E02000802,Richmond upon Thames 019,981
E02000803,Richmond upon Thames 020,1258
E02000804,Richmond upon Thames 021,1007
E02000805,Richmond upon Thames 022,1413
E02000806,Richmond upon Thames 023,1500
E02000807,Southwark 001,552
E02000808,Southwark 002,437
E02000810,Southwark 004,381
E02000812,Southwark 006,314
E02000813,Southwark 007,333
E02000814,Southwark 008,565
E02000815,Southwark 009,208
E02000816,Southwark 010,315
E02000817,Southwark 011,155
E02000818,Southwark 012,280
E02000819,Southwark 013,207
E02000820,Southwark 014,352
E02000821,Southwark 015,156
E02000822,Southwark 016,129
E02000823,Southwark 017,322
E02000824,Southwark 018,203
E02000825,Southwark 019,138
E02000826,Southwark 020,267
E02000827,Southwark 021,293
E02000828,Southwark 022,230
E02000829,Southwark 023,426
E02000830,Southwark 024,603
E02000831,Southwark 025,590
E02000832,Southwark 026,419
E02000833,Southwark 027,360
E02000834,Southwark 028,663
E02000835,Southwark 029,539
E02000836,Southwark 030,723
E02000837,Southwark 031,1086
E02000838,Southwark 032,698
E02000839,Southwark 033,839
E02000840,Sutton 001,435
E02000841,Sutton 002,500
E02000842,Sutton 003,1144
E02000843,Sutton 004,790
E02000844,Sutton 005,760
E02000845,Sutton 006,1031
E02000846,Sutton 007,966
E02000847,Sutton 008,1441
E02000848,Sutton 009,1121
E02000849,Sutton 010,906
E02000850,Sutton 011,1344
E02000851,Sutton 012,804
E02000852,Sutton 013,987
E02000853,Sutton 014,865
E02000854,Sutton 015,1022
E02000855,Sutton 016,1323
E02000856,Sutton 017,1122
E02000857,Sutton 018,938
E02000858,Sutton 019,415
E02000859,Sutton 020,1281
E02000860,Sutton 021,659
E02000861,Sutton 022,1305
E02000863,Sutton 024,926
E02000864,Tower Hamlets 001,321
E02000865,Tower Hamlets 002,179
E02000866,Tower Hamlets 003,550
E02000867,Tower Hamlets 004,328
E02000868,Tower Hamlets 005,250
E02000869,Tower Hamlets 006,302
E02000870,Tower Hamlets 007,220
E02000871,Tower Hamlets 008,238
E02000872,Tower Hamlets 009,229
E02000873,Tower Hamlets 010,224
E02000874,Tower Hamlets 011,149
E02000875,Tower Hamlets 012,271
E02000876,Tower Hamlets 013,209
E02000877,Tower Hamlets 014,282
E02000878,Tower Hamlets 015,355
E02000879,Tower Hamlets 016,280
E02000880,Tower Hamlets 017,186
E02000881,Tower Hamlets 018,251
E02000882,Tower Hamlets 019,170
E02000883,Tower Hamlets 020,153
E02000884,Tower Hamlets 021,339
E02000885,Tower Hamlets 022,145
E02000886,Tower Hamlets 023,315
E02000887,Tower Hamlets 024,260
E02000888,Tower Hamlets 025,302
E02000889,Tower Hamlets 026,368
E02000890,Tower Hamlets 027,482
E02000893,Tower Hamlets 030,283
E02000894,Tower Hamlets 031,442
E02000895,Waltham Forest 001,1096
E02000896,Waltham Forest 002,1380
E02000897,Waltham Forest 003,883
E02000898,Waltham Forest 004,957
E02000899,Waltham Forest 005,1071
E02000900,Waltham Forest 006,833
E02000901,Waltham Forest 007,1102
E02000902,Waltham Forest 008,731
E02000903,Waltham Forest 009,499
E02000904,Waltham Forest 010,683
E02000905,Waltham Forest 011,675
E02000906,Waltham Forest 012,627
E02000907,Waltham Forest 013,443
E02000908,Waltham Forest 014,626
E02000909,Waltham Forest 015,695
E02000910,Waltham Forest 016,848
E02000911,Waltham Forest 017,710
E02000912,Waltham Forest 018,652
E02000913,Waltham Forest 019,884
E02000914,Waltham Forest 020,537
E02000915,Waltham Forest 021,677
E02000916,Waltham Forest 022,639
E02000917,Waltham Forest 023,563
E02000918,Waltham Forest 024,586
E02000919,Waltham Forest 025,655
E02000920,Waltham Forest 026,579
E02000921,Waltham Forest 027,475
E02000922,Waltham Forest 028,711
E02000923,Wandsworth 001,925
E02000925,Wandsworth 003,461
E02000926,Wandsworth 004,794
E02000927,Wandsworth 005,399
E02000928,Wandsworth 006,967
E02000929,Wandsworth 007,283
E02000930,Wandsworth 008,748
E02000931,Wandsworth 009,691
E02000932,Wandsworth 010,997
E02000933,Wandsworth 011,1069
E02000934,Wandsworth 012,572
E02000935,Wandsworth 013,291
E02000936,Wandsworth 014,866
E02000937,Wandsworth 015,680
E02000938,Wandsworth 016,835
E02000939,Wandsworth 017,833
E02000940,Wandsworth 018,446
E02000941,Wandsworth 019,763
E02000942,Wandsworth 020,1026
E02000943,Wandsworth 021,698
E02000944,Wandsworth 022,360
E02000945,Wandsworth 023,367
E02000946,Wandsworth 024,458
E02000947,Wandsworth 025,775
E02000948,Wandsworth 026,758
E02000949,Wandsworth 027,995
E02000950,Wandsworth 028,665
E02000951,Wandsworth 029,518
E02000952,Wandsworth 030,439
E02000953,Wandsworth 031,448
E02000954,Wandsworth 032,580
E02000955,Wandsworth 033,529
E02000956,Wandsworth 034,363
E02000957,Wandsworth 035,699
E02000958,Wandsworth 036,811
E02000959,Wandsworth 037,451
E02000960,Westminster 001,707
E02000961,Westminster 002,762
E02000962,Westminster 003,698
E02000963,Westminster 004,397
E02000964,Westminster 005,423
E02000965,Westminster 006,537
E02000966,Westminster 007,887
E02000967,Westminster 008,716
E02000968,Westminster 009,472
E02000969,Westminster 010,302
E02000970,Westminster 011,731
E02000971,Westminster 012,628
E02000972,Westminster 013,507
E02000973,Westminster 014,870
E02000974,Westminster 015,728
E02000975,Westminster 016,641
E02000976,Westminster 017,707
E02000977,Westminster 018,561
E02000978,Westminster 019,957
E02000979,Westminster 020,676
E02000980,Westminster 021,665
E02000981,Westminster 022,694
E02000982,Westminster 023,467
E02000983,Westminster 024,484
E02003237,Peterborough 001,1250
E02003238,Peterborough 002,738
E02003239,Peterborough 003,1588
E02003240,Peterborough 004,871
E02003241,Peterborough 005,1009
E02003242,Peterborough 006,1531
E02003243,Peterborough 007,660
E02003244,Peterborough 008,789
E02003245,Peterborough 009,489
E02003246,Peterborough 010,641
E02003247,Peterborough 011,886
E02003248,Peterborough 012,980
E02003249,Peterborough 013,1092
E02003250,Peterborough 014,830
E02003251,Peterborough 015,1464
E02003252,Peterborough 016,904
E02003253,Peterborough 017,959
E02003254,Peterborough 018,1751
E02003255,Peterborough 019,1534
E02003257,Peterborough 021,640
E02003258,Luton 001,1495
E02003259,Luton 002,878
E02003260,Luton 003,568
E02003261,Luton 004,1049
E02003262,Luton 005,990
E02003263,Luton 006,1408
E02003264,Luton 007,1248
E02003265,Luton 008,1359
E02003266,Luton 009,720
E02003267,Luton 010,912
E02003268,Luton 011,939
E02003269,Luton 012,1366
E02003270,Luton 013,1118
E02003271,Luton 014,1304
E02003272,Luton 015,780
E02003273,Luton 016,1061
E02003274,Luton 017,588
E02003276,Luton 019,490
E02003277,Luton 020,778
E02003278,Luton 021,693
E02003279,Southend-on-Sea 001,1987
E02003280,Southend-on-Sea 002,1676
E02003281,Southend-on-Sea 003,1909
E02003282,Southend-on-Sea 004,1563
E02003283,Southend-on-Sea 005,1473
E02003284,Southend-on-Sea 006,1315
E02003285,Southend-on-Sea 007,1025
E02003286,Southend-on-Sea 008,1613
E02003287,Southend-on-Sea 009,1609
E02003288,Southend-on-Sea 010,860
E02003289,Southend-on-Sea 011,1451
E02003290,Southend-on-Sea 012,1341
E02003291,Southend-on-Sea 013,1482
E02003292,Southend-on-Sea 014,786
E02003293,Southend-on-Sea 015,1141
E02003294,Southend-on-Sea 016,2003
E02003295,Southend-on-Sea 017,1488
E02003296,Thurrock 001,1324
E02003297,Thurrock 002,1053
E02003298,Thurrock 003,1070
E02003299,Thurrock 004,1024
E02003300,Thurrock 005,1153
E02003301,Thurrock 006,1047
E02003302,Thurrock 007,710
E02003303,Thurrock 008,839
E02003304,Thurrock 009,1084
E02003305,Thurrock 010,1055
E02003307,Thurrock 012,1028
E02003308,Thurrock 013,823
E02003309,Thurrock 014,1057
E02003311,Thurrock 016,755
E02003312,Thurrock 017,408
E02003313,Thurrock 018,803
E02003314,Medway 001,1281
E02003315,Medway 002,914
E02003316,Medway 003,1528
E02003317,Medway 004,893
E02003318,Medway 005,1099
E02003319,Medway 006,789
E02003320,Medway 007,713
E02003321,Medway 008,683
E02003322,Medway 009,537
E02003323,Medway 010,634
E02003324,Medway 011,954
E02003325,Medway 012,503
E02003326,Medway 013,825
E02003327,Medway 014,664
E02003328,Medway 015,589
E02003329,Medway 016,610
E02003330,Medway 017,775
E02003331,Medway 018,1132
E02003332,Medway 019,820
E02003333,Medway 020,475
E02003334,Medway 021,633
E02003335,Medway 022,465
E02003336,Medway 023,1260
E02003337,Medway 024,888
E02003338,Medway 025,972
E02003339,Medway 026,971
E02003340,Medway 027,880
E02003341,Medway 028,1031
E02003342,Medway 029,1135
E02003343,Medway 030,1317
E02003344,Medway 031,740
E02003345,Medway 032,941
E02003346,Medway 033,1107
E02003347,Medway 034,658
E02003348,Medway 035,1634
E02003349,Medway 036,1297
E02003350,Medway 037,915
E02003351,Medway 038,1129
E02003352,Bracknell Forest 001,1320
E02003353,Bracknell Forest 002,1412
E02003354,Bracknell Forest 003,1234
E02003355,Bracknell Forest 004,562
E02003356,Bracknell Forest 005,1093
E02003357,Bracknell Forest 006,825
E02003358,Bracknell Forest 007,879
E02003359,Bracknell Forest 008,568
E02003360,Bracknell Forest 009,1087
E02003361,Bracknell Forest 010,782
E02003362,Bracknell Forest 011,817
E02003363,Bracknell Forest 012,1108
E02003364,Bracknell Forest 013,853
E02003365,Bracknell Forest 014,1006
E02003366,Bracknell Forest 015,940
E02003367,West Berkshire 001,841
E02003368,West Berkshire 002,871
E02003369,West Berkshire 003,1095
E02003370,West Berkshire 004,1243
E02003371,West Berkshire 005,1201
E02003372,West Berkshire 006,1316
E02003373,West Berkshire 007,1094
E02003374,West Berkshire 008,807
E02003375,West Berkshire 009,713
E02003376,West Berkshire 010,978
E02003377,West Berkshire 011,1632
E02003378,West Berkshire 012,1214
E02003379,West Berkshire 013,740
E02003380,West Berkshire 014,1186
E02003381,West Berkshire 015,839
E02003382,West Berkshire 016,874
E02003383,West Berkshire 017,989
E02003384,West Berkshire 018,1064
E02003385,West Berkshire 019,1067
E02003386,West Berkshire 020,963
E02003387,West Berkshire 021,1559
E02003388,West Berkshire 022,926
E02003389,Reading 001,1392
E02003390,Reading 002,1359
E02003391,Reading 003,1317
E02003392,Reading 004,856
E02003393,Reading 005,1378
E02003394,Reading 006,585
E02003395,Reading 007,648
E02003396,Reading 008,847
E02003397,Reading 009,961
E02003398,Reading 010,546
E02003400,Reading 012,647
E02003401,Reading 013,839
E02003402,Reading 014,609
E02003403,Reading 015,1039
E02003404,Reading 016,558
E02003405,Reading 017,570
E02003406,Reading 018,732
E02003407,Slough 001,556
E02003408,Slough 002,866
E02003409,Slough 003,864
E02003410,Slough 004,743
E02003411,Slough 005,732
E02003412,Slough 006,916
E02003414,Slough 008,774
E02003415,Slough 009,584
E02003416,Slough 010,820
E02003417,Slough 011,791
E02003418,Slough 012,678
E02003419,Slough 013,612
E02003420,Slough 014,420
E02003421,Windsor and Maidenhead 001,948
E02003422,Windsor and Maidenhead 002,2046
E02003423,Windsor and Maidenhead 003,650
E02003424,Windsor and Maidenhead 004,1412
E02003425,Windsor and Maidenhead 005,1141
E02003426,Windsor and Maidenhead 006,1427
E02003427,Windsor and Maidenhead 007,810
E02003428,Windsor and Maidenhead 008,1329
E02003429,Windsor and Maidenhead 009,1236
E02003430,Windsor and Maidenhead 010,673
E02003431,Windsor and Maidenhead 011,821
E02003432,Windsor and Maidenhead 012,811
E02003433,Windsor and Maidenhead 013,1056
E02003434,Windsor and Maidenhead 014,997
E02003435,Windsor and Maidenhead 015,961
E02003436,Windsor and Maidenhead 016,1327
E02003437,Windsor and Maidenhead 017,1016
E02003438,Windsor and Maidenhead 018,1733
E02003439,Wokingham 001,993
E02003440,Wokingham 002,1471
E02003441,Wokingham 003,1409
E02003442,Wokingham 004,1123
E02003443,Wokingham 005,892
E02003444,Wokingham 006,1283
E02003445,Wokingham 007,1463
E02003446,Wokingham 008,1418
E02003447,Wokingham 009,1146
E02003448,Wokingham 010,1147
E02003449,Wokingham 011,1007
E02003450,Wokingham 012,1382
E02003451,Wokingham 013,1412
E02003452,Wokingham 014,1164
E02003453,Wokingham 015,1175
E02003454,Wokingham 016,1315
E02003455,Wokingham 017,1142
E02003456,Wokingham 018,836
E02003457,Wokingham 019,1733
E02003458,Wokingham 020,1442
E02003459,Milton Keynes 001,1605
E02003460,Milton Keynes 002,1674
E02003461,Milton Keynes 003,1258
E02003462,Milton Keynes 004,1200
E02003463,Milton Keynes 005,916
E02003464,Milton Keynes 006,580
E02003465,Milton Keynes 007,927
E02003466,Milton Keynes 008,714
E02003467,Milton Keynes 009,557
E02003468,Milton Keynes 010,1267
E02003469,Milton Keynes 011,902
E02003470,Milton Keynes 012,293
E02003471,Milton Keynes 013,586
E02003472,Milton Keynes 014,395
E02003473,Milton Keynes 015,636
E02003474,Milton Keynes 016,890
E02003476,Milton Keynes 018,375
E02003478,Milton Keynes 020,634
E02003479,Milton Keynes 021,383
E02003480,Milton Keynes 022,672
E02003481,Milton Keynes 023,479
E02003482,Milton Keynes 024,1141
E02003483,Milton Keynes 025,676
E02003484,Milton Keynes 026,645
E02003485,Milton Keynes 027,1014
E02003486,Milton Keynes 028,729
E02003487,Milton Keynes 029,1047
E02003488,Milton Keynes 030,1032
E02003489,Milton Keynes 031,1074
E02003490,Milton Keynes 032,533
E02003491,Brighton and Hove 001,1174
E02003492,Brighton and Hove 002,441
E02003493,Brighton and Hove 003,1374
E02003494,Brighton and Hove 004,1099
E02003495,Brighton and Hove 005,983
E02003496,Brighton and Hove 006,1033
E02003497,Brighton and Hove 007,1191
E02003498,Brighton and Hove 008,549
E02003499,Brighton and Hove 009,517
E02003500,Brighton and Hove 010,959
E02003501,Brighton and Hove 011,1164
E02003502,Brighton and Hove 012,869
E02003503,Brighton and Hove 013,1109
E02003504,Brighton and Hove 014,875
E02003505,Brighton and Hove 015,619
E02003506,Brighton and Hove 016,681
E02003507,Brighton and Hove 017,1567
E02003508,Brighton and Hove 018,832
E02003509,Brighton and Hove 019,739
E02003510,Brighton and Hove 020,1090
E02003511,Brighton and Hove 021,963
E02003512,Brighton and Hove 022,730
E02003513,Brighton and Hove 023,817
E02003514,Brighton and Hove 024,709
E02003515,Brighton and Hove 025,454
E02003516,Brighton and Hove 026,721
E02003517,Brighton and Hove 027,839
E02003518,Brighton and Hove 028,1003
E02003519,Brighton and Hove 029,658
E02003520,Brighton and Hove 030,646
E02003521,Brighton and Hove 031,820
E02003522,Brighton and Hove 032,948
E02003523,Brighton and Hove 033,2272
E02003524,Portsmouth 001,653
E02003525,Portsmouth 002,504
E02003526,Portsmouth 003,1443
E02003527,Portsmouth 004,842
E02003529,Portsmouth 006,1143
E02003530,Portsmouth 007,856
E02003531,Portsmouth 008,1352
E02003532,Portsmouth 009,886
E02003533,Portsmouth 010,579
E02003534,Portsmouth 011,1024
E02003535,Portsmouth 012,853
E02003536,Portsmouth 013,324
E02003537,Portsmouth 014,1389
E02003538,Portsmouth 015,783
E02003540,Portsmouth 017,1358
E02003541,Portsmouth 018,498
E02003542,Portsmouth 019,869
E02003543,Portsmouth 020,663
E02003544,Portsmouth 021,700
E02003545,Portsmouth 022,645
E02003546,Portsmouth 023,1228
E02003547,Portsmouth 024,1259
E02003548,Portsmouth 025,730
E02003549,Southampton 001,870
E02003550,Southampton 002,977
E02003551,Southampton 003,483
E02003552,Southampton 004,499
E02003553,Southampton 005,375
E02003554,Southampton 006,865
E02003555,Southampton 007,810
E02003556,Southampton 008,876
E02003557,Southampton 009,811
E02003558,Southampton 010,508
E02003559,Southampton 011,1175
E02003560,Southampton 012,516
E02003561,Southampton 013,558
E02003562,Southampton 014,984
E02003563,Southampton 015,839
E02003564,Southampton 016,1039
E02003565,Southampton 017,300
E02003566,Southampton 018,774
E02003567,Southampton 019,774
E02003568,Southampton 020,696
E02003569,Southampton 021,664
E02003570,Southampton 022,367
E02003571,Southampton 023,342
E02003572,Southampton 024,868
E02003573,Southampton 025,839
E02003574,Southampton 026,1215
E02003575,Southampton 027,486
E02003576,Southampton 028,729
E02003578,Southampton 030,883
E02003579,Southampton 031,989
E02003580,Southampton 032,432
E02003581,Isle of Wight 001,1191
E02003582,Isle of Wight 002,1850
E02003583,Isle of Wight 003,1405
E02003584,Isle of Wight 004,939
E02003585,Isle of Wight 005,1713
E02003586,Isle of Wight 006,1492
E02003587,Isle of Wight 007,1316
E02003588,Isle of Wight 008,1169
E02003589,Isle of Wight 009,940
E02003590,Isle of Wight 010,2194
E02003591,Isle of Wight 011,1694
E02003592,Isle of Wight 012,2595
E02003593,Isle of Wight 013,1365
E02003594,Isle of Wight 014,1776
E02003595,Isle of Wight 015,2164
E02003596,Isle of Wight 016,1836
E02003597,Isle of Wight 017,1353
E02003598,Isle of Wight 018,1743
E02003599,Central Bedfordshire 001,674
E02003600,Central Bedfordshire 002,930
E02003601,Central Bedfordshire 003,1297
E02003602,Central Bedfordshire 004,1069
E02003603,Central Bedfordshire 005,1466
E02003604,Central Bedfordshire 006,1271
E02003605,Central Bedfordshire 007,1247
E02003606,Central Bedfordshire 008,1470
E02003607,Central Bedfordshire 009,1284
E02003608,Central Bedfordshire 010,1683
E02003609,Central Bedfordshire 011,1483
E02003610,Central Bedfordshire 012,1355
E02003611,Central Bedfordshire 013,1544
E02003612,Central Bedfordshire 014,1612
E02003613,Central Bedfordshire 015,795
E02003614,Central Bedfordshire 016,1239
E02003615,Central Bedfordshire 017,1691
E02003616,Bedford 001,1097
E02003617,Bedford 002,1713
E02003618,Bedford 003,1520
E02003619,Bedford 004,1835
E02003620,Bedford 005,1568
E02003621,Bedford 006,1670
E02003622,Bedford 007,1105
E02003623,Bedford 008,1776
E02003624,Bedford 009,710
E02003625,Bedford 010,813
E02003626,Bedford 011,910
E02003627,Bedford 012,965
E02003628,Bedford 013,737
E02003629,Bedford 014,895
E02003630,Bedford 015,756
E02003631,Bedford 016,729
E02003632,Bedford 017,822
E02003633,Bedford 018,1141
E02003635,Bedford 020,1033
E02003636,Central Bedfordshire 018,1220
E02003637,Central Bedfordshire 019,1700
E02003638,Central Bedfordshire 020,1345
E02003639,Central Bedfordshire 021,1127
E02003640,Central Bedfordshire 022,992
E02003641,Central Bedfordshire 023,949
E02003642,Central Bedfordshire 025,698
E02003643,Central Bedfordshire 024,1318
E02003644,Central Bedfordshire 026,1060
E02003645,Central Bedfordshire 027,1134
E02003646,Central Bedfordshire 028,1199
E02003647,Central Bedfordshire 029,1169
E02003648,Central Bedfordshire 030,646
E02003649,Central Bedfordshire 031,1226
E02003650,Central Bedfordshire 032,1411
E02003651,Central Bedfordshire 033,1313
E02003652,Buckinghamshire 001,1439
E02003653,Buckinghamshire 002,1003
E02003654,Buckinghamshire 003,1023
E02003655,Buckinghamshire 004,1548
E02003656,Buckinghamshire 005,1155
E02003657,Buckinghamshire 006,1114
E02003658,Buckinghamshire 007,1395
E02003659,Buckinghamshire 009,1173
E02003660,Buckinghamshire 008,1754
E02003661,Buckinghamshire 010,925
E02003662,Buckinghamshire 012,688
E02003663,Buckinghamshire 011,650
E02003664,Buckinghamshire 013,686
E02003665,Buckinghamshire 014,760
E02003666,Buckinghamshire 015,731
E02003667,Buckinghamshire 016,925
E02003668,Buckinghamshire 018,1671
E02003669,Buckinghamshire 017,437
E02003670,Buckinghamshire 019,1213
E02003671,Buckinghamshire 020,618
E02003672,Buckinghamshire 021,1973
E02003673,Buckinghamshire 022,1687
E02003674,Buckinghamshire 023,975
E02003675,Buckinghamshire 024,1271
E02003676,Buckinghamshire 029,1600
E02003677,Buckinghamshire 027,1211
E02003678,Buckinghamshire 028,897
E02003679,Buckinghamshire 030,824
E02003680,Buckinghamshire 031,1815
E02003681,Buckinghamshire 032,1668
E02003682,Buckinghamshire 034,1157
E02003683,Buckinghamshire 035,996
E02003685,Buckinghamshire 047,1424
E02003686,Buckinghamshire 050,1347
E02003687,Buckinghamshire 054,881
E02003688,Buckinghamshire 053,1793
E02003689,Buckinghamshire 058,1355
E02003690,Buckinghamshire 059,1127
E02003691,Buckinghamshire 063,1100
E02003692,Buckinghamshire 064,1405
E02003693,Buckinghamshire 065,1264
E02003694,Buckinghamshire 066,1058
E02003695,Buckinghamshire 067,1311
E02003696,Buckinghamshire 026,1676
E02003697,Buckinghamshire 025,1095
E02003698,Buckinghamshire 033,1623
E02003699,Buckinghamshire 037,930
E02003701,Buckinghamshire 038,1496
E02003702,Buckinghamshire 040,1321
E02003703,Buckinghamshire 041,930
E02003704,Buckinghamshire 045,1004
E02003705,Buckinghamshire 042,574
E02003706,Buckinghamshire 043,623
E02003707,Buckinghamshire 044,586
E02003708,Buckinghamshire 046,657
E02003709,Buckinghamshire 048,467
E02003710,Buckinghamshire 049,1039
E02003711,Buckinghamshire 051,861
E02003712,Buckinghamshire 052,1089
E02003713,Buckinghamshire 055,1155
E02003714,Buckinghamshire 056,934
E02003715,Buckinghamshire 057,1241
E02003716,Buckinghamshire 060,1047
E02003717,Buckinghamshire 062,1552
E02003718,Buckinghamshire 061,838
E02003719,Cambridge 001,750
E02003720,Cambridge 002,1040
E02003721,Cambridge 003,845
E02003722,Cambridge 004,1238
E02003723,Cambridge 005,795
E02003724,Cambridge 006,865
E02003725,Cambridge 007,1036
E02003726,Cambridge 008,819
E02003727,Cambridge 009,870
E02003728,Cambridge 010,998
E02003729,Cambridge 011,1104
E02003731,Cambridge 013,1242
E02003732,East Cambridgeshire 001,1171
E02003733,East Cambridgeshire 002,1431
E02003734,East Cambridgeshire 003,1742
E02003735,East Cambridgeshire 004,1297
E02003736,East Cambridgeshire 005,1855
E02003737,East Cambridgeshire 006,1660
E02003738,East Cambridgeshire 007,1036
E02003739,East Cambridgeshire 008,1171
E02003740,East Cambridgeshire 009,1028
E02003742,Fenland 001,1502
E02003743,Fenland 002,1230
E02003744,Fenland 003,1933
E02003745,Fenland 004,1920
E02003746,Fenland 005,1255
E02003747,Fenland 006,2008
E02003748,Fenland 007,1274
E02003749,Fenland 008,1087
E02003750,Fenland 009,1437
E02003751,Fenland 010,1340
E02003752,Fenland 011,1646
E02003753,Huntingdonshire 001,1651
E02003754,Huntingdonshire 002,1004
E02003755,Huntingdonshire 003,1333
E02003756,Huntingdonshire 004,1151
E02003757,Huntingdonshire 005,1165
E02003758,Huntingdonshire 006,1514
E02003759,Huntingdonshire 007,1177
E02003760,Huntingdonshire 008,588
E02003761,Huntingdonshire 009,1072
E02003762,Huntingdonshire 010,1608
E02003763,Huntingdonshire 011,1570
E02003764,Huntingdonshire 012,1108
E02003765,Huntingdonshire 013,1209
E02003766,Huntingdonshire 014,1029
E02003767,Huntingdonshire 015,1186
E02003768,Huntingdonshire 016,1957
E02003769,Huntingdonshire 017,1289
E02003770,Huntingdonshire 018,1421
E02003771,Huntingdonshire 019,1032
E02003772,Huntingdonshire 020,1335
E02003773,Huntingdonshire 021,1402
E02003774,Huntingdonshire 022,821
E02003775,South Cambridgeshire 001,1205
E02003776,South Cambridgeshire 002,1168
E02003777,South Cambridgeshire 003,1176
E02003778,South Cambridgeshire 004,889
E02003780,South Cambridgeshire 006,1562
E02003781,South Cambridgeshire 007,1026
E02003784,South Cambridgeshire 010,1545
E02003785,South Cambridgeshire 011,1401
E02003786,South Cambridgeshire 012,1210
E02003787,South Cambridgeshire 013,1401
E02003788,South Cambridgeshire 014,1267
E02003789,South Cambridgeshire 015,1146
E02003790,South Cambridgeshire 016,1640
E02003791,South Cambridgeshire 017,1249
E02003792,South Cambridgeshire 018,1673
E02003793,South Cambridgeshire 019,1092
E02004356,Eastbourne 001,883
E02004357,Eastbourne 002,852
E02004358,Eastbourne 003,1382
E02004359,Eastbourne 004,1333
E02004361,Eastbourne 006,1424
E02004362,Eastbourne 007,1164
E02004363,Eastbourne 008,1058
E02004364,Eastbourne 009,1490
E02004365,Eastbourne 010,534
E02004366,Eastbourne 011,1311
E02004367,Eastbourne 012,1959
E02004368,Hastings 001,1235
E02004369,Hastings 002,2270
E02004370,Hastings 003,597
E02004371,Hastings 004,978
E02004372,Hastings 005,587
E02004373,Hastings 006,1232
E02004374,Hastings 007,1238
E02004375,Hastings 008,1154
E02004376,Hastings 009,829
E02004377,Hastings 010,1678
E02004378,Hastings 011,848
E02004379,Lewes 001,1265
E02004380,Lewes 002,1838
E02004381,Lewes 003,1567
E02004382,Lewes 004,1137
E02004383,Lewes 005,1313
E02004384,Lewes 006,1300
E02004385,Lewes 007,1474
E02004386,Lewes 008,1189
E02004387,Lewes 009,579
E02004388,Lewes 010,1240
E02004389,Lewes 011,2441
E02004390,Lewes 012,1838
E02004391,Lewes 013,1345
E02004392,Rother 001,1630
E02004393,Rother 002,1469
E02004394,Rother 003,1563
E02004395,Rother 004,1658
E02004396,Rother 005,2295
E02004397,Rother 006,1553
E02004398,Rother 007,1090
E02004399,Rother 008,1913
E02004400,Rother 009,3165
E02004401,Rother 010,2301
E02004402,Rother 011,1758
E02004403,Wealden 001,1183
E02004404,Wealden 002,1165
E02004405,Wealden 003,1201
E02004406,Wealden 004,1561
E02004407,Wealden 005,1589
E02004408,Wealden 006,1157
E02004409,Wealden 007,1083
E02004410,Wealden 008,1606
E02004411,Wealden 009,1488
E02004412,Wealden 010,1510
E02004413,Wealden 011,1420
E02004414,Wealden 012,997
E02004415,Wealden 013,1257
E02004416,Wealden 014,1423
E02004417,Wealden 015,1263
E02004418,Wealden 016,1012
E02004419,Wealden 017,913
E02004420,Wealden 018,2771
E02004421,Wealden 019,1814
E02004422,Wealden 020,2119
E02004423,Wealden 021,1978
E02004424,Basildon 001,1326
E02004425,Basildon 002,1209
E02004426,Basildon 003,1266
E02004427,Basildon 004,1677
E02004428,Basildon 005,1050
E02004429,Basildon 006,1573
E02004430,Basildon 007,1353
E02004431,Basildon 008,1183
E02004432,Basildon 009,1233
E02004433,Basildon 010,978
E02004434,Basildon 011,893
E02004435,Basildon 012,857
E02004436,Basildon 013,490
E02004437,Basildon 014,1123
E02004438,Basildon 015,740
E02004439,Basildon 016,584
E02004440,Basildon 017,927
E02004441,Basildon 018,841
E02004442,Basildon 019,492
E02004443,Basildon 020,1077
E02004444,Basildon 021,1291
E02004445,Basildon 022,870
E02004446,Braintree 001,1206
E02004447,Braintree 002,1228
E02004448,Braintree 003,1178
E02004449,Braintree 004,1122
E02004450,Braintree 005,1146
E02004451,Braintree 006,1639
E02004452,Braintree 007,1539
E02004453,Braintree 008,788
E02004454,Braintree 009,1182
E02004455,Braintree 010,1335
E02004456,Braintree 011,1104
E02004457,Braintree 012,1218
E02004458,Braintree 013,1357
E02004459,Braintree 014,1731
E02004460,Braintree 015,1366
E02004461,Braintree 016,485
E02004462,Braintree 017,1351
E02004463,Braintree 018,1288
E02004464,Brentwood 001,1834
E02004465,Brentwood 002,1155
E02004466,Brentwood 003,1171
E02004467,Brentwood 004,949
E02004468,Brentwood 005,2012
E02004469,Brentwood 006,1144
E02004470,Brentwood 007,1325
E02004471,Brentwood 008,1079
E02004472,Brentwood 009,1128
E02004473,Castle Point 001,1344
E02004474,Castle Point 002,1580
E02004475,Castle Point 003,1251
E02004476,Castle Point 004,1554
E02004477,Castle Point 005,1460
E02004478,Castle Point 006,1132
E02004479,Castle Point 007,1503
E02004480,Castle Point 008,1038
E02004481,Castle Point 009,1814
E02004482,Castle Point 010,960
E02004483,Castle Point 011,1620
E02004484,Castle Point 012,1681
E02004485,Chelmsford 001,1204
E02004486,Chelmsford 002,1500
E02004487,Chelmsford 003,1045
E02004488,Chelmsford 004,1461
E02004489,Chelmsford 005,1254
E02004490,Chelmsford 006,616
E02004491,Chelmsford 007,1251
E02004492,Chelmsford 008,1136
E02004493,Chelmsford 009,1067
E02004495,Chelmsford 011,1624
E02004496,Chelmsford 012,1209
E02004497,Chelmsford 013,1614
E02004498,Chelmsford 014,1245
E02004499,Chelmsford 015,1235
E02004500,Chelmsford 016,1722
E02004501,Chelmsford 017,1285
E02004502,Chelmsford 018,1461
E02004503,Chelmsford 019,1393
E02004504,Chelmsford 020,1189
E02004505,Chelmsford 021,1340
E02004506,Colchester 001,1314
E02004507,Colchester 002,1012
E02004508,Colchester 003,1241
E02004512,Colchester 007,1305
E02004513,Colchester 008,645
E02004514,Colchester 009,1036
E02004515,Colchester 010,1366
E02004516,Colchester 011,938
E02004517,Colchester 012,1465
E02004518,Colchester 013,973
E02004519,Colchester 014,1580
E02004520,Colchester 015,645
E02004521,Colchester 016,1205
E02004522,Colchester 017,1579
E02004523,Colchester 018,1049
E02004524,Colchester 019,1593
E02004525,Colchester 020,1676
E02004526,Colchester 021,1898
E02004527,Epping Forest 001,1432
E02004528,Epping Forest 002,1584
E02004529,Epping Forest 003,1180
E02004530,Epping Forest 004,1132
E02004531,Epping Forest 005,1014
E02004532,Epping Forest 006,982
E02004533,Epping Forest 007,897
E02004534,Epping Forest 008,1021
E02004535,Epping Forest 009,1116
E02004536,Epping Forest 010,1126
E02004537,Epping Forest 011,829
E02004538,Epping Forest 012,1414
E02004539,Epping Forest 013,980
E02004540,Epping Forest 014,921
E02004541,Epping Forest 015,1727
E02004542,Epping Forest 016,1011
E02004543,Epping Forest 017,816
E02004544,Harlow 001,1061
E02004545,Harlow 002,625
E02004546,Harlow 003,675
E02004547,Harlow 004,701
E02004548,Harlow 005,997
E02004549,Harlow 006,772
E02004550,Harlow 007,734
E02004551,Harlow 008,739
E02004552,Harlow 009,907
E02004553,Harlow 010,699
E02004554,Harlow 011,814
E02004555,Maldon 001,1272
E02004556,Maldon 002,1564
E02004557,Maldon 003,1383
E02004558,Maldon 004,1274
E02004559,Maldon 005,1532
E02004560,Maldon 006,1514
E02004561,Maldon 007,2010
E02004562,Maldon 008,1670
E02004563,Rochford 001,1699
E02004564,Rochford 002,1612
E02004566,Rochford 004,613
E02004567,Rochford 005,1611
E02004568,Rochford 006,1202
E02004569,Rochford 007,1346
E02004570,Rochford 008,1561
E02004571,Rochford 009,1681
E02004572,Rochford 010,1250
E02004573,Tendring 001,906
E02004574,Tendring 002,1133
E02004575,Tendring 003,2221
E02004576,Tendring 004,1975
E02004577,Tendring 005,1036
E02004578,Tendring 006,1859
E02004579,Tendring 007,1878
E02004580,Tendring 008,3440
E02004581,Tendring 009,1798
E02004582,Tendring 010,1887
E02004583,Tendring 011,1885
E02004584,Tendring 012,2199
E02004585,Tendring 013,1781
E02004586,Tendring 014,1731
E02004587,Tendring 015,1232
E02004588,Tendring 016,876
E02004589,Tendring 017,1480
E02004590,Tendring 018,2193
E02004591,Uttlesford 001,1274
E02004592,Uttlesford 002,1996
E02004593,Uttlesford 003,1472
E02004594,Uttlesford 004,1221
E02004595,Uttlesford 005,2051
E02004596,Uttlesford 006,1195
E02004597,Uttlesford 007,1234
E02004598,Uttlesford 008,1600
E02004599,Uttlesford 009,1134
E02004675,Basingstoke and Deane 001,1265
E02004676,Basingstoke and Deane 002,1501
E02004677,Basingstoke and Deane 003,1143
E02004678,Basingstoke and Deane 004,1311
E02004679,Basingstoke and Deane 005,1323
E02004680,Basingstoke and Deane 006,927
E02004681,Basingstoke and Deane 007,883
E02004682,Basingstoke and Deane 008,968
E02004683,Basingstoke and Deane 009,670
E02004684,Basingstoke and Deane 010,957
E02004685,Basingstoke and Deane 011,795
E02004686,Basingstoke and Deane 012,907
E02004687,Basingstoke and Deane 013,643
E02004688,Basingstoke and Deane 014,818
E02004689,Basingstoke and Deane 015,1144
E02004690,Basingstoke and Deane 016,1146
E02004691,Basingstoke and Deane 017,1467
E02004692,Basingstoke and Deane 018,1687
E02004693,Basingstoke and Deane 019,719
E02004694,Basingstoke and Deane 020,1154
E02004695,Basingstoke and Deane 021,917
E02004696,Basingstoke and Deane 022,1130
E02004697,East Hampshire 001,1075
E02004698,East Hampshire 002,708
E02004699,East Hampshire 003,2079
E02004700,East Hampshire 004,475
E02004702,East Hampshire 006,1117
E02004703,East Hampshire 007,2241
E02004704,East Hampshire 008,1054
E02004705,East Hampshire 009,1586
E02004706,East Hampshire 010,1321
E02004707,East Hampshire 011,2120
E02004708,East Hampshire 012,1530
E02004709,East Hampshire 013,1586
E02004710,East Hampshire 014,1155
E02004712,Eastleigh 001,1687
E02004713,Eastleigh 002,1459
E02004714,Eastleigh 003,1562
E02004715,Eastleigh 004,1232
E02004716,Eastleigh 005,1336
E02004717,Eastleigh 006,970
E02004718,Eastleigh 007,883
E02004719,Eastleigh 008,1818
E02004720,Eastleigh 009,2075
E02004721,Eastleigh 010,1091
E02004722,Eastleigh 011,1188
E02004723,Eastleigh 012,1825
E02004724,Eastleigh 013,1093
E02004725,Eastleigh 014,795
E02004726,Eastleigh 015,998
E02004727,Fareham 001,1286
E02004728,Fareham 002,1339
E02004729,Fareham 003,1131
E02004730,Fareham 004,1813
E02004731,Fareham 005,1510
E02004732,Fareham 006,1677
E02004733,Fareham 007,1362
E02004734,Fareham 008,1812
E02004735,Fareham 009,1723
E02004736,Fareham 010,1817
E02004737,Fareham 011,935
E02004738,Fareham 012,1452
E02004739,Fareham 013,1597
E02004740,Fareham 014,1697
E02004741,Gosport 001,1180
E02004742,Gosport 002,1062
E02004743,Gosport 003,1182
E02004744,Gosport 004,622
E02004745,Gosport 005,949
E02004746,Gosport 006,2167
E02004747,Gosport 007,975
E02004748,Gosport 008,1105
E02004749,Gosport 009,1642
E02004750,Gosport 010,1428
E02004751,Hart 001,1466
E02004752,Hart 002,1430
E02004753,Hart 003,1699
E02004754,Hart 004,1148
E02004755,Hart 005,1455
E02004756,Hart 006,1300
E02004757,Hart 007,1652
E02004758,Hart 008,1337
E02004759,Hart 009,1402
E02004760,Hart 010,1176
E02004761,Hart 011,892
E02004764,Havant 003,1832
E02004765,Havant 004,1197
E02004766,Havant 005,840
E02004767,Havant 006,505
E02004768,Havant 007,669
E02004769,Havant 008,441
E02004770,Havant 009,602
E02004771,Havant 010,805
E02004772,Havant 011,1664
E02004774,Havant 013,2330
E02004775,Havant 014,1907
E02004776,Havant 015,1476
E02004777,Havant 016,1284
E02004778,Havant 017,1592
E02004779,New Forest 001,2243
E02004780,New Forest 002,943
E02004781,New Forest 003,1230
E02004782,New Forest 004,1289
E02004783,New Forest 005,1154
E02004784,New Forest 006,1269
E02004785,New Forest 007,1228
E02004786,New Forest 008,1268
E02004787,New Forest 009,1824
E02004788,New Forest 010,1432
E02004789,New Forest 011,1776
E02004790,New Forest 012,1351
E02004791,New Forest 013,712
E02004792,New Forest 014,1866
E02004793,New Forest 015,1713
E02004794,New Forest 016,1451
E02004795,New Forest 017,1955
E02004796,New Forest 018,2562
E02004797,New Forest 019,1367
E02004798,New Forest 020,945
E02004799,New Forest 021,1790
E02004800,New Forest 022,2411
E02004801,New Forest 023,2369
E02004802,Rushmoor 001,684
E02004803,Rushmoor 002,444
E02004804,Rushmoor 003,1066
E02004805,Rushmoor 004,1280
E02004806,Rushmoor 005,1059
E02004807,Rushmoor 006,1215
E02004808,Rushmoor 007,960
E02004809,Rushmoor 008,228
E02004810,Rushmoor 009,679
E02004811,Rushmoor 010,938
E02004812,Rushmoor 011,857
E02004813,Rushmoor 012,569
E02004814,Test Valley 001,1139
E02004815,Test Valley 002,502
E02004817,Test Valley 004,988
E02004818,Test Valley 005,1631
E02004819,Test Valley 006,1297
E02004820,Test Valley 007,1078
E02004821,Test Valley 008,1005
E02004822,Test Valley 009,1394
E02004823,Test Valley 010,1841
E02004824,Test Valley 011,1389
E02004825,Test Valley 012,2113
E02004826,Test Valley 013,1513
E02004827,Test Valley 014,1121
E02004828,Test Valley 015,1275
E02004829,Winchester 001,838
E02004830,Winchester 002,1081
E02004831,Winchester 003,1670
E02004832,Winchester 004,1671
E02004833,Winchester 005,1238
E02004834,Winchester 006,664
E02004835,Winchester 007,1340
E02004836,Winchester 008,373
E02004837,Winchester 009,1395
E02004838,Winchester 010,1689
E02004839,Winchester 011,1623
E02004840,Winchester 012,1884
E02004841,Winchester 013,1532
E02004842,Winchester 014,1651
E02004843,Broxbourne 001,1204
E02004844,Broxbourne 002,886
E02004845,Broxbourne 003,1067
E02004846,Broxbourne 004,1135
E02004847,Broxbourne 005,1133
E02004848,Broxbourne 006,1059
E02004849,Broxbourne 007,1069
E02004850,Broxbourne 008,1034
E02004851,Broxbourne 009,840
E02004852,Broxbourne 010,1128
E02004853,Broxbourne 011,810
E02004854,Broxbourne 012,1116
E02004855,Broxbourne 013,697
E02004856,Dacorum 001,809
E02004857,Dacorum 002,994
E02004858,Dacorum 003,693
E02004859,Dacorum 004,1014
E02004860,Dacorum 005,584
E02004861,Dacorum 006,1115
E02004862,Dacorum 007,730
E02004863,Dacorum 008,526
E02004864,Dacorum 009,1226
E02004865,Dacorum 010,655
E02004866,Dacorum 011,687
E02004867,Dacorum 012,851
E02004868,Dacorum 013,641
E02004869,Dacorum 014,816
E02004870,Dacorum 015,1052
E02004871,Dacorum 016,623
E02004872,Dacorum 017,1168
E02004873,Dacorum 018,1434
E02004874,Dacorum 019,696
E02004875,Dacorum 020,926
E02004876,Dacorum 021,1512
E02004877,Dacorum 022,848
E02004878,East Hertfordshire 001,1366
E02004880,East Hertfordshire 003,1448
E02004881,East Hertfordshire 004,988
E02004882,East Hertfordshire 005,1040
E02004883,East Hertfordshire 006,961
E02004884,East Hertfordshire 007,1138
E02004885,East Hertfordshire 008,1310
E02004886,East Hertfordshire 009,894
E02004887,East Hertfordshire 010,1209
E02004888,East Hertfordshire 011,1503
E02004889,East Hertfordshire 012,1530
E02004890,East Hertfordshire 013,1283
E02004891,East Hertfordshire 014,1243
E02004892,East Hertfordshire 015,651
E02004893,East Hertfordshire 016,624
E02004894,East Hertfordshire 017,1302
E02004895,East Hertfordshire 018,1330
E02004896,Hertsmere 001,1549
E02004897,Hertsmere 002,1051
E02004898,Hertsmere 003,1019
E02004899,Hertsmere 004,638
E02004900,Hertsmere 005,1279
E02004901,Hertsmere 006,647
E02004902,Hertsmere 007,686
E02004903,Hertsmere 008,786
E02004904,Hertsmere 009,633
E02004905,Hertsmere 010,811
E02004906,Hertsmere 011,962
E02004907,Hertsmere 012,1469
E02004908,Hertsmere 013,1698
E02004909,North Hertfordshire 001,725
E02004910,North Hertfordshire 002,2017
E02004911,North Hertfordshire 003,793
E02004912,North Hertfordshire 004,1620
E02004914,North Hertfordshire 006,912
E02004915,North Hertfordshire 007,620
E02004916,North Hertfordshire 008,1290
E02004917,North Hertfordshire 009,942
E02004918,North Hertfordshire 010,925
E02004919,North Hertfordshire 011,959
E02004920,North Hertfordshire 012,1775
E02004921,North Hertfordshire 013,1273
E02004922,North Hertfordshire 014,1428
E02004923,North Hertfordshire 015,1714
E02004924,St Albans 001,1072
E02004925,St Albans 002,950
E02004926,St Albans 003,1342
E02004927,St Albans 004,1109
E02004928,St Albans 005,1229
E02004929,St Albans 006,1048
E02004930,St Albans 007,1030
E02004931,St Albans 008,998
E02004932,St Albans 009,794
E02004933,St Albans 010,1016
E02004934,St Albans 011,806
E02004935,St Albans 012,851
E02004936,St Albans 013,782
E02004937,St Albans 014,1378
E02004939,St Albans 016,892
E02004940,St Albans 017,748
E02004941,St Albans 018,1154
E02004942,St Albans 019,1065
E02004943,St Albans 020,1546
E02004944,Stevenage 001,619
E02004945,Stevenage 002,1382
E02004946,Stevenage 003,672
E02004948,Stevenage 005,673
E02004949,Stevenage 006,945
E02004950,Stevenage 007,727
E02004951,Stevenage 008,686
E02004952,Stevenage 009,763
E02004953,Stevenage 010,552
E02004954,Stevenage 011,690
E02004955,Stevenage 012,812
E02004956,Three Rivers 001,1429
E02004957,Three Rivers 002,1216
E02004958,Three Rivers 003,1273
E02004959,Three Rivers 004,1034
E02004960,Three Rivers 005,921
E02004961,Three Rivers 006,1535
E02004962,Three Rivers 007,1157
E02004963,Three Rivers 008,769
E02004964,Three Rivers 009,645
E02004965,Three Rivers 010,1161
E02004966,Three Rivers 011,1145
E02004967,Three Rivers 012,521
E02004968,Watford 001,752
E02004969,Watford 002,925
E02004970,Watford 003,814
E02004971,Watford 004,690
E02004972,Watford 005,878
E02004973,Watford 006,606
E02004974,Watford 007,1038
E02004975,Watford 008,1093
E02004976,Watford 009,707
E02004977,Watford 010,647
E02004978,Watford 011,544
E02004979,Watford 012,885
E02004980,Welwyn Hatfield 001,1128
E02004981,Welwyn Hatfield 002,1073
E02004982,Welwyn Hatfield 003,870
E02004983,Welwyn Hatfield 004,700
E02004984,Welwyn Hatfield 005,842
E02004985,Welwyn Hatfield 006,1165
E02004986,Welwyn Hatfield 007,409
E02004987,Welwyn Hatfield 008,714
E02004988,Welwyn Hatfield 009,594
E02004989,Welwyn Hatfield 010,746
E02004990,Welwyn Hatfield 011,710
E02004991,Welwyn Hatfield 012,426
E02004992,Welwyn Hatfield 013,503
E02004994,Welwyn Hatfield 015,1050
E02004995,Welwyn Hatfield 016,1036
E02004996,Ashford 001,1251
E02004997,Ashford 002,1497
E02004998,Ashford 003,1181
E02005000,Ashford 005,947
E02005001,Ashford 006,1406
E02005002,Ashford 007,957
E02005003,Ashford 008,636
E02005004,Ashford 009,1095
E02005005,Ashford 010,1506
E02005006,Ashford 011,1216
E02005007,Ashford 012,1525
E02005008,Ashford 013,1988
E02005009,Ashford 014,1131
E02005010,Canterbury 001,1045
E02005011,Canterbury 002,1877
E02005012,Canterbury 003,1585
E02005013,Canterbury 004,1738
E02005014,Canterbury 005,2206
E02005015,Canterbury 006,1560
E02005016,Canterbury 007,1470
E02005017,Canterbury 008,1264
E02005018,Canterbury 009,1864
E02005019,Canterbury 010,975
E02005020,Canterbury 011,1226
E02005021,Canterbury 012,1303
E02005022,Canterbury 013,694
E02005023,Canterbury 014,443
E02005025,Canterbury 016,1253
E02005026,Canterbury 017,1237
E02005027,Canterbury 018,1104
E02005028,Dartford 001,543
E02005029,Dartford 002,864
E02005030,Dartford 003,1118
E02005031,Dartford 004,619
E02005032,Dartford 005,957
E02005033,Dartford 006,635
E02005034,Dartford 007,1256
E02005035,Dartford 008,1201
E02005036,Dartford 009,536
E02005037,Dartford 010,1347
E02005038,Dartford 011,1015
E02005039,Dartford 012,864
E02005040,Dartford 013,1347
E02005041,Dover 001,1321
E02005042,Dover 002,1871
E02005043,Dover 003,1586
E02005044,Dover 004,1574
E02005045,Dover 005,1380
E02005046,Dover 006,943
E02005047,Dover 007,1348
E02005048,Dover 008,1448
E02005049,Dover 009,1874
E02005050,Dover 010,1917
E02005051,Dover 011,1185
E02005052,Dover 012,911
E02005053,Dover 013,860
E02005054,Dover 014,1533
E02005055,Gravesham 001,551
E02005056,Gravesham 002,806
E02005057,Gravesham 003,1127
E02005058,Gravesham 004,686
E02005059,Gravesham 005,1444
E02005060,Gravesham 006,970
E02005061,Gravesham 007,680
E02005062,Gravesham 008,1096
E02005063,Gravesham 009,939
E02005064,Gravesham 010,1272
E02005065,Gravesham 011,695
E02005066,Gravesham 012,1647
E02005067,Gravesham 013,1106
E02005068,Maidstone 001,1060
E02005069,Maidstone 002,1366
E02005070,Maidstone 003,1973
E02005071,Maidstone 004,906
E02005072,Maidstone 005,1437
E02005073,Maidstone 006,987
E02005074,Maidstone 007,1555
E02005075,Maidstone 008,1073
E02005076,Maidstone 009,832
E02005077,Maidstone 010,1013
E02005078,Maidstone 011,1754
E02005079,Maidstone 012,1573
E02005080,Maidstone 013,955
E02005081,Maidstone 014,1396
E02005082,Maidstone 015,1523
E02005083,Maidstone 016,1345
E02005084,Maidstone 017,1230
E02005085,Maidstone 018,1152
E02005086,Maidstone 019,1063
E02005087,Sevenoaks 001,1298
E02005088,Sevenoaks 002,913
E02005089,Sevenoaks 003,1117
E02005090,Sevenoaks 004,1260
E02005091,Sevenoaks 005,1200
E02005093,Sevenoaks 007,1355
E02005094,Sevenoaks 008,1374
E02005095,Sevenoaks 009,1373
E02005096,Sevenoaks 010,1173
E02005097,Sevenoaks 011,1474
E02005098,Sevenoaks 012,1473
E02005099,Sevenoaks 013,1259
E02005100,Sevenoaks 014,1378
E02005101,Sevenoaks 015,1124
E02005102,Folkestone and Hythe 001,1475
E02005103,Folkestone and Hythe 002,1306
E02005104,Folkestone and Hythe 003,1064
E02005105,Folkestone and Hythe 004,751
E02005106,Folkestone and Hythe 005,1154
E02005107,Folkestone and Hythe 006,2269
E02005109,Folkestone and Hythe 008,1740
E02005110,Folkestone and Hythe 009,1577
E02005111,Folkestone and Hythe 010,1609
E02005112,Folkestone and Hythe 011,1593
E02005113,Folkestone and Hythe 012,1624
E02005114,Folkestone and Hythe 013,1288
E02005115,Swale 001,578
E02005116,Swale 002,516
E02005117,Swale 003,1350
E02005118,Swale 004,1352
E02005119,Swale 005,991
E02005120,Swale 006,1456
E02005121,Swale 007,1333
E02005122,Swale 008,1296
E02005123,Swale 009,1469
E02005124,Swale 010,894
E02005125,Swale 011,999
E02005126,Swale 012,1431
E02005127,Swale 013,1512
E02005128,Swale 014,1427
E02005129,Swale 015,1798
E02005130,Swale 016,1333
E02005131,Swale 017,1053
E02005132,Thanet 001,808
E02005133,Thanet 002,2026
E02005134,Thanet 003,653
E02005135,Thanet 004,893
E02005136,Thanet 005,1310
E02005137,Thanet 006,852
E02005138,Thanet 007,1501
E02005139,Thanet 008,2551
E02005140,Thanet 009,1801
E02005141,Thanet 010,1465
E02005142,Thanet 011,1507
E02005143,Thanet 012,1319
E02005144,Thanet 013,826
E02005145,Thanet 014,1476
E02005146,Thanet 015,906
E02005147,Thanet 016,1072
E02005148,Thanet 017,1767
E02005149,Tonbridge and Malling 001,1624
E02005150,Tonbridge and Malling 002,1391
E02005151,Tonbridge and Malling 003,1867
E02005153,Tonbridge and Malling 005,1267
E02005154,Tonbridge and Malling 006,1868
E02005155,Tonbridge and Malling 007,1427
E02005156,Tonbridge and Malling 008,1213
E02005157,Tonbridge and Malling 009,1033
E02005158,Tonbridge and Malling 010,1179
E02005159,Tonbridge and Malling 011,1328
E02005160,Tonbridge and Malling 012,1403
E02005161,Tonbridge and Malling 013,992
E02005162,Tunbridge Wells 001,1651
E02005163,Tunbridge Wells 002,1059
E02005164,Tunbridge Wells 003,1005
E02005165,Tunbridge Wells 004,1299
E02005166,Tunbridge Wells 005,603
E02005167,Tunbridge Wells 006,1318
E02005168,Tunbridge Wells 007,1104
E02005169,Tunbridge Wells 008,880
E02005170,Tunbridge Wells 009,1351
E02005171,Tunbridge Wells 010,690
E02005172,Tunbridge Wells 011,1307
E02005173,Tunbridge Wells 012,1456
E02005174,Tunbridge Wells 013,1201
E02005175,Tunbridge Wells 014,1400
E02005503,Breckland 001,1430
E02005504,Breckland 002,1905
E02005505,Breckland 003,1261
E02005506,Breckland 004,1388
E02005507,Breckland 005,1904
E02005508,Breckland 006,1461
E02005509,Breckland 007,1720
E02005510,Breckland 008,1602
E02005511,Breckland 009,1749
E02005512,Breckland 010,1492
E02005513,Breckland 011,1677
E02005514,Breckland 012,1359
E02005515,Breckland 013,1155
E02005516,Breckland 014,1344
E02005517,Breckland 015,402
E02005518,Breckland 016,1442
E02005519,Breckland 017,835
E02005520,Broadland 001,1874
E02005521,Broadland 002,1710
E02005522,Broadland 003,1052
E02005523,Broadland 004,1469
E02005524,Broadland 005,1196
E02005525,Broadland 006,1869
E02005526,Broadland 007,969
E02005527,Broadland 008,1717
E02005528,Broadland 009,1772
E02005529,Broadland 010,1402
E02005530,Broadland 011,1187
E02005531,Broadland 012,1026
E02005532,Broadland 013,1936
E02005533,Broadland 014,1782
E02005534,Broadland 015,1669
E02005535,Broadland 016,1234
E02005536,Broadland 017,1325
E02005537,Broadland 018,1259
E02005538,Great Yarmouth 001,2391
E02005539,Great Yarmouth 002,1735
E02005540,Great Yarmouth 003,2215
E02005541,Great Yarmouth 004,891
E02005542,Great Yarmouth 005,667
E02005543,Great Yarmouth 006,694
E02005544,Great Yarmouth 007,726
E02005545,Great Yarmouth 008,1471
E02005546,Great Yarmouth 009,1065
E02005547,Great Yarmouth 010,1540
E02005548,Great Yarmouth 011,844
E02005549,Great Yarmouth 012,1303
E02005550,Great Yarmouth 013,1437
E02005551,King's Lynn and West Norfolk 001,1466
E02005552,King's Lynn and West Norfolk 002,1477
E02005553,King's Lynn and West Norfolk 003,2446
E02005554,King's Lynn and West Norfolk 004,1618
E02005555,King's Lynn and West Norfolk 005,1552
E02005556,King's Lynn and West Norfolk 006,1378
E02005557,King's Lynn and West Norfolk 007,443
E02005558,King's Lynn and West Norfolk 008,1473
E02005559,King's Lynn and West Norfolk 009,961
E02005560,King's Lynn and West Norfolk 010,821
E02005561,King's Lynn and West Norfolk 011,1098
E02005562,King's Lynn and West Norfolk 012,1504
E02005563,King's Lynn and West Norfolk 013,1542
E02005564,King's Lynn and West Norfolk 014,1726
E02005565,King's Lynn and West Norfolk 015,1324
E02005566,King's Lynn and West Norfolk 016,1984
E02005567,King's Lynn and West Norfolk 017,2275
E02005568,King's Lynn and West Norfolk 018,1535
E02005569,King's Lynn and West Norfolk 019,1430
E02005570,North Norfolk 001,1885
E02005571,North Norfolk 002,1368
E02005572,North Norfolk 003,1762
E02005573,North Norfolk 004,1599
E02005574,North Norfolk 005,1827
E02005575,North Norfolk 006,1657
E02005576,North Norfolk 007,1699
E02005577,North Norfolk 008,1254
E02005578,North Norfolk 009,1034
E02005580,North Norfolk 011,1628
E02005581,North Norfolk 012,1441
E02005582,North Norfolk 013,1477
E02005583,North Norfolk 014,2236
E02005584,Norwich 001,1059
E02005585,Norwich 002,734
E02005586,Norwich 003,1023
E02005587,Norwich 004,1214
E02005588,Norwich 005,838
E02005589,Norwich 006,928
E02005592,Norwich 009,1217
E02005593,Norwich 010,624
E02005594,Norwich 011,1421
E02005595,Norwich 012,1954
E02005596,Norwich 013,1015
E02005598,South Norfolk 002,1643
E02005599,South Norfolk 003,1215
E02005600,South Norfolk 004,1195
E02005601,South Norfolk 005,1214
E02005602,South Norfolk 006,2427
E02005603,South Norfolk 007,1739
E02005604,South Norfolk 008,1770
E02005605,South Norfolk 009,2004
E02005606,South Norfolk 010,1184
E02005607,South Norfolk 011,2096
E02005608,South Norfolk 012,1620
E02005609,South Norfolk 013,1508
E02005610,South Norfolk 014,1695
E02005611,South Norfolk 015,2043
E02005921,Cherwell 001,1141
E02005922,Cherwell 002,935
E02005923,Cherwell 003,562
E02005924,Cherwell 004,969
E02005925,Cherwell 005,763
E02005926,Cherwell 006,1599
E02005927,Cherwell 007,882
E02005928,Cherwell 008,1576
E02005929,Cherwell 009,1396
E02005930,Cherwell 010,1397
E02005931,Cherwell 011,1231
E02005932,Cherwell 012,681
E02005933,Cherwell 013,984
E02005934,Cherwell 014,1380
E02005935,Cherwell 015,900
E02005936,Cherwell 016,1587
E02005937,Cherwell 017,1306
E02005938,Cherwell 018,944
E02005939,Cherwell 019,1198
E02005940,Oxford 001,1028
E02005941,Oxford 002,976
E02005942,Oxford 003,926
E02005943,Oxford 004,971
E02005944,Oxford 005,533
E02005945,Oxford 006,1177
E02005946,Oxford 007,1049
E02005947,Oxford 008,434
E02005948,Oxford 009,631
E02005949,Oxford 010,367
E02005950,Oxford 011,768
E02005951,Oxford 012,667
E02005953,Oxford 014,558
E02005954,Oxford 015,1193
E02005955,Oxford 016,858
E02005956,Oxford 017,415
E02005957,Oxford 018,264
E02005958,South Oxfordshire 001,921
E02005959,South Oxfordshire 002,1131
E02005960,South Oxfordshire 003,1201
E02005961,South Oxfordshire 004,1291
E02005962,South Oxfordshire 005,1622
E02005963,South Oxfordshire 006,1420
E02005964,South Oxfordshire 007,1409
E02005965,South Oxfordshire 008,939
E02005966,South Oxfordshire 009,794
E02005967,South Oxfordshire 010,941
E02005968,South Oxfordshire 011,987
E02005969,South Oxfordshire 012,1517
E02005970,South Oxfordshire 013,642
E02005971,South Oxfordshire 014,916
E02005972,South Oxfordshire 015,1487
E02005973,South Oxfordshire 016,1116
E02005974,South Oxfordshire 017,1060
E02005975,South Oxfordshire 018,1534
E02005976,South Oxfordshire 019,1117
E02005977,South Oxfordshire 020,1135
E02005978,Vale of White Horse 001,1376
E02005979,Vale of White Horse 002,1604
E02005980,Vale of White Horse 003,1768
E02005981,Vale of White Horse 004,1602
E02005982,Vale of White Horse 005,997
E02005983,Vale of White Horse 006,1365
E02005984,Vale of White Horse 007,1426
E02005985,Vale of White Horse 008,1173
E02005986,Vale of White Horse 009,1375
E02005987,Vale of White Horse 010,1404
E02005988,Vale of White Horse 011,1348
E02005991,Vale of White Horse 014,1691
E02005992,Vale of White Horse 015,1771
E02005993,West Oxfordshire 001,1249
E02005994,West Oxfordshire 002,1041
E02005995,West Oxfordshire 003,1166
E02005996,West Oxfordshire 004,1514
E02005997,West Oxfordshire 005,1192
E02005998,West Oxfordshire 006,1277
E02005999,West Oxfordshire 007,1261
E02006000,West Oxfordshire 008,1767
E02006001,West Oxfordshire 009,792
E02006002,West Oxfordshire 010,1715
E02006003,West Oxfordshire 011,1003
E02006004,West Oxfordshire 012,1021
E02006005,West Oxfordshire 013,779
E02006006,West Oxfordshire 014,868
E02006007,West Oxfordshire 015,1318
E02006227,Babergh 001,1399
E02006228,Babergh 002,1211
E02006229,Babergh 003,1325
E02006230,Babergh 004,1988
E02006231,Babergh 005,1423
E02006232,Babergh 006,1251
E02006233,Babergh 007,1952
E02006234,Babergh 008,1437
E02006235,Babergh 009,1727
E02006236,Babergh 010,2236
E02006237,Babergh 011,1511
E02006238,West Suffolk 002,1660
E02006239,West Suffolk 001,899
E02006240,West Suffolk 003,1243
E02006241,West Suffolk 004,1204
E02006242,West Suffolk 007,1071
E02006243,West Suffolk 008,1027
E02006245,Ipswich 001,1119
E02006246,Ipswich 002,1414
E02006247,Ipswich 003,947
E02006248,Ipswich 004,1174
E02006249,Ipswich 005,1356
E02006250,Ipswich 006,723
E02006251,Ipswich 007,879
E02006252,Ipswich 008,1164
E02006253,Ipswich 009,1578
E02006254,Ipswich 010,753
E02006255,Ipswich 011,1056
E02006256,Ipswich 012,835
E02006257,Ipswich 013,986
E02006258,Ipswich 014,874
E02006259,Ipswich 015,992
E02006260,Ipswich 016,960
E02006261,Mid Suffolk 001,1711
E02006262,Mid Suffolk 002,1852
E02006263,Mid Suffolk 003,1667
E02006264,Mid Suffolk 004,1667
E02006265,Mid Suffolk 005,1527
E02006266,Mid Suffolk 006,1892
E02006267,Mid Suffolk 007,1656
E02006268,Mid Suffolk 008,983
E02006269,Mid Suffolk 009,1378
E02006270,Mid Suffolk 010,1721
E02006271,Mid Suffolk 011,1586
E02006272,Mid Suffolk 012,1509
E02006273,West Suffolk 005,1480
E02006274,West Suffolk 006,1011
E02006275,West Suffolk 009,701
E02006276,West Suffolk 016,1456
E02006277,West Suffolk 012,1063
E02006278,West Suffolk 011,1239
E02006279,West Suffolk 014,1747
E02006280,West Suffolk 010,1862
E02006281,West Suffolk 013,1791
E02006282,West Suffolk 017,1366
E02006283,West Suffolk 018,1173
E02006284,West Suffolk 019,976
E02006285,West Suffolk 021,792
E02006286,West Suffolk 020,1281
E02006287,East Suffolk 016,1642
E02006288,East Suffolk 017,1958
E02006289,East Suffolk 018,1997
E02006290,East Suffolk 019,1800
E02006291,East Suffolk 020,1707
E02006292,East Suffolk 021,1425
E02006293,East Suffolk 023,1761
E02006294,East Suffolk 022,1838
E02006295,East Suffolk 024,1920
E02006296,East Suffolk 025,2436
E02006297,East Suffolk 026,1848
E02006298,East Suffolk 027,1756
E02006299,East Suffolk 028,2376
E02006300,East Suffolk 029,1033
E02006301,East Suffolk 030,1110
E02006302,East Suffolk 001,1659
E02006303,East Suffolk 002,845
E02006304,East Suffolk 003,1793
E02006305,East Suffolk 004,1066
E02006306,East Suffolk 005,1419
E02006307,East Suffolk 007,1891
E02006308,East Suffolk 006,850
E02006309,East Suffolk 009,1170
E02006310,East Suffolk 008,1362
E02006311,East Suffolk 010,1613
E02006312,East Suffolk 011,1822
E02006313,East Suffolk 012,2281
E02006314,East Suffolk 013,1482
E02006315,East Suffolk 014,1462
E02006316,East Suffolk 015,1691
E02006317,Elmbridge 001,1005
E02006318,Elmbridge 002,1080
E02006319,Elmbridge 003,826
E02006320,Elmbridge 004,730
E02006321,Elmbridge 005,829
E02006322,Elmbridge 006,849
E02006323,Elmbridge 007,1098
E02006324,Elmbridge 008,900
E02006325,Elmbridge 009,1272
E02006326,Elmbridge 010,879
E02006327,Elmbridge 011,1091
E02006328,Elmbridge 012,1194
E02006329,Elmbridge 013,1024
E02006330,Elmbridge 014,1247
E02006331,Elmbridge 015,1162
E02006332,Elmbridge 016,879
E02006333,Elmbridge 017,1346
E02006334,Elmbridge 018,1396
E02006335,Epsom and Ewell 001,1352
E02006336,Epsom and Ewell 002,840
E02006337,Epsom and Ewell 003,1493
E02006338,Epsom and Ewell 004,1096
E02006339,Epsom and Ewell 005,1013
E02006341,Epsom and Ewell 007,1339
E02006342,Epsom and Ewell 008,1081
E02006343,Epsom and Ewell 009,1334
E02006344,Guildford 001,1478
E02006345,Guildford 002,977
E02006346,Guildford 003,1872
E02006347,Guildford 004,1167
E02006348,Guildford 005,1460
E02006349,Guildford 006,894
E02006350,Guildford 007,519
E02006351,Guildford 008,1109
E02006352,Guildford 009,692
E02006353,Guildford 010,825
E02006354,Guildford 011,1614
E02006355,Guildford 012,438
E02006356,Guildford 013,1116
E02006357,Guildford 014,1086
E02006358,Guildford 015,681
E02006359,Guildford 016,1020
E02006360,Guildford 017,1264
E02006361,Guildford 018,1056
E02006362,Mole Valley 001,1231
E02006363,Mole Valley 002,1046
E02006364,Mole Valley 003,728
E02006365,Mole Valley 004,1172
E02006366,Mole Valley 005,1536
E02006367,Mole Valley 006,1211
E02006368,Mole Valley 007,1163
E02006369,Mole Valley 008,1468
E02006370,Mole Valley 009,1086
E02006371,Mole Valley 010,1183
E02006372,Mole Valley 011,817
E02006373,Mole Valley 012,1227
E02006374,Mole Valley 013,1268
E02006375,Reigate and Banstead 001,1085
E02006376,Reigate and Banstead 002,1543
E02006377,Reigate and Banstead 003,1111
E02006378,Reigate and Banstead 004,1282
E02006379,Reigate and Banstead 005,593
E02006380,Reigate and Banstead 006,1431
E02006381,Reigate and Banstead 007,1264
E02006382,Reigate and Banstead 008,652
E02006383,Reigate and Banstead 009,1491
E02006384,Reigate and Banstead 010,1273
E02006385,Reigate and Banstead 011,1029
E02006386,Reigate and Banstead 012,1068
E02006387,Reigate and Banstead 013,831
E02006388,Reigate and Banstead 014,1092
E02006389,Reigate and Banstead 015,1027
E02006390,Reigate and Banstead 016,1236
E02006391,Reigate and Banstead 017,998
E02006392,Reigate and Banstead 018,1193
E02006393,Runnymede 001,739
E02006394,Runnymede 002,901
E02006395,Runnymede 003,1094
E02006396,Runnymede 004,1123
E02006397,Runnymede 005,975
E02006398,Runnymede 006,938
E02006399,Runnymede 007,1711
E02006400,Runnymede 008,926
E02006401,Runnymede 009,1408
E02006402,Runnymede 010,1616
E02006403,Spelthorne 001,585
E02006404,Spelthorne 002,579
E02006405,Spelthorne 003,1540
E02006406,Spelthorne 004,949
E02006407,Spelthorne 005,1382
E02006408,Spelthorne 006,1195
E02006409,Spelthorne 007,820
E02006410,Spelthorne 008,785
E02006411,Spelthorne 009,1316
E02006412,Spelthorne 010,1241
E02006413,Spelthorne 011,1065
E02006414,Spelthorne 012,1015
E02006415,Spelthorne 013,1504
E02006416,Surrey Heath 001,1514
E02006417,Surrey Heath 002,881
E02006418,Surrey Heath 003,1291
E02006419,Surrey Heath 004,774
E02006420,Surrey Heath 005,1289
E02006421,Surrey Heath 006,1319
E02006422,Surrey Heath 007,985
E02006423,Surrey Heath 008,1190
E02006424,Surrey Heath 009,1066
E02006425,Surrey Heath 010,874
E02006426,Surrey Heath 011,946
E02006427,Surrey Heath 012,1026
E02006429,Tandridge 002,1174
E02006430,Tandridge 003,1148
E02006431,Tandridge 004,1578
E02006432,Tandridge 005,957
E02006433,Tandridge 006,1661
E02006434,Tandridge 007,831
E02006435,Tandridge 008,893
E02006436,Tandridge 009,871
E02006437,Tandridge 010,1399
E02006438,Tandridge 011,1424
E02006439,Waverley 001,1013
E02006440,Waverley 002,1162
E02006441,Waverley 003,1183
E02006442,Waverley 004,1068
E02006443,Waverley 005,946
E02006444,Waverley 006,975
E02006445,Waverley 007,1084
E02006446,Waverley 008,1195
E02006447,Waverley 009,1049
E02006448,Waverley 010,1064
E02006449,Waverley 011,1225
E02006450,Waverley 012,1076
E02006451,Waverley 013,2122
E02006453,Waverley 015,1551
E02006454,Waverley 016,1081
E02006455,Waverley 017,798
E02006456,Woking 001,1107
E02006457,Woking 002,1581
E02006458,Woking 003,1466
E02006459,Woking 004,680
E02006460,Woking 005,1143
E02006461,Woking 006,1081
E02006462,Woking 007,1079
E02006463,Woking 008,1109
E02006464,Woking 009,941
E02006465,Woking 010,980
E02006466,Woking 011,1009
E02006467,Woking 012,1076
E02006534,Adur 001,1510
E02006535,Adur 002,1475
E02006536,Adur 003,1293
E02006537,Adur 004,1237
E02006538,Adur 005,1738
E02006539,Adur 006,1261
E02006540,Adur 007,1058
E02006541,Adur 008,1530
E02006542,Arun 001,1216
E02006543,Arun 002,1190
E02006544,Arun 003,2073
E02006545,Arun 004,1276
E02006546,Arun 005,1990
E02006547,Arun 006,1171
E02006548,Arun 007,1786
E02006549,Arun 008,1957
E02006550,Arun 009,2200
E02006551,Arun 010,2705
E02006552,Arun 011,983
E02006553,Arun 012,1550
E02006554,Arun 013,1700
E02006555,Arun 014,932
E02006556,Arun 015,2336
E02006557,Arun 016,763
E02006558,Arun 017,1381
E02006559,Arun 018,2538
E02006560,Arun 019,2435
E02006561,Chichester 001,1034
E02006562,Chichester 002,1129
E02006563,Chichester 003,1048
E02006564,Chichester 004,1510
E02006565,Chichester 005,1460
E02006566,Chichester 006,1692
E02006567,Chichester 007,1492
E02006568,Chichester 008,1488
E02006569,Chichester 009,1744
E02006570,Chichester 010,1548
E02006571,Chichester 011,1656
E02006572,Chichester 012,1533
E02006573,Chichester 013,2634
E02006574,Chichester 014,2747
E02006575,Crawley 001,701
E02006576,Crawley 002,1225
E02006577,Crawley 003,792
E02006578,Crawley 004,955
E02006579,Crawley 005,904
E02006580,Crawley 006,978
E02006581,Crawley 007,954
E02006582,Crawley 008,993
E02006583,Crawley 009,1143
E02006584,Crawley 010,488
E02006585,Crawley 011,804
E02006586,Crawley 012,479
E02006587,Crawley 013,526
E02006588,Horsham 001,1268
E02006589,Horsham 002,1983
E02006590,Horsham 003,1335
E02006591,Horsham 004,1268
E02006592,Horsham 005,1111
E02006593,Horsham 006,1459
E02006594,Horsham 007,1459
E02006595,Horsham 008,1570
E02006596,Horsham 009,1417
E02006597,Horsham 010,1743
E02006598,Horsham 011,1002
E02006599,Horsham 012,1893
E02006600,Horsham 013,1888
E02006601,Horsham 014,1613
E02006602,Horsham 015,1459
E02006603,Horsham 016,2011
E02006604,Mid Sussex 001,1794
E02006605,Mid Sussex 002,965
E02006606,Mid Sussex 003,1463
E02006607,Mid Sussex 004,1475
E02006608,Mid Sussex 005,1238
E02006609,Mid Sussex 006,1129
E02006610,Mid Sussex 007,1037
E02006611,Mid Sussex 008,2061
E02006612,Mid Sussex 009,1430
E02006613,Mid Sussex 010,893
E02006614,Mid Sussex 011,1680
E02006615,Mid Sussex 012,900
E02006616,Mid Sussex 013,1457
E02006617,Mid Sussex 014,1269
E02006618,Mid Sussex 015,1280
E02006619,Mid Sussex 016,1205
E02006620,Mid Sussex 017,1985
E02006621,Worthing 001,1955
E02006622,Worthing 002,1477
E02006623,Worthing 003,1243
E02006624,Worthing 004,1270
E02006625,Worthing 005,1093
E02006626,Worthing 006,892
E02006627,Worthing 007,1609
E02006628,Worthing 008,979
E02006629,Worthing 009,1026
E02006630,Worthing 010,1327
E02006631,Worthing 011,1297
E02006632,Worthing 012,1732
E02006633,Worthing 013,2150
E02006782,Bromley 040,1028
E02006783,Lewisham 037,414
E02006784,Lewisham 038,597
E02006785,Bexley 029,886
E02006786,Greenwich 033,571
E02006787,Bromley 041,1034
E02006788,Croydon 045,558
E02006789,Bromley 042,1471
E02006790,Tandridge 012,1390
E02006791,Ealing 040,647
E02006792,Hounslow 029,953
E02006793,Enfield 037,414
E02006794,Haringey 037,242
E02006795,Harrow 032,879
E02006796,Hillingdon 033,1025
E02006798,Lewisham 039,268
E02006799,Barking and Dagenham 023,537
E02006800,Redbridge 034,1066
E02006801,Lambeth 036,405
E02006802,Southwark 034,349
E02006821,Portsmouth 026,1048
E02006822,Havant 018,1578
E02006823,Buckinghamshire 039,1697
E02006824,Buckinghamshire 036,1732
E02006825,East Cambridgeshire 011,1094
E02006826,West Suffolk 015,1355
E02006829,East Hampshire 016,1504
E02006830,Havant 019,766
E02006831,Havant 020,1381
E02006832,Sevenoaks 016,998
E02006833,Tonbridge and Malling 014,1786
E02006836,Sutton 025,1319
E02006837,Epsom and Ewell 010,1813
E02006838,East Hampshire 017,1529
E02006839,Waverley 018,1447
E02006853,Tower Hamlets 032,318
E02006854,Tower Hamlets 033,337
E02006855,Canterbury 019,456
E02006856,Canterbury 020,1178
E02006857,Eastbourne 013,1579
E02006858,Eastbourne 014,1341
E02006859,Thurrock 019,362
E02006873,South Cambridgeshire 020,511
E02006874,South Cambridgeshire 021,1129
E02006877,Peterborough 022,1043
E02006878,Peterborough 023,620
E02006879,Folkestone and Hythe 014,558
E02006880,Folkestone and Hythe 015,959
E02006882,Harrow 033,1845
E02006886,Vale of White Horse 016,1912
E02006907,Norwich 014,676
E02006908,Norwich 015,649
E02006918,Hackney 028,234
E02006921,Hackney 029,213
E02006922,Colchester 022,2364
E02006924,Redbridge 035,1273
E02006925,Redbridge 036,1482
E02006926,Thurrock 020,644
E02006927,Greenwich 034,1058
E02006928,Greenwich 035,332
E02006930,Greenwich 037,522
E02006931,Greenwich 038,734
E02006937,Luton 022,444
E02006938,Luton 023,108
E02006939,Reading 019,235
E02006940,Reading 020,308
E02006941,Southwark 035,459
E02006942,Southwark 036,290
E02006953,Barnet 042,321
E02006954,Barnet 043,576
E02006955,Brent 035,185
E02006956,Brent 036,711
E02006968,Ealing 041,899
E02006969,Ealing 042,391
E02006970,Ealing 043,333
E02006971,Ealing 044,590
E02006972,Hounslow 030,292
E02006973,Hounslow 031,537
E02006975,Portsmouth 027,168
E02006976,Portsmouth 028,163
E02006978,Chelmsford 022,669
E02006979,Chelmsford 023,537
E02006980,Rochford 011,1483
E02006981,Rochford 012,1511
E02006987,Croydon 046,194
E02006988,Croydon 047,453
E02006991,Greenwich 039,161
E02006992,Greenwich 040,306
E02006993,Greenwich 041,250
E02006994,Greenwich 042,196
E02006995,Newham 038,75
E02006996,Newham 039,252
E02006997,Newham 040,145
E02006998,Newham 041,183
E02006999,Newham 042,245
E02007004,Thurrock 021,311
E02007005,Thurrock 022,361
E02007008,Lewisham 040,142
E02007009,Lewisham 041,372
E02007010,Bedford 021,1024
E02007011,Bedford 022,535
E02007012,Milton Keynes 033,448
E02007013,Milton Keynes 034,215
E02007014,Milton Keynes 035,484
E02007015,Milton Keynes 036,540
E02007016,Milton Keynes 037,675
E02007017,Redbridge 037,763
E02007018,Redbridge 038,430
E02007019,Redbridge 039,255
E02007020,Redbridge 040,730
E02007021,Oxford 020,667
E02007032,North Norfolk 015,1493
E02007033,North Norfolk 016,1147
E02007046,Ashford 015,959
E02007047,Ashford 016,735
E02007052,Norwich 016,408
E02007053,Norwich 017,551
E02007054,South Norfolk 016,842
E02007055,South Norfolk 017,1524
E02007056,Colchester 023,654
E02007057,Colchester 024,586
E02007068,Slough 015,268
E02007069,Slough 016,591
E02007074,Southampton 033,151
E02007075,Southampton 034,353
E02007076,Test Valley 016,383
E02007077,Test Valley 017,391
E02007078,Test Valley 018,683
E02007083,Wandsworth 038,462
E02007084,Wandsworth 039,383
E02007085,South Cambridgeshire 022,2136
E02007086,Cambridge 015,748
E02007087,Cambridge 014,547
E02007088,North Hertfordshire 016,1296
E02007089,North Hertfordshire 017,644
E02007090,St Albans 021,805
E02007091,Stevenage 013,1001
E02007092,Welwyn Hatfield 017,746
E02007093,East Hertfordshire 019,1317
E02007108,Hackney 030,252
E02007109,Hackney 031,379
E02007110,Hackney 032,253
E02007111,Hackney 033,166
E02007112,Tower Hamlets 034,206
E02007113,Tower Hamlets 035,234
E02007114,Tower Hamlets 036,250
E02007115,Camden 029,460
E02007116,Oxford 019,512