Middle layer Super Output Areas Code,Middle layer Super Output Areas,Semi_detached
E02000001,City of London 001,15
E02000002,Barking and Dagenham 001,783
E02000003,Barking and Dagenham 002,1075
E02000004,Barking and Dagenham 003,898
E02000005,Barking and Dagenham 004,812
E02000007,Barking and Dagenham 006,906
E02000008,Barking and Dagenham 007,1069
E02000009,Barking and Dagenham 008,942
E02000010,Barking and Dagenham 009,795
E02000011,Barking and Dagenham 010,606
E02000012,Barking and Dagenham 011,832
E02000013,Barking and Dagenham 012,889
E02000014,Barking and Dagenham 013,680
E02000015,Barking and Dagenham 014,632
E02000016,Barking and Dagenham 015,167
E02000017,Barking and Dagenham 016,503
E02000018,Barking and Dagenham 017,674
E02000019,Barking and Dagenham 018,815
E02000020,Barking and Dagenham 019,897
E02000021,Barking and Dagenham 020,734
E02000022,Barking and Dagenham 021,94
E02000023,Barking and Dagenham 022,399
E02000024,Barnet 001,1436
E02000025,Barnet 002,1127
E02000026,Barnet 003,1165
E02000027,Barnet 004,1321
E02000028,Barnet 005,1003
E02000029,Barnet 006,1021
E02000030,Barnet 007,1151
E02000031,Barnet 008,865
E02000032,Barnet 009,1771
E02000033,Barnet 010,1162
E02000034,Barnet 011,1102
E02000035,Barnet 012,632
E02000036,Barnet 013,1896
E02000037,Barnet 014,1338
E02000038,Barnet 015,1130
E02000039,Barnet 016,623
E02000040,Barnet 017,1006
E02000041,Barnet 018,1410
E02000042,Barnet 019,879
E02000043,Barnet 020,1593
E02000044,Barnet 021,723
E02000045,Barnet 022,860
E02000046,Barnet 023,690
E02000047,Barnet 024,981
E02000048,Barnet 025,1622
E02000049,Barnet 026,369
E02000050,Barnet 027,695
E02000051,Barnet 028,634
E02000052,Barnet 029,450
E02000054,Barnet 031,810
E02000055,Barnet 032,599
E02000056,Barnet 033,1110
E02000057,Barnet 034,670
E02000058,Barnet 035,1255
E02000059,Barnet 036,803
E02000060,Barnet 037,1202
E02000061,Barnet 038,809
E02000062,Barnet 039,523
E02000063,Barnet 040,1248
E02000064,Barnet 041,312
E02000065,Bexley 001,510
E02000066,Bexley 002,415
E02000067,Bexley 003,768
E02000068,Bexley 004,536
E02000069,Bexley 005,797
E02000070,Bexley 006,1762
E02000071,Bexley 007,1244
E02000072,Bexley 008,1297
E02000073,Bexley 009,3508
E02000074,Bexley 010,1621
E02000075,Bexley 011,2157
E02000077,Bexley 013,2148
E02000078,Bexley 014,1756
E02000079,Bexley 015,1484
E02000080,Bexley 016,2401
E02000081,Bexley 017,1740
E02000082,Bexley 018,1659
E02000083,Bexley 019,1766
E02000084,Bexley 020,2281
E02000085,Bexley 021,1232
E02000086,Bexley 022,1291
E02000087,Bexley 023,1248
E02000088,Bexley 024,1509
E02000089,Bexley 025,1997
E02000090,Bexley 026,974
E02000091,Bexley 027,1582
E02000092,Bexley 028,957
E02000093,Brent 001,1645
E02000094,Brent 002,1300
E02000095,Brent 003,1635
E02000096,Brent 004,1300
E02000097,Brent 005,1299
E02000098,Brent 006,1130
E02000099,Brent 007,1252
E02000100,Brent 008,1318
E02000101,Brent 009,552
E02000102,Brent 010,504
E02000103,Brent 011,1043
E02000104,Brent 012,1072
E02000105,Brent 013,1003
E02000106,Brent 014,929
E02000107,Brent 015,512
E02000108,Brent 016,539
E02000110,Brent 018,851
E02000111,Brent 019,1002
E02000112,Brent 020,810
E02000113,Brent 021,698
E02000114,Brent 022,242
E02000115,Brent 023,174
E02000116,Brent 024,197
E02000117,Brent 025,413
E02000118,Brent 026,833
E02000119,Brent 027,236
E02000120,Brent 028,88
E02000121,Brent 029,723
E02000122,Brent 030,716
E02000123,Brent 031,421
E02000124,Brent 032,245
E02000125,Brent 033,419
E02000126,Brent 034,57
E02000127,Bromley 001,872
E02000128,Bromley 002,1091
E02000130,Bromley 004,791
E02000131,Bromley 005,235
E02000132,Bromley 006,392
E02000133,Bromley 007,596
E02000134,Bromley 008,765
E02000135,Bromley 009,378
E02000136,Bromley 010,664
E02000137,Bromley 011,719
E02000138,Bromley 012,356
E02000139,Bromley 013,1082
E02000140,Bromley 014,1357
E02000141,Bromley 015,459
E02000142,Bromley 016,731
E02000144,Bromley 018,855
E02000145,Bromley 019,1162
E02000146,Bromley 020,1129
E02000147,Bromley 021,763
E02000148,Bromley 022,1422
E02000149,Bromley 023,1523
E02000150,Bromley 024,844
E02000151,Bromley 025,1753
E02000152,Bromley 026,1053
E02000153,Bromley 027,2071
E02000154,Bromley 028,931
E02000155,Bromley 029,2006
E02000156,Bromley 030,2288
E02000157,Bromley 031,1205
E02000158,Bromley 032,1357
E02000159,Bromley 033,816
E02000160,Bromley 034,1733
E02000161,Bromley 035,1724
E02000162,Bromley 036,885
E02000163,Bromley 037,1077
E02000165,Bromley 039,714
E02000166,Camden 001,298
E02000167,Camden 002,411
E02000168,Camden 003,178
E02000169,Camden 004,307
E02000170,Camden 005,286
E02000171,Camden 006,190
E02000172,Camden 007,85
E02000173,Camden 008,148
E02000174,Camden 009,169
E02000175,Camden 010,102
E02000176,Camden 011,71
E02000177,Camden 012,81
E02000178,Camden 013,75
E02000179,Camden 014,107
E02000180,Camden 015,162
E02000181,Camden 016,72
E02000182,Camden 017,91
E02000183,Camden 018,143
E02000184,Camden 019,71
E02000185,Camden 020,74
E02000186,Camden 021,57
E02000187,Camden 022,21
E02000188,Camden 023,21
E02000191,Camden 026,6
E02000192,Camden 027,22
E02000193,Camden 028,15
E02000194,Croydon 001,464
E02000195,Croydon 002,1401
E02000196,Croydon 003,962
E02000197,Croydon 004,920
E02000198,Croydon 005,730
E02000199,Croydon 006,616
E02000200,Croydon 007,643
E02000201,Croydon 008,373
E02000202,Croydon 009,443
E02000203,Croydon 010,483
E02000204,Croydon 011,658
E02000206,Croydon 013,707
E02000207,Croydon 014,859
E02000208,Croydon 015,529
E02000209,Croydon 016,614
E02000210,Croydon 017,696
E02000211,Croydon 018,1333
E02000212,Croydon 019,832
E02000213,Croydon 020,483
E02000214,Croydon 021,616
E02000215,Croydon 022,650
E02000216,Croydon 023,188
E02000217,Croydon 024,756
E02000218,Croydon 025,1044
E02000219,Croydon 026,1538
E02000221,Croydon 028,1280
E02000222,Croydon 029,501
E02000223,Croydon 030,468
E02000224,Croydon 031,920
E02000225,Croydon 032,1652
E02000226,Croydon 033,1679
E02000227,Croydon 034,1693
E02000228,Croydon 035,865
E02000229,Croydon 036,1046
E02000230,Croydon 037,869
E02000231,Croydon 038,544
E02000232,Croydon 039,1207
E02000233,Croydon 040,878
E02000234,Croydon 041,927
E02000235,Croydon 042,790
E02000236,Croydon 043,1563
E02000237,Croydon 044,1410
E02000238,Ealing 001,1164
E02000239,Ealing 002,1024
E02000240,Ealing 003,1138
E02000241,Ealing 004,835
E02000242,Ealing 005,848
E02000243,Ealing 006,1291
E02000244,Ealing 007,867
E02000245,Ealing 008,502
E02000246,Ealing 009,1111
E02000247,Ealing 010,721
E02000248,Ealing 011,674
E02000249,Ealing 012,1021
E02000250,Ealing 013,674
E02000251,Ealing 014,602
E02000252,Ealing 015,598
E02000253,Ealing 016,875
E02000254,Ealing 017,858
E02000255,Ealing 018,848
E02000256,Ealing 019,611
E02000258,Ealing 021,871
E02000259,Ealing 022,696
E02000260,Ealing 023,992
E02000261,Ealing 024,887
E02000262,Ealing 025,529
E02000263,Ealing 026,784
E02000264,Ealing 027,840
E02000265,Ealing 028,660
E02000266,Ealing 029,926
E02000267,Ealing 030,511
E02000268,Ealing 031,901
E02000269,Ealing 032,558
E02000270,Ealing 033,164
E02000271,Ealing 034,431
E02000272,Ealing 035,730
E02000275,Ealing 038,587
E02000276,Ealing 039,332
E02000277,Enfield 001,1027
E02000278,Enfield 002,820
E02000279,Enfield 003,767
E02000280,Enfield 004,863
E02000281,Enfield 005,638
E02000282,Enfield 006,581
E02000283,Enfield 007,886
E02000284,Enfield 008,706
E02000285,Enfield 009,1251
E02000286,Enfield 010,681
E02000287,Enfield 011,718
E02000288,Enfield 012,838
E02000289,Enfield 013,1709
E02000290,Enfield 014,331
E02000291,Enfield 015,543
E02000292,Enfield 016,784
E02000293,Enfield 017,1011
E02000294,Enfield 018,710
E02000295,Enfield 019,1327
E02000296,Enfield 020,701
E02000297,Enfield 021,1475
E02000298,Enfield 022,1453
E02000299,Enfield 023,582
E02000300,Enfield 024,546
E02000301,Enfield 025,597
E02000302,Enfield 026,956
E02000303,Enfield 027,960
E02000304,Enfield 028,1516
E02000305,Enfield 029,548
E02000306,Enfield 030,379
E02000307,Enfield 031,750
E02000308,Enfield 032,622
E02000309,Enfield 033,760
E02000311,Enfield 035,718
E02000312,Enfield 036,745
E02000313,Greenwich 001,224
E02000314,Greenwich 002,876
E02000315,Greenwich 003,461
E02000317,Greenwich 005,248
E02000318,Greenwich 006,650
E02000319,Greenwich 007,430
E02000320,Greenwich 008,304
E02000321,Greenwich 009,255
E02000323,Greenwich 011,323
E02000324,Greenwich 012,753
E02000326,Greenwich 014,316
E02000327,Greenwich 015,269
E02000328,Greenwich 016,435
E02000329,Greenwich 017,810
E02000331,Greenwich 019,771
E02000332,Greenwich 020,720
E02000333,Greenwich 021,391
E02000334,Greenwich 022,1139
E02000335,Greenwich 023,1099
E02000337,Greenwich 025,1492
E02000339,Greenwich 027,702
E02000340,Greenwich 028,784
E02000341,Greenwich 029,749
E02000342,Greenwich 030,740
E02000343,Greenwich 031,1256
E02000344,Greenwich 032,1523
E02000345,Hackney 001,186
E02000346,Hackney 002,53
E02000347,Hackney 003,173
E02000348,Hackney 004,90
E02000350,Hackney 006,96
E02000351,Hackney 007,146
E02000352,Hackney 008,121
E02000353,Hackney 009,98
E02000354,Hackney 010,145
E02000355,Hackney 011,149
E02000356,Hackney 012,58
E02000357,Hackney 013,105
E02000358,Hackney 014,133
E02000359,Hackney 015,198
E02000360,Hackney 016,84
E02000361,Hackney 017,101
E02000362,Hackney 018,220
E02000363,Hackney 019,84
E02000364,Hackney 020,309
E02000366,Hackney 022,197
E02000367,Hackney 023,138
E02000368,Hackney 024,182
E02000369,Hackney 025,101
E02000370,Hackney 026,32
E02000372,Hammersmith and Fulham 001,501
E02000373,Hammersmith and Fulham 002,142
E02000374,Hammersmith and Fulham 003,352
E02000375,Hammersmith and Fulham 004,93
E02000376,Hammersmith and Fulham 005,101
E02000377,Hammersmith and Fulham 006,134
E02000378,Hammersmith and Fulham 007,55
E02000379,Hammersmith and Fulham 008,388
E02000380,Hammersmith and Fulham 009,72
E02000381,Hammersmith and Fulham 010,87
E02000382,Hammersmith and Fulham 011,229
E02000383,Hammersmith and Fulham 012,32
E02000384,Hammersmith and Fulham 013,114
E02000385,Hammersmith and Fulham 014,41
E02000386,Hammersmith and Fulham 015,87
E02000387,Hammersmith and Fulham 016,79
E02000388,Hammersmith and Fulham 017,120
E02000389,Hammersmith and Fulham 018,216
E02000390,Hammersmith and Fulham 019,99
E02000391,Hammersmith and Fulham 020,167
E02000392,Hammersmith and Fulham 021,109
E02000393,Hammersmith and Fulham 022,76
E02000394,Hammersmith and Fulham 023,62
E02000395,Hammersmith and Fulham 024,316
E02000396,Hammersmith and Fulham 025,119
E02000397,Haringey 001,237
E02000398,Haringey 002,293
E02000400,Haringey 004,615
E02000401,Haringey 005,546
E02000402,Haringey 006,501
E02000403,Haringey 007,280
E02000404,Haringey 008,342
E02000405,Haringey 009,404
E02000406,Haringey 010,274
E02000407,Haringey 011,184
E02000408,Haringey 012,230
E02000409,Haringey 013,179
E02000410,Haringey 014,342
E02000411,Haringey 015,293
E02000412,Haringey 016,199
E02000413,Haringey 017,589
E02000414,Haringey 018,211
E02000415,Haringey 019,230
E02000416,Haringey 020,141
E02000417,Haringey 021,417
E02000418,Haringey 022,237
E02000419,Haringey 023,259
E02000420,Haringey 024,279
E02000421,Haringey 025,192
E02000422,Haringey 026,202
E02000423,Haringey 027,141
E02000424,Haringey 028,129
E02000425,Haringey 029,241
E02000426,Haringey 030,403
E02000427,Haringey 031,135
E02000428,Haringey 032,144
E02000429,Haringey 033,301
E02000430,Haringey 034,207
E02000431,Haringey 035,233
E02000432,Haringey 036,83
E02000433,Harrow 001,309
E02000434,Harrow 002,1240
E02000435,Harrow 003,1072
E02000436,Harrow 004,734
E02000437,Harrow 005,1521
E02000438,Harrow 006,1036
E02000439,Harrow 007,1686
E02000440,Harrow 008,2209
E02000441,Harrow 009,610
E02000442,Harrow 010,1145
E02000443,Harrow 011,1007
E02000444,Harrow 012,1854
E02000445,Harrow 013,985
E02000447,Harrow 015,1533
E02000448,Harrow 016,566
E02000449,Harrow 017,783
E02000451,Harrow 019,1407
E02000452,Harrow 020,776
E02000453,Harrow 021,820
E02000454,Harrow 022,1508
E02000455,Harrow 023,650
E02000456,Harrow 024,995
E02000457,Harrow 025,1462
E02000459,Harrow 027,664
E02000460,Harrow 028,554
E02000461,Harrow 029,453
E02000462,Harrow 030,979
E02000463,Harrow 031,1196
E02000464,Havering 001,930
E02000465,Havering 002,1337
E02000466,Havering 003,1486
E02000467,Havering 004,1137
E02000468,Havering 005,1473
E02000469,Havering 006,903
E02000470,Havering 007,1810
E02000471,Havering 008,2042
E02000472,Havering 009,1591
E02000473,Havering 010,1812
E02000474,Havering 011,1263
E02000475,Havering 012,1123
E02000476,Havering 013,798
E02000477,Havering 014,1595
E02000478,Havering 015,415
E02000479,Havering 016,1407
E02000480,Havering 017,1361
E02000481,Havering 018,1527
E02000482,Havering 019,1717
E02000483,Havering 020,1406
E02000484,Havering 021,1160
E02000485,Havering 022,1948
E02000486,Havering 023,1714
E02000487,Havering 024,2152
E02000488,Havering 025,2004
E02000489,Havering 026,1227
E02000490,Havering 027,1313
E02000491,Havering 028,1075
E02000492,Havering 029,1179
E02000493,Havering 030,825
E02000494,Hillingdon 001,259
E02000495,Hillingdon 002,1129
E02000496,Hillingdon 003,1202
E02000497,Hillingdon 004,1223
E02000498,Hillingdon 005,827
E02000499,Hillingdon 006,1850
E02000500,Hillingdon 007,756
E02000501,Hillingdon 008,1534
E02000502,Hillingdon 009,1062
E02000503,Hillingdon 010,551
E02000504,Hillingdon 011,1337
E02000506,Hillingdon 013,553
E02000507,Hillingdon 014,926
E02000508,Hillingdon 015,925
E02000509,Hillingdon 016,975
E02000510,Hillingdon 017,1236
E02000511,Hillingdon 018,2167
E02000512,Hillingdon 019,1197
E02000513,Hillingdon 020,949
E02000514,Hillingdon 021,1678
E02000515,Hillingdon 022,1230
E02000516,Hillingdon 023,1040
E02000517,Hillingdon 024,1499
E02000518,Hillingdon 025,1641
E02000519,Hillingdon 026,1219
E02000520,Hillingdon 027,1646
E02000521,Hillingdon 028,1528
E02000522,Hillingdon 029,1120
E02000523,Hillingdon 030,1641
E02000524,Hillingdon 031,1019
E02000525,Hillingdon 032,954
E02000526,Hounslow 001,754
E02000529,Hounslow 004,1126
E02000530,Hounslow 005,554
E02000531,Hounslow 006,684
E02000532,Hounslow 007,833
E02000533,Hounslow 008,538
E02000534,Hounslow 009,1206
E02000535,Hounslow 010,1706
E02000536,Hounslow 011,1649
E02000537,Hounslow 012,1471
E02000538,Hounslow 013,1074
E02000539,Hounslow 014,755
E02000540,Hounslow 015,1049
E02000541,Hounslow 016,1105
E02000542,Hounslow 017,986
E02000543,Hounslow 018,953
E02000544,Hounslow 019,1625
E02000545,Hounslow 020,671
E02000546,Hounslow 021,1355
E02000547,Hounslow 022,1527
E02000548,Hounslow 023,1379
E02000549,Hounslow 024,1743
E02000550,Hounslow 025,1132
E02000551,Hounslow 026,825
E02000552,Hounslow 027,945
E02000553,Hounslow 028,931
E02000554,Islington 001,123
E02000555,Islington 002,136
E02000556,Islington 003,107
E02000557,Islington 004,99
E02000558,Islington 005,78
E02000559,Islington 006,102
E02000560,Islington 007,77
E02000561,Islington 008,186
E02000562,Islington 009,127
E02000563,Islington 010,77
E02000564,Islington 011,96
E02000565,Islington 012,76
E02000566,Islington 013,217
E02000567,Islington 014,148
E02000568,Islington 015,171
E02000569,Islington 016,202
E02000570,Islington 017,154
E02000571,Islington 018,189
E02000572,Islington 019,65
E02000573,Islington 020,112
E02000574,Islington 021,36
E02000575,Islington 022,44
E02000576,Islington 023,17
E02000577,Kensington and Chelsea 001,40
E02000578,Kensington and Chelsea 002,73
E02000579,Kensington and Chelsea 003,138
E02000580,Kensington and Chelsea 004,44
E02000581,Kensington and Chelsea 005,64
E02000582,Kensington and Chelsea 006,119
E02000583,Kensington and Chelsea 007,194
E02000584,Kensington and Chelsea 008,100
E02000585,Kensington and Chelsea 009,96
E02000586,Kensington and Chelsea 010,150
E02000587,Kensington and Chelsea 011,156
E02000588,Kensington and Chelsea 012,108
E02000589,Kensington and Chelsea 013,45
E02000590,Kensington and Chelsea 014,56
E02000591,Kensington and Chelsea 015,32
E02000592,Kensington and Chelsea 016,79
E02000593,Kensington and Chelsea 017,33
E02000594,Kensington and Chelsea 018,66
E02000595,Kensington and Chelsea 019,204
E02000596,Kensington and Chelsea 020,222
E02000597,Kensington and Chelsea 021,47
E02000598,Kingston upon Thames 001,1077
E02000599,Kingston upon Thames 002,664
E02000600,Kingston upon Thames 003,607
E02000601,Kingston upon Thames 004,1048
E02000602,Kingston upon Thames 005,852
E02000603,Kingston upon Thames 006,1327
E02000604,Kingston upon Thames 007,1145
E02000605,Kingston upon Thames 008,1293
E02000606,Kingston upon Thames 009,751
E02000607,Kingston upon Thames 010,1130
E02000608,Kingston upon Thames 011,348
E02000609,Kingston upon Thames 012,1099
E02000610,Kingston upon Thames 013,312
E02000611,Kingston upon Thames 014,1993
E02000612,Kingston upon Thames 015,1506
E02000613,Kingston upon Thames 016,955
E02000614,Kingston upon Thames 017,1266
E02000615,Kingston upon Thames 018,1643
E02000616,Kingston upon Thames 019,510
E02000617,Kingston upon Thames 020,1268
E02000619,Lambeth 002,72
E02000620,Lambeth 003,55
E02000621,Lambeth 004,133
E02000622,Lambeth 005,150
E02000623,Lambeth 006,107
E02000624,Lambeth 007,171
E02000625,Lambeth 008,67
E02000626,Lambeth 009,130
E02000627,Lambeth 010,132
E02000628,Lambeth 011,143
E02000629,Lambeth 012,234
E02000630,Lambeth 013,187
E02000631,Lambeth 014,410
E02000632,Lambeth 015,145
E02000633,Lambeth 016,224
E02000634,Lambeth 017,155
E02000635,Lambeth 018,297
E02000636,Lambeth 019,349
E02000637,Lambeth 020,295
E02000638,Lambeth 021,174
E02000639,Lambeth 022,166
E02000640,Lambeth 023,275
E02000641,Lambeth 024,190
E02000642,Lambeth 025,500
E02000643,Lambeth 026,484
E02000644,Lambeth 027,697
E02000645,Lambeth 028,651
E02000646,Lambeth 029,546
E02000647,Lambeth 030,832
E02000648,Lambeth 031,409
E02000649,Lambeth 032,385
E02000650,Lambeth 033,472
E02000651,Lambeth 034,750
E02000652,Lambeth 035,434
E02000653,Lewisham 001,235
E02000654,Lewisham 002,110
E02000655,Lewisham 003,250
E02000657,Lewisham 005,249
E02000658,Lewisham 006,291
E02000659,Lewisham 007,372
E02000660,Lewisham 008,250
E02000661,Lewisham 009,206
E02000662,Lewisham 010,305
E02000663,Lewisham 011,386
E02000665,Lewisham 013,311
E02000666,Lewisham 014,420
E02000667,Lewisham 015,382
E02000668,Lewisham 016,562
E02000669,Lewisham 017,249
E02000670,Lewisham 018,297
E02000671,Lewisham 019,420
E02000672,Lewisham 020,481
E02000673,Lewisham 021,621
E02000674,Lewisham 022,379
E02000675,Lewisham 023,1027
E02000676,Lewisham 024,361
E02000677,Lewisham 025,1045
E02000678,Lewisham 026,434
E02000679,Lewisham 027,424
E02000680,Lewisham 028,298
E02000681,Lewisham 029,931
E02000682,Lewisham 030,981
E02000683,Lewisham 031,636
E02000685,Lewisham 033,342
E02000686,Lewisham 034,437
E02000687,Lewisham 035,353
E02000689,Merton 001,406
E02000690,Merton 002,309
E02000691,Merton 003,719
E02000692,Merton 004,427
E02000693,Merton 005,479
E02000694,Merton 006,448
E02000695,Merton 007,408
E02000696,Merton 008,457
E02000697,Merton 009,441
E02000698,Merton 010,995
E02000699,Merton 011,591
E02000700,Merton 012,430
E02000701,Merton 013,615
E02000702,Merton 014,553
E02000703,Merton 015,1153
E02000704,Merton 016,621
E02000705,Merton 017,766
E02000706,Merton 018,434
E02000707,Merton 019,639
E02000708,Merton 020,777
E02000709,Merton 021,912
E02000710,Merton 022,803
E02000711,Merton 023,651
E02000712,Merton 024,782
E02000713,Merton 025,697
E02000714,Newham 001,291
E02000715,Newham 002,235
E02000716,Newham 003,282
E02000717,Newham 004,194
E02000718,Newham 005,203
E02000719,Newham 006,337
E02000720,Newham 007,304
E02000721,Newham 008,280
E02000722,Newham 009,213
E02000723,Newham 010,325
E02000724,Newham 011,330
E02000725,Newham 012,223
E02000727,Newham 014,245
E02000728,Newham 015,353
E02000729,Newham 016,315
E02000730,Newham 017,308
E02000731,Newham 018,292
E02000732,Newham 019,251
E02000733,Newham 020,340
E02000734,Newham 021,188
E02000735,Newham 022,243
E02000736,Newham 023,417
E02000737,Newham 024,405
E02000738,Newham 025,325
E02000739,Newham 026,313
E02000740,Newham 027,337
E02000741,Newham 028,323
E02000742,Newham 029,386
E02000743,Newham 030,237
E02000744,Newham 031,402
E02000745,Newham 032,709
E02000746,Newham 033,399
E02000747,Newham 034,304
E02000748,Newham 035,616
E02000749,Newham 036,433
E02000751,Redbridge 001,1229
E02000752,Redbridge 002,1173
E02000753,Redbridge 003,871
E02000754,Redbridge 004,961
E02000755,Redbridge 005,640
E02000756,Redbridge 006,1563
E02000757,Redbridge 007,1389
E02000758,Redbridge 008,1253
E02000759,Redbridge 009,1468
E02000760,Redbridge 010,860
E02000762,Redbridge 012,922
E02000763,Redbridge 013,795
E02000764,Redbridge 014,1099
E02000765,Redbridge 015,508
E02000767,Redbridge 017,568
E02000768,Redbridge 018,896
E02000770,Redbridge 020,567
E02000772,Redbridge 022,497
E02000773,Redbridge 023,468
E02000774,Redbridge 024,552
E02000776,Redbridge 026,355
E02000777,Redbridge 027,612
E02000779,Redbridge 029,318
E02000781,Redbridge 031,1265
E02000782,Redbridge 032,319
E02000783,Redbridge 033,344
E02000784,Richmond upon Thames 001,1241
E02000785,Richmond upon Thames 002,895
E02000786,Richmond upon Thames 003,590
E02000787,Richmond upon Thames 004,855
E02000788,Richmond upon Thames 005,1177
E02000789,Richmond upon Thames 006,372
E02000790,Richmond upon Thames 007,505
E02000791,Richmond upon Thames 008,359
E02000792,Richmond upon Thames 009,581
E02000793,Richmond upon Thames 010,1359
E02000794,Richmond upon Thames 011,1057
E02000795,Richmond upon Thames 012,661
E02000796,Richmond upon Thames 013,2243
E02000797,Richmond upon Thames 014,486
E02000798,Richmond upon Thames 015,1332
E02000799,Richmond upon Thames 016,679
E02000800,Richmond upon Thames 017,459
E02000801,Richmond upon Thames 018,627
E02000802,Richmond upon Thames 019,767
E02000803,Richmond upon Thames 020,1136
E02000804,Richmond upon Thames 021,689
E02000805,Richmond upon Thames 022,819
E02000806,Richmond upon Thames 023,1277
E02000807,Southwark 001,323
E02000808,Southwark 002,66
E02000810,Southwark 004,86
E02000812,Southwark 006,56
E02000813,Southwark 007,92
E02000814,Southwark 008,278
E02000815,Southwark 009,22
E02000816,Southwark 010,190
E02000817,Southwark 011,128
E02000818,Southwark 012,94
E02000819,Southwark 013,151
E02000820,Southwark 014,108
E02000821,Southwark 015,85
E02000822,Southwark 016,40
E02000823,Southwark 017,100
E02000824,Southwark 018,149
E02000825,Southwark 019,186
E02000826,Southwark 020,127
E02000827,Southwark 021,94
E02000828,Southwark 022,184
E02000829,Southwark 023,227
E02000830,Southwark 024,270
E02000831,Southwark 025,313
E02000832,Southwark 026,358
E02000833,Southwark 027,228
E02000834,Southwark 028,542
E02000835,Southwark 029,358
E02000836,Southwark 030,509
E02000837,Southwark 031,991
E02000838,Southwark 032,564
E02000839,Southwark 033,346
E02000840,Sutton 001,556
E02000841,Sutton 002,584
E02000842,Sutton 003,1764
E02000843,Sutton 004,723
E02000844,Sutton 005,796
E02000845,Sutton 006,966
E02000846,Sutton 007,1176
E02000847,Sutton 008,1693
E02000848,Sutton 009,915
E02000849,Sutton 010,1209
E02000850,Sutton 011,1772
E02000851,Sutton 012,608
E02000852,Sutton 013,1250
E02000853,Sutton 014,837
E02000854,Sutton 015,1156
E02000855,Sutton 016,1431
E02000856,Sutton 017,1186
E02000857,Sutton 018,260
E02000858,Sutton 019,586
E02000859,Sutton 020,997
E02000860,Sutton 021,161
E02000861,Sutton 022,1099
E02000863,Sutton 024,881
E02000864,Tower Hamlets 001,133
E02000865,Tower Hamlets 002,57
E02000866,Tower Hamlets 003,128
E02000867,Tower Hamlets 004,110
E02000868,Tower Hamlets 005,52
E02000869,Tower Hamlets 006,69
E02000870,Tower Hamlets 007,52
E02000871,Tower Hamlets 008,77
E02000872,Tower Hamlets 009,43
E02000873,Tower Hamlets 010,43
E02000874,Tower Hamlets 011,60
E02000875,Tower Hamlets 012,90
E02000876,Tower Hamlets 013,65
E02000877,Tower Hamlets 014,78
E02000878,Tower Hamlets 015,91
E02000879,Tower Hamlets 016,76
E02000880,Tower Hamlets 017,43
E02000881,Tower Hamlets 018,95
E02000882,Tower Hamlets 019,170
E02000883,Tower Hamlets 020,123
E02000884,Tower Hamlets 021,59
E02000885,Tower Hamlets 022,59
E02000886,Tower Hamlets 023,114
E02000887,Tower Hamlets 024,78
E02000888,Tower Hamlets 025,30
E02000889,Tower Hamlets 026,83
E02000890,Tower Hamlets 027,35
E02000893,Tower Hamlets 030,199
E02000894,Tower Hamlets 031,227
E02000895,Waltham Forest 001,1667
E02000896,Waltham Forest 002,1353
E02000897,Waltham Forest 003,1337
E02000898,Waltham Forest 004,1295
E02000899,Waltham Forest 005,1015
E02000900,Waltham Forest 006,722
E02000901,Waltham Forest 007,1007
E02000902,Waltham Forest 008,404
E02000903,Waltham Forest 009,688
E02000904,Waltham Forest 010,655
E02000905,Waltham Forest 011,528
E02000906,Waltham Forest 012,304
E02000907,Waltham Forest 013,357
E02000908,Waltham Forest 014,273
E02000909,Waltham Forest 015,551
E02000910,Waltham Forest 016,360
E02000911,Waltham Forest 017,284
E02000912,Waltham Forest 018,406
E02000913,Waltham Forest 019,422
E02000914,Waltham Forest 020,345
E02000915,Waltham Forest 021,466
E02000916,Waltham Forest 022,290
E02000917,Waltham Forest 023,300
E02000918,Waltham Forest 024,294
E02000919,Waltham Forest 025,296
E02000920,Waltham Forest 026,388
E02000921,Waltham Forest 027,434
E02000922,Waltham Forest 028,402
E02000923,Wandsworth 001,85
E02000925,Wandsworth 003,130
E02000926,Wandsworth 004,239
E02000927,Wandsworth 005,143
E02000928,Wandsworth 006,452
E02000929,Wandsworth 007,50
E02000930,Wandsworth 008,118
E02000931,Wandsworth 009,184
E02000932,Wandsworth 010,269
E02000933,Wandsworth 011,533
E02000934,Wandsworth 012,200
E02000935,Wandsworth 013,47
E02000936,Wandsworth 014,178
E02000937,Wandsworth 015,454
E02000938,Wandsworth 016,281
E02000939,Wandsworth 017,462
E02000940,Wandsworth 018,149
E02000941,Wandsworth 019,301
E02000942,Wandsworth 020,678
E02000943,Wandsworth 021,202
E02000944,Wandsworth 022,191
E02000945,Wandsworth 023,175
E02000946,Wandsworth 024,274
E02000947,Wandsworth 025,159
E02000948,Wandsworth 026,302
E02000949,Wandsworth 027,693
E02000950,Wandsworth 028,180
E02000951,Wandsworth 029,281
E02000952,Wandsworth 030,158
E02000953,Wandsworth 031,108
E02000954,Wandsworth 032,264
E02000955,Wandsworth 033,395
E02000956,Wandsworth 034,142
E02000957,Wandsworth 035,288
E02000958,Wandsworth 036,555
E02000959,Wandsworth 037,255
E02000960,Westminster 001,127
E02000961,Westminster 002,247
E02000962,Westminster 003,87
E02000963,Westminster 004,218
E02000964,Westminster 005,85
E02000965,Westminster 006,50
E02000966,Westminster 007,143
E02000967,Westminster 008,52
E02000968,Westminster 009,36
E02000969,Westminster 010,21
E02000970,Westminster 011,72
E02000971,Westminster 012,40
E02000972,Westminster 013,19
E02000973,Westminster 014,114
E02000974,Westminster 015,69
E02000975,Westminster 016,28
E02000976,Westminster 017,65
E02000977,Westminster 018,21
E02000978,Westminster 019,131
E02000979,Westminster 020,23
E02000980,Westminster 021,9
E02000981,Westminster 022,31
E02000982,Westminster 023,33
E02000983,Westminster 024,17
E02003237,Peterborough 001,815
E02003238,Peterborough 002,495
E02003239,Peterborough 003,1045
E02003240,Peterborough 004,771
E02003241,Peterborough 005,1142
E02003242,Peterborough 006,2095
E02003243,Peterborough 007,1770
E02003244,Peterborough 008,2591
E02003245,Peterborough 009,601
E02003246,Peterborough 010,1169
E02003247,Peterborough 011,644
E02003248,Peterborough 012,1443
E02003249,Peterborough 013,1912
E02003250,Peterborough 014,865
E02003251,Peterborough 015,589
E02003252,Peterborough 016,1407
E02003253,Peterborough 017,1369
E02003254,Peterborough 018,1042
E02003255,Peterborough 019,2425
E02003257,Peterborough 021,781
E02003258,Luton 001,898
E02003259,Luton 002,1862
E02003260,Luton 003,805
E02003261,Luton 004,1095
E02003262,Luton 005,1816
E02003263,Luton 006,2161
E02003264,Luton 007,1644
E02003265,Luton 008,1610
E02003266,Luton 009,1734
E02003267,Luton 010,1887
E02003268,Luton 011,1766
E02003269,Luton 012,2008
E02003270,Luton 013,2000
E02003271,Luton 014,1884
E02003272,Luton 015,1331
E02003273,Luton 016,2520
E02003274,Luton 017,746
E02003276,Luton 019,725
E02003277,Luton 020,1761
E02003278,Luton 021,1000
E02003279,Southend-on-Sea 001,2100
E02003280,Southend-on-Sea 002,2337
E02003281,Southend-on-Sea 003,2010
E02003282,Southend-on-Sea 004,2158
E02003283,Southend-on-Sea 005,1874
E02003284,Southend-on-Sea 006,1937
E02003285,Southend-on-Sea 007,709
E02003286,Southend-on-Sea 008,1868
E02003287,Southend-on-Sea 009,1296
E02003288,Southend-on-Sea 010,868
E02003289,Southend-on-Sea 011,1061
E02003290,Southend-on-Sea 012,616
E02003291,Southend-on-Sea 013,1474
E02003292,Southend-on-Sea 014,675
E02003293,Southend-on-Sea 015,500
E02003294,Southend-on-Sea 016,1337
E02003295,Southend-on-Sea 017,1460
E02003296,Thurrock 001,1397
E02003297,Thurrock 002,1296
E02003298,Thurrock 003,1451
E02003299,Thurrock 004,902
E02003300,Thurrock 005,1437
E02003301,Thurrock 006,1235
E02003302,Thurrock 007,1051
E02003303,Thurrock 008,1533
E02003304,Thurrock 009,1835
E02003305,Thurrock 010,1666
E02003307,Thurrock 012,1431
E02003308,Thurrock 013,1388
E02003309,Thurrock 014,1336
E02003311,Thurrock 016,686
E02003312,Thurrock 017,374
E02003313,Thurrock 018,1548
E02003314,Medway 001,1053
E02003315,Medway 002,923
E02003316,Medway 003,2211
E02003317,Medway 004,1259
E02003318,Medway 005,1177
E02003319,Medway 006,608
E02003320,Medway 007,617
E02003321,Medway 008,1047
E02003322,Medway 009,358
E02003323,Medway 010,538
E02003324,Medway 011,1443
E02003325,Medway 012,229
E02003326,Medway 013,589
E02003327,Medway 014,400
E02003328,Medway 015,437
E02003329,Medway 016,258
E02003330,Medway 017,754
E02003331,Medway 018,1617
E02003332,Medway 019,800
E02003333,Medway 020,340
E02003334,Medway 021,375
E02003335,Medway 022,468
E02003336,Medway 023,1630
E02003337,Medway 024,1364
E02003338,Medway 025,732
E02003339,Medway 026,727
E02003340,Medway 027,1782
E02003341,Medway 028,1111
E02003342,Medway 029,1409
E02003343,Medway 030,887
E02003344,Medway 031,701
E02003345,Medway 032,647
E02003346,Medway 033,1250
E02003347,Medway 034,763
E02003348,Medway 035,1072
E02003349,Medway 036,809
E02003350,Medway 037,937
E02003351,Medway 038,1083
E02003352,Bracknell Forest 001,370
E02003353,Bracknell Forest 002,1217
E02003354,Bracknell Forest 003,701
E02003355,Bracknell Forest 004,614
E02003356,Bracknell Forest 005,1121
E02003357,Bracknell Forest 006,654
E02003358,Bracknell Forest 007,962
E02003359,Bracknell Forest 008,481
E02003360,Bracknell Forest 009,986
E02003361,Bracknell Forest 010,606
E02003362,Bracknell Forest 011,512
E02003363,Bracknell Forest 012,499
E02003364,Bracknell Forest 013,825
E02003365,Bracknell Forest 014,662
E02003366,Bracknell Forest 015,706
E02003367,West Berkshire 001,871
E02003368,West Berkshire 002,749
E02003369,West Berkshire 003,733
E02003370,West Berkshire 004,726
E02003371,West Berkshire 005,1345
E02003372,West Berkshire 006,1503
E02003373,West Berkshire 007,859
E02003374,West Berkshire 008,917
E02003375,West Berkshire 009,903
E02003376,West Berkshire 010,915
E02003377,West Berkshire 011,1097
E02003378,West Berkshire 012,1084
E02003379,West Berkshire 013,1005
E02003380,West Berkshire 014,1522
E02003381,West Berkshire 015,697
E02003382,West Berkshire 016,1063
E02003383,West Berkshire 017,945
E02003384,West Berkshire 018,850
E02003385,West Berkshire 019,759
E02003386,West Berkshire 020,1122
E02003387,West Berkshire 021,1188
E02003388,West Berkshire 022,833
E02003389,Reading 001,1224
E02003390,Reading 002,871
E02003391,Reading 003,1392
E02003392,Reading 004,732
E02003393,Reading 005,1166
E02003394,Reading 006,1171
E02003395,Reading 007,472
E02003396,Reading 008,923
E02003397,Reading 009,1293
E02003398,Reading 010,362
E02003400,Reading 012,727
E02003401,Reading 013,798
E02003402,Reading 014,442
E02003403,Reading 015,1427
E02003404,Reading 016,736
E02003405,Reading 017,1963
E02003406,Reading 018,1600
E02003407,Slough 001,909
E02003408,Slough 002,1444
E02003409,Slough 003,843
E02003410,Slough 004,1485
E02003411,Slough 005,1191
E02003412,Slough 006,1665
E02003414,Slough 008,1339
E02003415,Slough 009,877
E02003416,Slough 010,1108
E02003417,Slough 011,814
E02003418,Slough 012,969
E02003419,Slough 013,756
E02003420,Slough 014,715
E02003421,Windsor and Maidenhead 001,653
E02003422,Windsor and Maidenhead 002,1509
E02003423,Windsor and Maidenhead 003,881
E02003424,Windsor and Maidenhead 004,383
E02003425,Windsor and Maidenhead 005,946
E02003426,Windsor and Maidenhead 006,1250
E02003427,Windsor and Maidenhead 007,1237
E02003428,Windsor and Maidenhead 008,1290
E02003429,Windsor and Maidenhead 009,600
E02003430,Windsor and Maidenhead 010,521
E02003431,Windsor and Maidenhead 011,782
E02003432,Windsor and Maidenhead 012,734
E02003433,Windsor and Maidenhead 013,903
E02003434,Windsor and Maidenhead 014,1244
E02003435,Windsor and Maidenhead 015,470
E02003436,Windsor and Maidenhead 016,1037
E02003437,Windsor and Maidenhead 017,624
E02003438,Windsor and Maidenhead 018,864
E02003439,Wokingham 001,542
E02003440,Wokingham 002,945
E02003441,Wokingham 003,1244
E02003442,Wokingham 004,906
E02003443,Wokingham 005,1029
E02003444,Wokingham 006,1834
E02003445,Wokingham 007,2061
E02003446,Wokingham 008,923
E02003447,Wokingham 009,875
E02003448,Wokingham 010,961
E02003449,Wokingham 011,677
E02003450,Wokingham 012,1656
E02003451,Wokingham 013,952
E02003452,Wokingham 014,1017
E02003453,Wokingham 015,453
E02003454,Wokingham 016,824
E02003455,Wokingham 017,1293
E02003456,Wokingham 018,787
E02003457,Wokingham 019,534
E02003458,Wokingham 020,662
E02003459,Milton Keynes 001,1002
E02003460,Milton Keynes 002,1588
E02003461,Milton Keynes 003,1335
E02003462,Milton Keynes 004,1104
E02003463,Milton Keynes 005,608
E02003464,Milton Keynes 006,958
E02003465,Milton Keynes 007,904
E02003466,Milton Keynes 008,589
E02003467,Milton Keynes 009,550
E02003468,Milton Keynes 010,1443
E02003469,Milton Keynes 011,799
E02003470,Milton Keynes 012,501
E02003471,Milton Keynes 013,800
E02003472,Milton Keynes 014,385
E02003473,Milton Keynes 015,615
E02003474,Milton Keynes 016,739
E02003476,Milton Keynes 018,714
E02003478,Milton Keynes 020,1047
E02003479,Milton Keynes 021,956
E02003480,Milton Keynes 022,1097
E02003481,Milton Keynes 023,669
E02003482,Milton Keynes 024,1090
E02003483,Milton Keynes 025,1013
E02003484,Milton Keynes 026,824
E02003485,Milton Keynes 027,1157
E02003486,Milton Keynes 028,1089
E02003487,Milton Keynes 029,1150
E02003488,Milton Keynes 030,1377
E02003489,Milton Keynes 031,1578
E02003490,Milton Keynes 032,1158
E02003491,Brighton and Hove 001,2136
E02003492,Brighton and Hove 002,1185
E02003493,Brighton and Hove 003,1015
E02003494,Brighton and Hove 004,1114
E02003495,Brighton and Hove 005,1392
E02003496,Brighton and Hove 006,1410
E02003497,Brighton and Hove 007,977
E02003498,Brighton and Hove 008,753
E02003499,Brighton and Hove 009,1721
E02003500,Brighton and Hove 010,405
E02003501,Brighton and Hove 011,351
E02003502,Brighton and Hove 012,1163
E02003503,Brighton and Hove 013,1896
E02003504,Brighton and Hove 014,391
E02003505,Brighton and Hove 015,142
E02003506,Brighton and Hove 016,402
E02003507,Brighton and Hove 017,1178
E02003508,Brighton and Hove 018,254
E02003509,Brighton and Hove 019,222
E02003510,Brighton and Hove 020,341
E02003511,Brighton and Hove 021,1163
E02003512,Brighton and Hove 022,126
E02003513,Brighton and Hove 023,672
E02003514,Brighton and Hove 024,117
E02003515,Brighton and Hove 025,1413
E02003516,Brighton and Hove 026,61
E02003517,Brighton and Hove 027,191
E02003518,Brighton and Hove 028,251
E02003519,Brighton and Hove 029,66
E02003520,Brighton and Hove 030,179
E02003521,Brighton and Hove 031,134
E02003522,Brighton and Hove 032,342
E02003523,Brighton and Hove 033,750
E02003524,Portsmouth 001,1327
E02003525,Portsmouth 002,970
E02003526,Portsmouth 003,1119
E02003527,Portsmouth 004,879
E02003529,Portsmouth 006,857
E02003530,Portsmouth 007,955
E02003531,Portsmouth 008,906
E02003532,Portsmouth 009,494
E02003533,Portsmouth 010,209
E02003534,Portsmouth 011,572
E02003535,Portsmouth 012,269
E02003536,Portsmouth 013,164
E02003537,Portsmouth 014,731
E02003538,Portsmouth 015,278
E02003540,Portsmouth 017,684
E02003541,Portsmouth 018,218
E02003542,Portsmouth 019,199
E02003543,Portsmouth 020,349
E02003544,Portsmouth 021,191
E02003545,Portsmouth 022,300
E02003546,Portsmouth 023,473
E02003547,Portsmouth 024,244
E02003548,Portsmouth 025,371
E02003549,Southampton 001,637
E02003550,Southampton 002,745
E02003551,Southampton 003,464
E02003552,Southampton 004,786
E02003553,Southampton 005,1400
E02003554,Southampton 006,615
E02003555,Southampton 007,1075
E02003556,Southampton 008,907
E02003557,Southampton 009,648
E02003558,Southampton 010,802
E02003559,Southampton 011,1300
E02003560,Southampton 012,554
E02003561,Southampton 013,738
E02003562,Southampton 014,976
E02003563,Southampton 015,1008
E02003564,Southampton 016,998
E02003565,Southampton 017,454
E02003566,Southampton 018,787
E02003567,Southampton 019,1503
E02003568,Southampton 020,715
E02003569,Southampton 021,760
E02003570,Southampton 022,344
E02003571,Southampton 023,423
E02003572,Southampton 024,887
E02003573,Southampton 025,630
E02003574,Southampton 026,1392
E02003575,Southampton 027,617
E02003576,Southampton 028,1092
E02003578,Southampton 030,1224
E02003579,Southampton 031,1285
E02003580,Southampton 032,450
E02003581,Isle of Wight 001,970
E02003582,Isle of Wight 002,1449
E02003583,Isle of Wight 003,1120
E02003584,Isle of Wight 004,642
E02003585,Isle of Wight 005,719
E02003586,Isle of Wight 006,1391
E02003587,Isle of Wight 007,1526
E02003588,Isle of Wight 008,1327
E02003589,Isle of Wight 009,881
E02003590,Isle of Wight 010,820
E02003591,Isle of Wight 011,1324
E02003592,Isle of Wight 012,1454
E02003593,Isle of Wight 013,564
E02003594,Isle of Wight 014,1206
E02003595,Isle of Wight 015,900
E02003596,Isle of Wight 016,1062
E02003597,Isle of Wight 017,841
E02003598,Isle of Wight 018,881
E02003599,Central Bedfordshire 001,732
E02003600,Central Bedfordshire 002,935
E02003601,Central Bedfordshire 003,1270
E02003602,Central Bedfordshire 004,872
E02003603,Central Bedfordshire 005,1498
E02003604,Central Bedfordshire 006,1971
E02003605,Central Bedfordshire 007,1308
E02003606,Central Bedfordshire 008,1177
E02003607,Central Bedfordshire 009,1558
E02003608,Central Bedfordshire 010,1727
E02003609,Central Bedfordshire 011,1319
E02003610,Central Bedfordshire 012,1141
E02003611,Central Bedfordshire 013,1296
E02003612,Central Bedfordshire 014,1804
E02003613,Central Bedfordshire 015,800
E02003614,Central Bedfordshire 016,1307
E02003615,Central Bedfordshire 017,1343
E02003616,Bedford 001,575
E02003617,Bedford 002,1134
E02003618,Bedford 003,1500
E02003619,Bedford 004,1382
E02003620,Bedford 005,1154
E02003621,Bedford 006,1513
E02003622,Bedford 007,1349
E02003623,Bedford 008,1469
E02003624,Bedford 009,475
E02003625,Bedford 010,636
E02003626,Bedford 011,1028
E02003627,Bedford 012,946
E02003628,Bedford 013,1147
E02003629,Bedford 014,1701
E02003630,Bedford 015,1519
E02003631,Bedford 016,655
E02003632,Bedford 017,1140
E02003633,Bedford 018,1900
E02003635,Bedford 020,1466
E02003636,Central Bedfordshire 018,1336
E02003637,Central Bedfordshire 019,1486
E02003638,Central Bedfordshire 020,1010
E02003639,Central Bedfordshire 021,1109
E02003640,Central Bedfordshire 022,720
E02003641,Central Bedfordshire 023,638
E02003642,Central Bedfordshire 025,1012
E02003643,Central Bedfordshire 024,2062
E02003644,Central Bedfordshire 026,1529
E02003645,Central Bedfordshire 027,1890
E02003646,Central Bedfordshire 028,1799
E02003647,Central Bedfordshire 029,1097
E02003648,Central Bedfordshire 030,788
E02003649,Central Bedfordshire 031,1130
E02003650,Central Bedfordshire 032,717
E02003651,Central Bedfordshire 033,1192
E02003652,Buckinghamshire 001,1149
E02003653,Buckinghamshire 002,819
E02003654,Buckinghamshire 003,836
E02003655,Buckinghamshire 004,1269
E02003656,Buckinghamshire 005,828
E02003657,Buckinghamshire 006,899
E02003658,Buckinghamshire 007,1443
E02003659,Buckinghamshire 009,1235
E02003660,Buckinghamshire 008,1420
E02003661,Buckinghamshire 010,915
E02003662,Buckinghamshire 012,693
E02003663,Buckinghamshire 011,1977
E02003664,Buckinghamshire 013,1050
E02003665,Buckinghamshire 014,900
E02003666,Buckinghamshire 015,516
E02003667,Buckinghamshire 016,1015
E02003668,Buckinghamshire 018,1680
E02003669,Buckinghamshire 017,1254
E02003670,Buckinghamshire 019,964
E02003671,Buckinghamshire 020,691
E02003672,Buckinghamshire 021,1538
E02003673,Buckinghamshire 022,1218
E02003674,Buckinghamshire 023,717
E02003675,Buckinghamshire 024,1536
E02003676,Buckinghamshire 029,790
E02003677,Buckinghamshire 027,1537
E02003678,Buckinghamshire 028,741
E02003679,Buckinghamshire 030,686
E02003680,Buckinghamshire 031,830
E02003681,Buckinghamshire 032,957
E02003682,Buckinghamshire 034,1170
E02003683,Buckinghamshire 035,648
E02003685,Buckinghamshire 047,598
E02003686,Buckinghamshire 050,347
E02003687,Buckinghamshire 054,683
E02003688,Buckinghamshire 053,1066
E02003689,Buckinghamshire 058,288
E02003690,Buckinghamshire 059,772
E02003691,Buckinghamshire 063,494
E02003692,Buckinghamshire 064,997
E02003693,Buckinghamshire 065,634
E02003694,Buckinghamshire 066,1216
E02003695,Buckinghamshire 067,1531
E02003696,Buckinghamshire 026,1522
E02003697,Buckinghamshire 025,579
E02003698,Buckinghamshire 033,827
E02003699,Buckinghamshire 037,728
E02003701,Buckinghamshire 038,1558
E02003702,Buckinghamshire 040,965
E02003703,Buckinghamshire 041,922
E02003704,Buckinghamshire 045,766
E02003705,Buckinghamshire 042,1473
E02003706,Buckinghamshire 043,1123
E02003707,Buckinghamshire 044,1000
E02003708,Buckinghamshire 046,1429
E02003709,Buckinghamshire 048,1105
E02003710,Buckinghamshire 049,1314
E02003711,Buckinghamshire 051,1122
E02003712,Buckinghamshire 052,1106
E02003713,Buckinghamshire 055,740
E02003714,Buckinghamshire 056,979
E02003715,Buckinghamshire 057,391
E02003716,Buckinghamshire 060,824
E02003717,Buckinghamshire 062,913
E02003718,Buckinghamshire 061,578
E02003719,Cambridge 001,1135
E02003720,Cambridge 002,1150
E02003721,Cambridge 003,1448
E02003722,Cambridge 004,1072
E02003723,Cambridge 005,557
E02003724,Cambridge 006,1565
E02003725,Cambridge 007,291
E02003726,Cambridge 008,391
E02003727,Cambridge 009,872
E02003728,Cambridge 010,1439
E02003729,Cambridge 011,1535
E02003731,Cambridge 013,1326
E02003732,East Cambridgeshire 001,1602
E02003733,East Cambridgeshire 002,1164
E02003734,East Cambridgeshire 003,1432
E02003735,East Cambridgeshire 004,986
E02003736,East Cambridgeshire 005,1289
E02003737,East Cambridgeshire 006,1975
E02003738,East Cambridgeshire 007,906
E02003739,East Cambridgeshire 008,744
E02003740,East Cambridgeshire 009,938
E02003742,Fenland 001,778
E02003743,Fenland 002,1843
E02003744,Fenland 003,1565
E02003745,Fenland 004,1330
E02003746,Fenland 005,790
E02003747,Fenland 006,1620
E02003748,Fenland 007,1152
E02003749,Fenland 008,771
E02003750,Fenland 009,823
E02003751,Fenland 010,852
E02003752,Fenland 011,1662
E02003753,Huntingdonshire 001,1728
E02003754,Huntingdonshire 002,779
E02003755,Huntingdonshire 003,1297
E02003756,Huntingdonshire 004,1073
E02003757,Huntingdonshire 005,778
E02003758,Huntingdonshire 006,1320
E02003759,Huntingdonshire 007,785
E02003760,Huntingdonshire 008,1031
E02003761,Huntingdonshire 009,591
E02003762,Huntingdonshire 010,1679
E02003763,Huntingdonshire 011,1286
E02003764,Huntingdonshire 012,1022
E02003765,Huntingdonshire 013,1148
E02003766,Huntingdonshire 014,973
E02003767,Huntingdonshire 015,665
E02003768,Huntingdonshire 016,1112
E02003769,Huntingdonshire 017,817
E02003770,Huntingdonshire 018,1296
E02003771,Huntingdonshire 019,920
E02003772,Huntingdonshire 020,676
E02003773,Huntingdonshire 021,1483
E02003774,Huntingdonshire 022,787
E02003775,South Cambridgeshire 001,743
E02003776,South Cambridgeshire 002,925
E02003777,South Cambridgeshire 003,1279
E02003778,South Cambridgeshire 004,844
E02003780,South Cambridgeshire 006,1652
E02003781,South Cambridgeshire 007,811
E02003784,South Cambridgeshire 010,1296
E02003785,South Cambridgeshire 011,1223
E02003786,South Cambridgeshire 012,1084
E02003787,South Cambridgeshire 013,1140
E02003788,South Cambridgeshire 014,946
E02003789,South Cambridgeshire 015,1450
E02003790,South Cambridgeshire 016,1578
E02003791,South Cambridgeshire 017,1238
E02003792,South Cambridgeshire 018,1497
E02003793,South Cambridgeshire 019,1032
E02004356,Eastbourne 001,1159
E02004357,Eastbourne 002,817
E02004358,Eastbourne 003,940
E02004359,Eastbourne 004,912
E02004361,Eastbourne 006,1040
E02004362,Eastbourne 007,1484
E02004363,Eastbourne 008,288
E02004364,Eastbourne 009,833
E02004365,Eastbourne 010,267
E02004366,Eastbourne 011,129
E02004367,Eastbourne 012,372
E02004368,Hastings 001,702
E02004369,Hastings 002,1176
E02004370,Hastings 003,1078
E02004371,Hastings 004,849
E02004372,Hastings 005,690
E02004373,Hastings 006,1314
E02004374,Hastings 007,744
E02004375,Hastings 008,495
E02004376,Hastings 009,195
E02004377,Hastings 010,1459
E02004378,Hastings 011,133
E02004379,Lewes 001,959
E02004380,Lewes 002,980
E02004381,Lewes 003,1124
E02004382,Lewes 004,1183
E02004383,Lewes 005,986
E02004384,Lewes 006,882
E02004385,Lewes 007,979
E02004386,Lewes 008,785
E02004387,Lewes 009,836
E02004388,Lewes 010,1010
E02004389,Lewes 011,892
E02004390,Lewes 012,845
E02004391,Lewes 013,463
E02004392,Rother 001,1176
E02004393,Rother 002,707
E02004394,Rother 003,928
E02004395,Rother 004,1201
E02004396,Rother 005,800
E02004397,Rother 006,799
E02004398,Rother 007,1600
E02004399,Rother 008,785
E02004400,Rother 009,542
E02004401,Rother 010,776
E02004402,Rother 011,303
E02004403,Wealden 001,783
E02004404,Wealden 002,812
E02004405,Wealden 003,589
E02004406,Wealden 004,451
E02004407,Wealden 005,921
E02004408,Wealden 006,1304
E02004409,Wealden 007,493
E02004410,Wealden 008,871
E02004411,Wealden 009,1216
E02004412,Wealden 010,1013
E02004413,Wealden 011,899
E02004414,Wealden 012,762
E02004415,Wealden 013,778
E02004416,Wealden 014,772
E02004417,Wealden 015,1001
E02004418,Wealden 016,850
E02004419,Wealden 017,844
E02004420,Wealden 018,1804
E02004421,Wealden 019,2019
E02004422,Wealden 020,1545
E02004423,Wealden 021,1438
E02004424,Basildon 001,998
E02004425,Basildon 002,1314
E02004426,Basildon 003,1105
E02004427,Basildon 004,1430
E02004428,Basildon 005,1107
E02004429,Basildon 006,1563
E02004430,Basildon 007,1586
E02004431,Basildon 008,1217
E02004432,Basildon 009,932
E02004433,Basildon 010,889
E02004434,Basildon 011,878
E02004435,Basildon 012,744
E02004436,Basildon 013,402
E02004437,Basildon 014,901
E02004438,Basildon 015,456
E02004439,Basildon 016,966
E02004440,Basildon 017,415
E02004441,Basildon 018,817
E02004442,Basildon 019,566
E02004443,Basildon 020,721
E02004444,Basildon 021,581
E02004445,Basildon 022,676
E02004446,Braintree 001,987
E02004447,Braintree 002,770
E02004448,Braintree 003,1276
E02004449,Braintree 004,1410
E02004450,Braintree 005,1061
E02004451,Braintree 006,1438
E02004452,Braintree 007,1233
E02004453,Braintree 008,1375
E02004454,Braintree 009,1107
E02004455,Braintree 010,1075
E02004456,Braintree 011,1541
E02004457,Braintree 012,1900
E02004458,Braintree 013,1035
E02004459,Braintree 014,1634
E02004460,Braintree 015,1793
E02004461,Braintree 016,381
E02004462,Braintree 017,1135
E02004463,Braintree 018,1388
E02004464,Brentwood 001,1328
E02004465,Brentwood 002,1043
E02004466,Brentwood 003,1433
E02004467,Brentwood 004,1250
E02004468,Brentwood 005,896
E02004469,Brentwood 006,1265
E02004470,Brentwood 007,922
E02004471,Brentwood 008,956
E02004472,Brentwood 009,1228
E02004473,Castle Point 001,1848
E02004474,Castle Point 002,1630
E02004475,Castle Point 003,1272
E02004476,Castle Point 004,1232
E02004477,Castle Point 005,1318
E02004478,Castle Point 006,1078
E02004479,Castle Point 007,1657
E02004480,Castle Point 008,739
E02004481,Castle Point 009,595
E02004482,Castle Point 010,1221
E02004483,Castle Point 011,972
E02004484,Castle Point 012,693
E02004485,Chelmsford 001,1162
E02004486,Chelmsford 002,1592
E02004487,Chelmsford 003,1039
E02004488,Chelmsford 004,1318
E02004489,Chelmsford 005,1168
E02004490,Chelmsford 006,1239
E02004491,Chelmsford 007,854
E02004492,Chelmsford 008,1347
E02004493,Chelmsford 009,1163
E02004495,Chelmsford 011,1615
E02004496,Chelmsford 012,1718
E02004497,Chelmsford 013,1202
E02004498,Chelmsford 014,1413
E02004499,Chelmsford 015,960
E02004500,Chelmsford 016,725
E02004501,Chelmsford 017,982
E02004502,Chelmsford 018,796
E02004503,Chelmsford 019,1142
E02004504,Chelmsford 020,407
E02004505,Chelmsford 021,996
E02004506,Colchester 001,769
E02004507,Colchester 002,1143
E02004508,Colchester 003,831
E02004512,Colchester 007,1061
E02004513,Colchester 008,958
E02004514,Colchester 009,560
E02004515,Colchester 010,1268
E02004516,Colchester 011,1335
E02004517,Colchester 012,1247
E02004518,Colchester 013,1269
E02004519,Colchester 014,1426
E02004520,Colchester 015,1093
E02004521,Colchester 016,1389
E02004522,Colchester 017,1433
E02004523,Colchester 018,1564
E02004524,Colchester 019,1000
E02004525,Colchester 020,1500
E02004526,Colchester 021,601
E02004527,Epping Forest 001,1296
E02004528,Epping Forest 002,1202
E02004529,Epping Forest 003,960
E02004530,Epping Forest 004,1292
E02004531,Epping Forest 005,1172
E02004532,Epping Forest 006,873
E02004533,Epping Forest 007,1023
E02004534,Epping Forest 008,954
E02004535,Epping Forest 009,528
E02004536,Epping Forest 010,1259
E02004537,Epping Forest 011,1135
E02004538,Epping Forest 012,1347
E02004539,Epping Forest 013,964
E02004540,Epping Forest 014,678
E02004541,Epping Forest 015,1621
E02004542,Epping Forest 016,727
E02004543,Epping Forest 017,683
E02004544,Harlow 001,1322
E02004545,Harlow 002,344
E02004546,Harlow 003,472
E02004547,Harlow 004,577
E02004548,Harlow 005,975
E02004549,Harlow 006,367
E02004550,Harlow 007,380
E02004551,Harlow 008,500
E02004552,Harlow 009,565
E02004553,Harlow 010,613
E02004554,Harlow 011,436
E02004555,Maldon 001,896
E02004556,Maldon 002,727
E02004557,Maldon 003,1277
E02004558,Maldon 004,987
E02004559,Maldon 005,1319
E02004560,Maldon 006,1155
E02004561,Maldon 007,1006
E02004562,Maldon 008,1125
E02004563,Rochford 001,1206
E02004564,Rochford 002,1409
E02004566,Rochford 004,912
E02004567,Rochford 005,1566
E02004568,Rochford 006,1545
E02004569,Rochford 007,1700
E02004570,Rochford 008,1756
E02004571,Rochford 009,1660
E02004572,Rochford 010,1576
E02004573,Tendring 001,585
E02004574,Tendring 002,1348
E02004575,Tendring 003,1842
E02004576,Tendring 004,1298
E02004577,Tendring 005,737
E02004578,Tendring 006,835
E02004579,Tendring 007,1045
E02004580,Tendring 008,1880
E02004581,Tendring 009,1293
E02004582,Tendring 010,1702
E02004583,Tendring 011,1408
E02004584,Tendring 012,807
E02004585,Tendring 013,1505
E02004586,Tendring 014,905
E02004587,Tendring 015,1111
E02004588,Tendring 016,632
E02004589,Tendring 017,1104
E02004590,Tendring 018,1157
E02004591,Uttlesford 001,1030
E02004592,Uttlesford 002,1852
E02004593,Uttlesford 003,1138
E02004594,Uttlesford 004,988
E02004595,Uttlesford 005,1891
E02004596,Uttlesford 006,1210
E02004597,Uttlesford 007,1004
E02004598,Uttlesford 008,1397
E02004599,Uttlesford 009,917
E02004675,Basingstoke and Deane 001,1314
E02004676,Basingstoke and Deane 002,767
E02004677,Basingstoke and Deane 003,702
E02004678,Basingstoke and Deane 004,1054
E02004679,Basingstoke and Deane 005,1313
E02004680,Basingstoke and Deane 006,803
E02004681,Basingstoke and Deane 007,874
E02004682,Basingstoke and Deane 008,702
E02004683,Basingstoke and Deane 009,1193
E02004684,Basingstoke and Deane 010,1177
E02004685,Basingstoke and Deane 011,703
E02004686,Basingstoke and Deane 012,692
E02004687,Basingstoke and Deane 013,668
E02004688,Basingstoke and Deane 014,1165
E02004689,Basingstoke and Deane 015,712
E02004690,Basingstoke and Deane 016,1357
E02004691,Basingstoke and Deane 017,831
E02004692,Basingstoke and Deane 018,784
E02004693,Basingstoke and Deane 019,696
E02004694,Basingstoke and Deane 020,972
E02004695,Basingstoke and Deane 021,505
E02004696,Basingstoke and Deane 022,898
E02004697,East Hampshire 001,752
E02004698,East Hampshire 002,797
E02004699,East Hampshire 003,1490
E02004700,East Hampshire 004,819
E02004702,East Hampshire 006,913
E02004703,East Hampshire 007,1042
E02004704,East Hampshire 008,737
E02004705,East Hampshire 009,1018
E02004706,East Hampshire 010,887
E02004707,East Hampshire 011,1191
E02004708,East Hampshire 012,1108
E02004709,East Hampshire 013,928
E02004710,East Hampshire 014,628
E02004712,Eastleigh 001,362
E02004713,Eastleigh 002,937
E02004714,Eastleigh 003,777
E02004715,Eastleigh 004,1478
E02004716,Eastleigh 005,1583
E02004717,Eastleigh 006,1748
E02004718,Eastleigh 007,523
E02004719,Eastleigh 008,1282
E02004720,Eastleigh 009,1327
E02004721,Eastleigh 010,943
E02004722,Eastleigh 011,1128
E02004723,Eastleigh 012,936
E02004724,Eastleigh 013,1424
E02004725,Eastleigh 014,940
E02004726,Eastleigh 015,802
E02004727,Fareham 001,841
E02004728,Fareham 002,906
E02004729,Fareham 003,1186
E02004730,Fareham 004,1337
E02004731,Fareham 005,611
E02004732,Fareham 006,808
E02004733,Fareham 007,1004
E02004734,Fareham 008,1415
E02004735,Fareham 009,1333
E02004736,Fareham 010,1817
E02004737,Fareham 011,642
E02004738,Fareham 012,1687
E02004739,Fareham 013,1172
E02004740,Fareham 014,910
E02004741,Gosport 001,1506
E02004742,Gosport 002,1318
E02004743,Gosport 003,982
E02004744,Gosport 004,796
E02004745,Gosport 005,905
E02004746,Gosport 006,1112
E02004747,Gosport 007,894
E02004748,Gosport 008,487
E02004749,Gosport 009,965
E02004750,Gosport 010,912
E02004751,Hart 001,1169
E02004752,Hart 002,992
E02004753,Hart 003,1067
E02004754,Hart 004,745
E02004755,Hart 005,873
E02004756,Hart 006,811
E02004757,Hart 007,607
E02004758,Hart 008,831
E02004759,Hart 009,1344
E02004760,Hart 010,880
E02004761,Hart 011,920
E02004764,Havant 003,1467
E02004765,Havant 004,859
E02004766,Havant 005,1002
E02004767,Havant 006,484
E02004768,Havant 007,621
E02004769,Havant 008,818
E02004770,Havant 009,785
E02004771,Havant 010,1164
E02004772,Havant 011,1447
E02004774,Havant 013,1226
E02004775,Havant 014,1133
E02004776,Havant 015,606
E02004777,Havant 016,446
E02004778,Havant 017,570
E02004779,New Forest 001,1243
E02004780,New Forest 002,778
E02004781,New Forest 003,805
E02004782,New Forest 004,1281
E02004783,New Forest 005,1089
E02004784,New Forest 006,367
E02004785,New Forest 007,499
E02004786,New Forest 008,734
E02004787,New Forest 009,585
E02004788,New Forest 010,663
E02004789,New Forest 011,1499
E02004790,New Forest 012,1126
E02004791,New Forest 013,890
E02004792,New Forest 014,817
E02004793,New Forest 015,598
E02004794,New Forest 016,595
E02004795,New Forest 017,899
E02004796,New Forest 018,823
E02004797,New Forest 019,1296
E02004798,New Forest 020,741
E02004799,New Forest 021,553
E02004800,New Forest 022,216
E02004801,New Forest 023,570
E02004802,Rushmoor 001,1032
E02004803,Rushmoor 002,710
E02004804,Rushmoor 003,1198
E02004805,Rushmoor 004,819
E02004806,Rushmoor 005,1108
E02004807,Rushmoor 006,1503
E02004808,Rushmoor 007,1243
E02004809,Rushmoor 008,1039
E02004810,Rushmoor 009,1110
E02004811,Rushmoor 010,822
E02004812,Rushmoor 011,1076
E02004813,Rushmoor 012,937
E02004814,Test Valley 001,916
E02004815,Test Valley 002,642
E02004817,Test Valley 004,1038
E02004818,Test Valley 005,1321
E02004819,Test Valley 006,863
E02004820,Test Valley 007,1101
E02004821,Test Valley 008,629
E02004822,Test Valley 009,1080
E02004823,Test Valley 010,1078
E02004824,Test Valley 011,708
E02004825,Test Valley 012,1252
E02004826,Test Valley 013,738
E02004827,Test Valley 014,458
E02004828,Test Valley 015,557
E02004829,Winchester 001,668
E02004830,Winchester 002,739
E02004831,Winchester 003,1120
E02004832,Winchester 004,1046
E02004833,Winchester 005,1092
E02004834,Winchester 006,759
E02004835,Winchester 007,505
E02004836,Winchester 008,1033
E02004837,Winchester 009,720
E02004838,Winchester 010,925
E02004839,Winchester 011,939
E02004840,Winchester 012,1236
E02004841,Winchester 013,1172
E02004842,Winchester 014,1381
E02004843,Broxbourne 001,1037
E02004844,Broxbourne 002,1209
E02004845,Broxbourne 003,650
E02004846,Broxbourne 004,706
E02004847,Broxbourne 005,991
E02004848,Broxbourne 006,950
E02004849,Broxbourne 007,905
E02004850,Broxbourne 008,1018
E02004851,Broxbourne 009,499
E02004852,Broxbourne 010,1124
E02004853,Broxbourne 011,789
E02004854,Broxbourne 012,1070
E02004855,Broxbourne 013,590
E02004856,Dacorum 001,847
E02004857,Dacorum 002,760
E02004858,Dacorum 003,743
E02004859,Dacorum 004,577
E02004860,Dacorum 005,448
E02004861,Dacorum 006,642
E02004862,Dacorum 007,437
E02004863,Dacorum 008,661
E02004864,Dacorum 009,573
E02004865,Dacorum 010,371
E02004866,Dacorum 011,548
E02004867,Dacorum 012,815
E02004868,Dacorum 013,871
E02004869,Dacorum 014,561
E02004870,Dacorum 015,905
E02004871,Dacorum 016,593
E02004872,Dacorum 017,803
E02004873,Dacorum 018,1149
E02004874,Dacorum 019,944
E02004875,Dacorum 020,1066
E02004876,Dacorum 021,894
E02004877,Dacorum 022,671
E02004878,East Hertfordshire 001,1325
E02004880,East Hertfordshire 003,1051
E02004881,East Hertfordshire 004,764
E02004882,East Hertfordshire 005,1153
E02004883,East Hertfordshire 006,959
E02004884,East Hertfordshire 007,1481
E02004885,East Hertfordshire 008,965
E02004886,East Hertfordshire 009,905
E02004887,East Hertfordshire 010,947
E02004888,East Hertfordshire 011,1073
E02004889,East Hertfordshire 012,1930
E02004890,East Hertfordshire 013,895
E02004891,East Hertfordshire 014,1136
E02004892,East Hertfordshire 015,706
E02004893,East Hertfordshire 016,679
E02004894,East Hertfordshire 017,750
E02004895,East Hertfordshire 018,1103
E02004896,Hertsmere 001,1255
E02004897,Hertsmere 002,1843
E02004898,Hertsmere 003,1304
E02004899,Hertsmere 004,669
E02004900,Hertsmere 005,608
E02004901,Hertsmere 006,1285
E02004902,Hertsmere 007,616
E02004903,Hertsmere 008,1166
E02004904,Hertsmere 009,690
E02004905,Hertsmere 010,621
E02004906,Hertsmere 011,1486
E02004907,Hertsmere 012,1201
E02004908,Hertsmere 013,1095
E02004909,North Hertfordshire 001,645
E02004910,North Hertfordshire 002,1621
E02004911,North Hertfordshire 003,857
E02004912,North Hertfordshire 004,1573
E02004914,North Hertfordshire 006,830
E02004915,North Hertfordshire 007,885
E02004916,North Hertfordshire 008,766
E02004917,North Hertfordshire 009,384
E02004918,North Hertfordshire 010,1032
E02004919,North Hertfordshire 011,1496
E02004920,North Hertfordshire 012,1407
E02004921,North Hertfordshire 013,1244
E02004922,North Hertfordshire 014,1435
E02004923,North Hertfordshire 015,1274
E02004924,St Albans 001,867
E02004925,St Albans 002,987
E02004926,St Albans 003,788
E02004927,St Albans 004,826
E02004928,St Albans 005,667
E02004929,St Albans 006,814
E02004930,St Albans 007,792
E02004931,St Albans 008,1344
E02004932,St Albans 009,1296
E02004933,St Albans 010,757
E02004934,St Albans 011,655
E02004935,St Albans 012,633
E02004936,St Albans 013,1186
E02004937,St Albans 014,541
E02004939,St Albans 016,836
E02004940,St Albans 017,995
E02004941,St Albans 018,1106
E02004942,St Albans 019,845
E02004943,St Albans 020,1053
E02004944,Stevenage 001,339
E02004945,Stevenage 002,1391
E02004946,Stevenage 003,344
E02004948,Stevenage 005,547
E02004949,Stevenage 006,640
E02004950,Stevenage 007,355
E02004951,Stevenage 008,547
E02004952,Stevenage 009,572
E02004953,Stevenage 010,560
E02004954,Stevenage 011,587
E02004955,Stevenage 012,384
E02004956,Three Rivers 001,1231
E02004957,Three Rivers 002,1434
E02004958,Three Rivers 003,1428
E02004959,Three Rivers 004,187
E02004960,Three Rivers 005,529
E02004961,Three Rivers 006,1998
E02004962,Three Rivers 007,1156
E02004963,Three Rivers 008,1190
E02004964,Three Rivers 009,1067
E02004965,Three Rivers 010,1430
E02004966,Three Rivers 011,292
E02004967,Three Rivers 012,1034
E02004968,Watford 001,1071
E02004969,Watford 002,1401
E02004970,Watford 003,1233
E02004971,Watford 004,1527
E02004972,Watford 005,1629
E02004973,Watford 006,579
E02004974,Watford 007,482
E02004975,Watford 008,803
E02004976,Watford 009,436
E02004977,Watford 010,459
E02004978,Watford 011,731
E02004979,Watford 012,786
E02004980,Welwyn Hatfield 001,471
E02004981,Welwyn Hatfield 002,1033
E02004982,Welwyn Hatfield 003,621
E02004983,Welwyn Hatfield 004,491
E02004984,Welwyn Hatfield 005,429
E02004985,Welwyn Hatfield 006,885
E02004986,Welwyn Hatfield 007,782
E02004987,Welwyn Hatfield 008,888
E02004988,Welwyn Hatfield 009,816
E02004989,Welwyn Hatfield 010,1192
E02004990,Welwyn Hatfield 011,596
E02004991,Welwyn Hatfield 012,654
E02004992,Welwyn Hatfield 013,656
E02004994,Welwyn Hatfield 015,712
E02004995,Welwyn Hatfield 016,343
E02004996,Ashford 001,883
E02004997,Ashford 002,1004
E02004998,Ashford 003,1173
E02005000,Ashford 005,1341
E02005001,Ashford 006,1675
E02005002,Ashford 007,1348
E02005003,Ashford 008,1222
E02005004,Ashford 009,1108
E02005005,Ashford 010,1063
E02005006,Ashford 011,614
E02005007,Ashford 012,1068
E02005008,Ashford 013,1102
E02005009,Ashford 014,932
E02005010,Canterbury 001,441
E02005011,Canterbury 002,704
E02005012,Canterbury 003,1239
E02005013,Canterbury 004,1349
E02005014,Canterbury 005,1242
E02005015,Canterbury 006,1354
E02005016,Canterbury 007,1320
E02005017,Canterbury 008,698
E02005018,Canterbury 009,1175
E02005019,Canterbury 010,936
E02005020,Canterbury 011,1709
E02005021,Canterbury 012,959
E02005022,Canterbury 013,784
E02005023,Canterbury 014,1054
E02005025,Canterbury 016,963
E02005026,Canterbury 017,1092
E02005027,Canterbury 018,721
E02005028,Dartford 001,1283
E02005029,Dartford 002,1516
E02005030,Dartford 003,973
E02005031,Dartford 004,668
E02005032,Dartford 005,947
E02005033,Dartford 006,758
E02005034,Dartford 007,1616
E02005035,Dartford 008,1416
E02005036,Dartford 009,773
E02005037,Dartford 010,1221
E02005038,Dartford 011,1049
E02005039,Dartford 012,1309
E02005040,Dartford 013,870
E02005041,Dover 001,1048
E02005042,Dover 002,1532
E02005043,Dover 003,1275
E02005044,Dover 004,484
E02005045,Dover 005,1835
E02005046,Dover 006,1595
E02005047,Dover 007,1239
E02005048,Dover 008,920
E02005049,Dover 009,794
E02005050,Dover 010,1597
E02005051,Dover 011,1391
E02005052,Dover 012,375
E02005053,Dover 013,498
E02005054,Dover 014,1108
E02005055,Gravesham 001,527
E02005056,Gravesham 002,476
E02005057,Gravesham 003,1195
E02005058,Gravesham 004,710
E02005059,Gravesham 005,986
E02005060,Gravesham 006,1743
E02005061,Gravesham 007,1381
E02005062,Gravesham 008,1558
E02005063,Gravesham 009,1152
E02005064,Gravesham 010,1070
E02005065,Gravesham 011,1039
E02005066,Gravesham 012,1582
E02005067,Gravesham 013,380
E02005068,Maidstone 001,666
E02005069,Maidstone 002,1299
E02005070,Maidstone 003,2080
E02005071,Maidstone 004,689
E02005072,Maidstone 005,1050
E02005073,Maidstone 006,873
E02005074,Maidstone 007,1446
E02005075,Maidstone 008,1251
E02005076,Maidstone 009,1067
E02005077,Maidstone 010,1499
E02005078,Maidstone 011,1201
E02005079,Maidstone 012,1620
E02005080,Maidstone 013,1646
E02005081,Maidstone 014,1156
E02005082,Maidstone 015,1586
E02005083,Maidstone 016,1469
E02005084,Maidstone 017,912
E02005085,Maidstone 018,1040
E02005086,Maidstone 019,1137
E02005087,Sevenoaks 001,1332
E02005088,Sevenoaks 002,1448
E02005089,Sevenoaks 003,1226
E02005090,Sevenoaks 004,507
E02005091,Sevenoaks 005,846
E02005093,Sevenoaks 007,729
E02005094,Sevenoaks 008,1010
E02005095,Sevenoaks 009,1178
E02005096,Sevenoaks 010,1272
E02005097,Sevenoaks 011,746
E02005098,Sevenoaks 012,579
E02005099,Sevenoaks 013,946
E02005100,Sevenoaks 014,1031
E02005101,Sevenoaks 015,801
E02005102,Folkestone and Hythe 001,738
E02005103,Folkestone and Hythe 002,1273
E02005104,Folkestone and Hythe 003,1491
E02005105,Folkestone and Hythe 004,332
E02005106,Folkestone and Hythe 005,1336
E02005107,Folkestone and Hythe 006,1482
E02005109,Folkestone and Hythe 008,744
E02005110,Folkestone and Hythe 009,939
E02005111,Folkestone and Hythe 010,837
E02005112,Folkestone and Hythe 011,1321
E02005113,Folkestone and Hythe 012,674
E02005114,Folkestone and Hythe 013,1058
E02005115,Swale 001,344
E02005116,Swale 002,962
E02005117,Swale 003,836
E02005118,Swale 004,1544
E02005119,Swale 005,989
E02005120,Swale 006,815
E02005121,Swale 007,1975
E02005122,Swale 008,1093
E02005123,Swale 009,1663
E02005124,Swale 010,798
E02005125,Swale 011,1040
E02005126,Swale 012,1800
E02005127,Swale 013,1380
E02005128,Swale 014,1525
E02005129,Swale 015,1194
E02005130,Swale 016,1523
E02005131,Swale 017,927
E02005132,Thanet 001,362
E02005133,Thanet 002,893
E02005134,Thanet 003,510
E02005135,Thanet 004,1077
E02005136,Thanet 005,1749
E02005137,Thanet 006,1366
E02005138,Thanet 007,1031
E02005139,Thanet 008,1300
E02005140,Thanet 009,1006
E02005141,Thanet 010,806
E02005142,Thanet 011,1597
E02005143,Thanet 012,1117
E02005144,Thanet 013,1620
E02005145,Thanet 014,1246
E02005146,Thanet 015,831
E02005147,Thanet 016,511
E02005148,Thanet 017,1422
E02005149,Tonbridge and Malling 001,1679
E02005150,Tonbridge and Malling 002,1906
E02005151,Tonbridge and Malling 003,1924
E02005153,Tonbridge and Malling 005,1830
E02005154,Tonbridge and Malling 006,1405
E02005155,Tonbridge and Malling 007,1137
E02005156,Tonbridge and Malling 008,1195
E02005157,Tonbridge and Malling 009,1520
E02005158,Tonbridge and Malling 010,1032
E02005159,Tonbridge and Malling 011,1671
E02005160,Tonbridge and Malling 012,1482
E02005161,Tonbridge and Malling 013,1580
E02005162,Tunbridge Wells 001,1797
E02005163,Tunbridge Wells 002,1230
E02005164,Tunbridge Wells 003,1512
E02005165,Tunbridge Wells 004,1057
E02005166,Tunbridge Wells 005,924
E02005167,Tunbridge Wells 006,809
E02005168,Tunbridge Wells 007,974
E02005169,Tunbridge Wells 008,464
E02005170,Tunbridge Wells 009,1175
E02005171,Tunbridge Wells 010,754
E02005172,Tunbridge Wells 011,1103
E02005173,Tunbridge Wells 012,624
E02005174,Tunbridge Wells 013,1040
E02005175,Tunbridge Wells 014,1141
E02005503,Breckland 001,1059
E02005504,Breckland 002,1238
E02005505,Breckland 003,1097
E02005506,Breckland 004,918
E02005507,Breckland 005,1581
E02005508,Breckland 006,922
E02005509,Breckland 007,1141
E02005510,Breckland 008,975
E02005511,Breckland 009,992
E02005512,Breckland 010,1073
E02005513,Breckland 011,1443
E02005514,Breckland 012,971
E02005515,Breckland 013,754
E02005516,Breckland 014,941
E02005517,Breckland 015,454
E02005518,Breckland 016,1436
E02005519,Breckland 017,946
E02005520,Broadland 001,1503
E02005521,Broadland 002,1369
E02005522,Broadland 003,788
E02005523,Broadland 004,1238
E02005524,Broadland 005,720
E02005525,Broadland 006,846
E02005526,Broadland 007,526
E02005527,Broadland 008,1052
E02005528,Broadland 009,1444
E02005529,Broadland 010,1591
E02005530,Broadland 011,1278
E02005531,Broadland 012,1259
E02005532,Broadland 013,2318
E02005533,Broadland 014,1266
E02005534,Broadland 015,2003
E02005535,Broadland 016,781
E02005536,Broadland 017,763
E02005537,Broadland 018,1061
E02005538,Great Yarmouth 001,1072
E02005539,Great Yarmouth 002,999
E02005540,Great Yarmouth 003,1488
E02005541,Great Yarmouth 004,699
E02005542,Great Yarmouth 005,390
E02005543,Great Yarmouth 006,399
E02005544,Great Yarmouth 007,533
E02005545,Great Yarmouth 008,826
E02005546,Great Yarmouth 009,825
E02005547,Great Yarmouth 010,795
E02005548,Great Yarmouth 011,876
E02005549,Great Yarmouth 012,681
E02005550,Great Yarmouth 013,1325
E02005551,King's Lynn and West Norfolk 001,628
E02005552,King's Lynn and West Norfolk 002,1261
E02005553,King's Lynn and West Norfolk 003,1269
E02005554,King's Lynn and West Norfolk 004,1184
E02005555,King's Lynn and West Norfolk 005,583
E02005556,King's Lynn and West Norfolk 006,1585
E02005557,King's Lynn and West Norfolk 007,1186
E02005558,King's Lynn and West Norfolk 008,1009
E02005559,King's Lynn and West Norfolk 009,1500
E02005560,King's Lynn and West Norfolk 010,1052
E02005561,King's Lynn and West Norfolk 011,1045
E02005562,King's Lynn and West Norfolk 012,1154
E02005563,King's Lynn and West Norfolk 013,806
E02005564,King's Lynn and West Norfolk 014,947
E02005565,King's Lynn and West Norfolk 015,1129
E02005566,King's Lynn and West Norfolk 016,1251
E02005567,King's Lynn and West Norfolk 017,1340
E02005568,King's Lynn and West Norfolk 018,1115
E02005569,King's Lynn and West Norfolk 019,1117
E02005570,North Norfolk 001,764
E02005571,North Norfolk 002,1013
E02005572,North Norfolk 003,717
E02005573,North Norfolk 004,721
E02005574,North Norfolk 005,878
E02005575,North Norfolk 006,1004
E02005576,North Norfolk 007,889
E02005577,North Norfolk 008,800
E02005578,North Norfolk 009,1216
E02005580,North Norfolk 011,1344
E02005581,North Norfolk 012,1127
E02005582,North Norfolk 013,1016
E02005583,North Norfolk 014,1156
E02005584,Norwich 001,1536
E02005585,Norwich 002,1323
E02005586,Norwich 003,804
E02005587,Norwich 004,1319
E02005588,Norwich 005,1988
E02005589,Norwich 006,1560
E02005592,Norwich 009,419
E02005593,Norwich 010,1136
E02005594,Norwich 011,713
E02005595,Norwich 012,958
E02005596,Norwich 013,1416
E02005598,South Norfolk 002,1062
E02005599,South Norfolk 003,973
E02005600,South Norfolk 004,806
E02005601,South Norfolk 005,817
E02005602,South Norfolk 006,1336
E02005603,South Norfolk 007,1870
E02005604,South Norfolk 008,1107
E02005605,South Norfolk 009,1336
E02005606,South Norfolk 010,708
E02005607,South Norfolk 011,1606
E02005608,South Norfolk 012,1094
E02005609,South Norfolk 013,1309
E02005610,South Norfolk 014,1195
E02005611,South Norfolk 015,1509
E02005921,Cherwell 001,859
E02005922,Cherwell 002,1491
E02005923,Cherwell 003,1026
E02005924,Cherwell 004,1270
E02005925,Cherwell 005,1921
E02005926,Cherwell 006,1480
E02005927,Cherwell 007,910
E02005928,Cherwell 008,1417
E02005929,Cherwell 009,987
E02005930,Cherwell 010,1388
E02005931,Cherwell 011,1378
E02005932,Cherwell 012,542
E02005933,Cherwell 013,1264
E02005934,Cherwell 014,1307
E02005935,Cherwell 015,854
E02005936,Cherwell 016,1607
E02005937,Cherwell 017,971
E02005938,Cherwell 018,1363
E02005939,Cherwell 019,1159
E02005940,Oxford 001,862
E02005941,Oxford 002,807
E02005942,Oxford 003,512
E02005943,Oxford 004,1278
E02005944,Oxford 005,1223
E02005945,Oxford 006,1303
E02005946,Oxford 007,1639
E02005947,Oxford 008,212
E02005948,Oxford 009,333
E02005949,Oxford 010,580
E02005950,Oxford 011,816
E02005951,Oxford 012,461
E02005953,Oxford 014,508
E02005954,Oxford 015,1577
E02005955,Oxford 016,1704
E02005956,Oxford 017,686
E02005957,Oxford 018,800
E02005958,South Oxfordshire 001,639
E02005959,South Oxfordshire 002,706
E02005960,South Oxfordshire 003,1031
E02005961,South Oxfordshire 004,827
E02005962,South Oxfordshire 005,1372
E02005963,South Oxfordshire 006,1133
E02005964,South Oxfordshire 007,1258
E02005965,South Oxfordshire 008,868
E02005966,South Oxfordshire 009,956
E02005967,South Oxfordshire 010,1668
E02005968,South Oxfordshire 011,1079
E02005969,South Oxfordshire 012,1409
E02005970,South Oxfordshire 013,848
E02005971,South Oxfordshire 014,1536
E02005972,South Oxfordshire 015,1676
E02005973,South Oxfordshire 016,609
E02005974,South Oxfordshire 017,604
E02005975,South Oxfordshire 018,858
E02005976,South Oxfordshire 019,575
E02005977,South Oxfordshire 020,779
E02005978,Vale of White Horse 001,805
E02005979,Vale of White Horse 002,1782
E02005980,Vale of White Horse 003,1157
E02005981,Vale of White Horse 004,1092
E02005982,Vale of White Horse 005,794
E02005983,Vale of White Horse 006,1144
E02005984,Vale of White Horse 007,1142
E02005985,Vale of White Horse 008,1015
E02005986,Vale of White Horse 009,1153
E02005987,Vale of White Horse 010,1403
E02005988,Vale of White Horse 011,953
E02005991,Vale of White Horse 014,1529
E02005992,Vale of White Horse 015,1638
E02005993,West Oxfordshire 001,1019
E02005994,West Oxfordshire 002,838
E02005995,West Oxfordshire 003,1010
E02005996,West Oxfordshire 004,1141
E02005997,West Oxfordshire 005,892
E02005998,West Oxfordshire 006,923
E02005999,West Oxfordshire 007,892
E02006000,West Oxfordshire 008,1577
E02006001,West Oxfordshire 009,1212
E02006002,West Oxfordshire 010,1693
E02006003,West Oxfordshire 011,1043
E02006004,West Oxfordshire 012,782
E02006005,West Oxfordshire 013,1321
E02006006,West Oxfordshire 014,811
E02006007,West Oxfordshire 015,972
E02006227,Babergh 001,955
E02006228,Babergh 002,941
E02006229,Babergh 003,897
E02006230,Babergh 004,1421
E02006231,Babergh 005,984
E02006232,Babergh 006,779
E02006233,Babergh 007,1451
E02006234,Babergh 008,1497
E02006235,Babergh 009,909
E02006236,Babergh 010,1093
E02006237,Babergh 011,1190
E02006238,West Suffolk 002,1415
E02006239,West Suffolk 001,914
E02006240,West Suffolk 003,1325
E02006241,West Suffolk 004,1420
E02006242,West Suffolk 007,1584
E02006243,West Suffolk 008,1098
E02006245,Ipswich 001,2023
E02006246,Ipswich 002,2109
E02006247,Ipswich 003,1517
E02006248,Ipswich 004,1821
E02006249,Ipswich 005,701
E02006250,Ipswich 006,1028
E02006251,Ipswich 007,1021
E02006252,Ipswich 008,1462
E02006253,Ipswich 009,1424
E02006254,Ipswich 010,1174
E02006255,Ipswich 011,1297
E02006256,Ipswich 012,1135
E02006257,Ipswich 013,1318
E02006258,Ipswich 014,1806
E02006259,Ipswich 015,868
E02006260,Ipswich 016,2204
E02006261,Mid Suffolk 001,934
E02006262,Mid Suffolk 002,1167
E02006263,Mid Suffolk 003,961
E02006264,Mid Suffolk 004,1000
E02006265,Mid Suffolk 005,1234
E02006266,Mid Suffolk 006,1292
E02006267,Mid Suffolk 007,961
E02006268,Mid Suffolk 008,1227
E02006269,Mid Suffolk 009,1151
E02006270,Mid Suffolk 010,1774
E02006271,Mid Suffolk 011,1529
E02006272,Mid Suffolk 012,1205
E02006273,West Suffolk 005,938
E02006274,West Suffolk 006,846
E02006275,West Suffolk 009,930
E02006276,West Suffolk 016,934
E02006277,West Suffolk 012,801
E02006278,West Suffolk 011,725
E02006279,West Suffolk 014,1525
E02006280,West Suffolk 010,1255
E02006281,West Suffolk 013,662
E02006282,West Suffolk 017,916
E02006283,West Suffolk 018,1027
E02006284,West Suffolk 019,1175
E02006285,West Suffolk 021,707
E02006286,West Suffolk 020,1062
E02006287,East Suffolk 016,832
E02006288,East Suffolk 017,1278
E02006289,East Suffolk 018,1404
E02006290,East Suffolk 019,1495
E02006291,East Suffolk 020,1149
E02006292,East Suffolk 021,904
E02006293,East Suffolk 023,1657
E02006294,East Suffolk 022,973
E02006295,East Suffolk 024,1302
E02006296,East Suffolk 025,1117
E02006297,East Suffolk 026,499
E02006298,East Suffolk 027,1619
E02006299,East Suffolk 028,982
E02006300,East Suffolk 029,1422
E02006301,East Suffolk 030,521
E02006302,East Suffolk 001,841
E02006303,East Suffolk 002,980
E02006304,East Suffolk 003,1121
E02006305,East Suffolk 004,312
E02006306,East Suffolk 005,1284
E02006307,East Suffolk 007,718
E02006308,East Suffolk 006,416
E02006309,East Suffolk 009,1176
E02006310,East Suffolk 008,1202
E02006311,East Suffolk 010,1176
E02006312,East Suffolk 011,1026
E02006313,East Suffolk 012,1610
E02006314,East Suffolk 013,1013
E02006315,East Suffolk 014,782
E02006316,East Suffolk 015,1264
E02006317,Elmbridge 001,898
E02006318,Elmbridge 002,734
E02006319,Elmbridge 003,1117
E02006320,Elmbridge 004,957
E02006321,Elmbridge 005,725
E02006322,Elmbridge 006,694
E02006323,Elmbridge 007,561
E02006324,Elmbridge 008,1341
E02006325,Elmbridge 009,752
E02006326,Elmbridge 010,629
E02006327,Elmbridge 011,353
E02006328,Elmbridge 012,832
E02006329,Elmbridge 013,448
E02006330,Elmbridge 014,1568
E02006331,Elmbridge 015,864
E02006332,Elmbridge 016,410
E02006333,Elmbridge 017,970
E02006334,Elmbridge 018,532
E02006335,Epsom and Ewell 001,1094
E02006336,Epsom and Ewell 002,1214
E02006337,Epsom and Ewell 003,2517
E02006338,Epsom and Ewell 004,1288
E02006339,Epsom and Ewell 005,1092
E02006341,Epsom and Ewell 007,1501
E02006342,Epsom and Ewell 008,517
E02006343,Epsom and Ewell 009,1061
E02006344,Guildford 001,1095
E02006345,Guildford 002,824
E02006346,Guildford 003,718
E02006347,Guildford 004,1033
E02006348,Guildford 005,1432
E02006349,Guildford 006,1092
E02006350,Guildford 007,1257
E02006351,Guildford 008,1116
E02006352,Guildford 009,1336
E02006353,Guildford 010,1061
E02006354,Guildford 011,601
E02006355,Guildford 012,1505
E02006356,Guildford 013,1025
E02006357,Guildford 014,992
E02006358,Guildford 015,1028
E02006359,Guildford 016,417
E02006360,Guildford 017,978
E02006361,Guildford 018,678
E02006362,Mole Valley 001,1159
E02006363,Mole Valley 002,579
E02006364,Mole Valley 003,955
E02006365,Mole Valley 004,455
E02006366,Mole Valley 005,1069
E02006367,Mole Valley 006,488
E02006368,Mole Valley 007,634
E02006369,Mole Valley 008,854
E02006370,Mole Valley 009,754
E02006371,Mole Valley 010,767
E02006372,Mole Valley 011,859
E02006373,Mole Valley 012,1006
E02006374,Mole Valley 013,835
E02006375,Reigate and Banstead 001,828
E02006376,Reigate and Banstead 002,1107
E02006377,Reigate and Banstead 003,608
E02006378,Reigate and Banstead 004,1003
E02006379,Reigate and Banstead 005,837
E02006380,Reigate and Banstead 006,730
E02006381,Reigate and Banstead 007,637
E02006382,Reigate and Banstead 008,893
E02006383,Reigate and Banstead 009,681
E02006384,Reigate and Banstead 010,932
E02006385,Reigate and Banstead 011,1178
E02006386,Reigate and Banstead 012,714
E02006387,Reigate and Banstead 013,1159
E02006388,Reigate and Banstead 014,1369
E02006389,Reigate and Banstead 015,1384
E02006390,Reigate and Banstead 016,1658
E02006391,Reigate and Banstead 017,810
E02006392,Reigate and Banstead 018,1193
E02006393,Runnymede 001,970
E02006394,Runnymede 002,959
E02006395,Runnymede 003,1801
E02006396,Runnymede 004,481
E02006397,Runnymede 005,530
E02006398,Runnymede 006,1117
E02006399,Runnymede 007,1641
E02006400,Runnymede 008,588
E02006401,Runnymede 009,1339
E02006402,Runnymede 010,1761
E02006403,Spelthorne 001,776
E02006404,Spelthorne 002,1142
E02006405,Spelthorne 003,1649
E02006406,Spelthorne 004,869
E02006407,Spelthorne 005,1578
E02006408,Spelthorne 006,1235
E02006409,Spelthorne 007,1308
E02006410,Spelthorne 008,1004
E02006411,Spelthorne 009,1219
E02006412,Spelthorne 010,739
E02006413,Spelthorne 011,957
E02006414,Spelthorne 012,1052
E02006415,Spelthorne 013,765
E02006416,Surrey Heath 001,897
E02006417,Surrey Heath 002,875
E02006418,Surrey Heath 003,483
E02006419,Surrey Heath 004,1286
E02006420,Surrey Heath 005,159
E02006421,Surrey Heath 006,950
E02006422,Surrey Heath 007,330
E02006423,Surrey Heath 008,1307
E02006424,Surrey Heath 009,528
E02006425,Surrey Heath 010,719
E02006426,Surrey Heath 011,708
E02006427,Surrey Heath 012,909
E02006429,Tandridge 002,623
E02006430,Tandridge 003,1317
E02006431,Tandridge 004,979
E02006432,Tandridge 005,531
E02006433,Tandridge 006,882
E02006434,Tandridge 007,862
E02006435,Tandridge 008,896
E02006436,Tandridge 009,877
E02006437,Tandridge 010,976
E02006438,Tandridge 011,850
E02006439,Waverley 001,997
E02006440,Waverley 002,750
E02006441,Waverley 003,812
E02006442,Waverley 004,404
E02006443,Waverley 005,1347
E02006444,Waverley 006,946
E02006445,Waverley 007,822
E02006446,Waverley 008,825
E02006447,Waverley 009,757
E02006448,Waverley 010,797
E02006449,Waverley 011,938
E02006450,Waverley 012,761
E02006451,Waverley 013,1230
E02006453,Waverley 015,1085
E02006454,Waverley 016,648
E02006455,Waverley 017,610
E02006456,Woking 001,1206
E02006457,Woking 002,425
E02006458,Woking 003,627
E02006459,Woking 004,1129
E02006460,Woking 005,681
E02006461,Woking 006,596
E02006462,Woking 007,949
E02006463,Woking 008,743
E02006464,Woking 009,883
E02006465,Woking 010,340
E02006466,Woking 011,1843
E02006467,Woking 012,823
E02006534,Adur 001,2142
E02006535,Adur 002,1368
E02006536,Adur 003,1524
E02006537,Adur 004,1423
E02006538,Adur 005,701
E02006539,Adur 006,1468
E02006540,Adur 007,947
E02006541,Adur 008,994
E02006542,Arun 001,731
E02006543,Arun 002,743
E02006544,Arun 003,1344
E02006545,Arun 004,1488
E02006546,Arun 005,1496
E02006547,Arun 006,896
E02006548,Arun 007,1200
E02006549,Arun 008,450
E02006550,Arun 009,1636
E02006551,Arun 010,371
E02006552,Arun 011,280
E02006553,Arun 012,1549
E02006554,Arun 013,642
E02006555,Arun 014,973
E02006556,Arun 015,945
E02006557,Arun 016,1028
E02006558,Arun 017,439
E02006559,Arun 018,457
E02006560,Arun 019,1509
E02006561,Chichester 001,792
E02006562,Chichester 002,507
E02006563,Chichester 003,716
E02006564,Chichester 004,950
E02006565,Chichester 005,1092
E02006566,Chichester 006,1045
E02006567,Chichester 007,1331
E02006568,Chichester 008,1432
E02006569,Chichester 009,975
E02006570,Chichester 010,914
E02006571,Chichester 011,1113
E02006572,Chichester 012,1574
E02006573,Chichester 013,1266
E02006574,Chichester 014,1671
E02006575,Crawley 001,1020
E02006576,Crawley 002,837
E02006577,Crawley 003,879
E02006578,Crawley 004,767
E02006579,Crawley 005,1216
E02006580,Crawley 006,886
E02006581,Crawley 007,813
E02006582,Crawley 008,490
E02006583,Crawley 009,1341
E02006584,Crawley 010,353
E02006585,Crawley 011,561
E02006586,Crawley 012,425
E02006587,Crawley 013,736
E02006588,Horsham 001,1102
E02006589,Horsham 002,1230
E02006590,Horsham 003,874
E02006591,Horsham 004,1177
E02006592,Horsham 005,669
E02006593,Horsham 006,1642
E02006594,Horsham 007,1359
E02006595,Horsham 008,655
E02006596,Horsham 009,977
E02006597,Horsham 010,1653
E02006598,Horsham 011,679
E02006599,Horsham 012,352
E02006600,Horsham 013,1201
E02006601,Horsham 014,1259
E02006602,Horsham 015,930
E02006603,Horsham 016,992
E02006604,Mid Sussex 001,1491
E02006605,Mid Sussex 002,813
E02006606,Mid Sussex 003,717
E02006607,Mid Sussex 004,877
E02006608,Mid Sussex 005,912
E02006609,Mid Sussex 006,887
E02006610,Mid Sussex 007,986
E02006611,Mid Sussex 008,1286
E02006612,Mid Sussex 009,979
E02006613,Mid Sussex 010,1371
E02006614,Mid Sussex 011,1421
E02006615,Mid Sussex 012,820
E02006616,Mid Sussex 013,1570
E02006617,Mid Sussex 014,1391
E02006618,Mid Sussex 015,835
E02006619,Mid Sussex 016,1222
E02006620,Mid Sussex 017,1417
E02006621,Worthing 001,744
E02006622,Worthing 002,1045
E02006623,Worthing 003,1250
E02006624,Worthing 004,986
E02006625,Worthing 005,763
E02006626,Worthing 006,1618
E02006627,Worthing 007,1686
E02006628,Worthing 008,618
E02006629,Worthing 009,906
E02006630,Worthing 010,371
E02006631,Worthing 011,322
E02006632,Worthing 012,663
E02006633,Worthing 013,753
E02006782,Bromley 040,1106
E02006783,Lewisham 037,555
E02006784,Lewisham 038,719
E02006785,Bexley 029,1513
E02006786,Greenwich 033,438
E02006787,Bromley 041,986
E02006788,Croydon 045,671
E02006789,Bromley 042,676
E02006790,Tandridge 012,1124
E02006791,Ealing 040,231
E02006792,Hounslow 029,438
E02006793,Enfield 037,489
E02006794,Haringey 037,206
E02006795,Harrow 032,830
E02006796,Hillingdon 033,1467
E02006798,Lewisham 039,205
E02006799,Barking and Dagenham 023,1155
E02006800,Redbridge 034,1044
E02006801,Lambeth 036,74
E02006802,Southwark 034,80
E02006821,Portsmouth 026,1270
E02006822,Havant 018,1632
E02006823,Buckinghamshire 039,666
E02006824,Buckinghamshire 036,1278
E02006825,East Cambridgeshire 011,910
E02006826,West Suffolk 015,1208
E02006829,East Hampshire 016,829
E02006830,Havant 019,738
E02006831,Havant 020,842
E02006832,Sevenoaks 016,393
E02006833,Tonbridge and Malling 014,1484
E02006836,Sutton 025,397
E02006837,Epsom and Ewell 010,651
E02006838,East Hampshire 017,468
E02006839,Waverley 018,693
E02006853,Tower Hamlets 032,90
E02006854,Tower Hamlets 033,18
E02006855,Canterbury 019,863
E02006856,Canterbury 020,1150
E02006857,Eastbourne 013,1171
E02006858,Eastbourne 014,497
E02006859,Thurrock 019,463
E02006873,South Cambridgeshire 020,940
E02006874,South Cambridgeshire 021,1226
E02006877,Peterborough 022,1389
E02006878,Peterborough 023,1361
E02006879,Folkestone and Hythe 014,183
E02006880,Folkestone and Hythe 015,157
E02006882,Harrow 033,2701
E02006886,Vale of White Horse 016,1951
E02006907,Norwich 014,159
E02006908,Norwich 015,317
E02006918,Hackney 028,114
E02006921,Hackney 029,115
E02006922,Colchester 022,2299
E02006924,Redbridge 035,1145
E02006925,Redbridge 036,2095
E02006926,Thurrock 020,675
E02006927,Greenwich 034,905
E02006928,Greenwich 035,71
E02006930,Greenwich 037,243
E02006931,Greenwich 038,312
E02006937,Luton 022,436
E02006938,Luton 023,93
E02006939,Reading 019,113
E02006940,Reading 020,136
E02006941,Southwark 035,16
E02006942,Southwark 036,43
E02006953,Barnet 042,81
E02006954,Barnet 043,839
E02006955,Brent 035,169
E02006956,Brent 036,1129
E02006968,Ealing 041,288
E02006969,Ealing 042,117
E02006970,Ealing 043,324
E02006971,Ealing 044,602
E02006972,Hounslow 030,222
E02006973,Hounslow 031,245
E02006975,Portsmouth 027,87
E02006976,Portsmouth 028,99
E02006978,Chelmsford 022,398
E02006979,Chelmsford 023,231
E02006980,Rochford 011,1642
E02006981,Rochford 012,1339
E02006987,Croydon 046,62
E02006988,Croydon 047,274
E02006991,Greenwich 039,33
E02006992,Greenwich 040,142
E02006993,Greenwich 041,82
E02006994,Greenwich 042,156
E02006995,Newham 038,37
E02006996,Newham 039,126
E02006997,Newham 040,122
E02006998,Newham 041,152
E02006999,Newham 042,145
E02007004,Thurrock 021,442
E02007005,Thurrock 022,737
E02007008,Lewisham 040,49
E02007009,Lewisham 041,309
E02007010,Bedford 021,1154
E02007011,Bedford 022,899
E02007012,Milton Keynes 033,581
E02007013,Milton Keynes 034,920
E02007014,Milton Keynes 035,833
E02007015,Milton Keynes 036,1139
E02007016,Milton Keynes 037,818
E02007017,Redbridge 037,1019
E02007018,Redbridge 038,451
E02007019,Redbridge 039,207
E02007020,Redbridge 040,511
E02007021,Oxford 020,1459
E02007032,North Norfolk 015,975
E02007033,North Norfolk 016,963
E02007046,Ashford 015,883
E02007047,Ashford 016,1014
E02007052,Norwich 016,247
E02007053,Norwich 017,132
E02007054,South Norfolk 016,1078
E02007055,South Norfolk 017,1254
E02007056,Colchester 023,996
E02007057,Colchester 024,775
E02007068,Slough 015,608
E02007069,Slough 016,790
E02007074,Southampton 033,93
E02007075,Southampton 034,35
E02007076,Test Valley 016,903
E02007077,Test Valley 017,1001
E02007078,Test Valley 018,429
E02007083,Wandsworth 038,14
E02007084,Wandsworth 039,52
E02007085,South Cambridgeshire 022,1734
E02007086,Cambridge 015,924
E02007087,Cambridge 014,138
E02007088,North Hertfordshire 016,962
E02007089,North Hertfordshire 017,894
E02007090,St Albans 021,853
E02007091,Stevenage 013,867
E02007092,Welwyn Hatfield 017,685
E02007093,East Hertfordshire 019,977
E02007108,Hackney 030,102
E02007109,Hackney 031,265
E02007110,Hackney 032,6
E02007111,Hackney 033,14
E02007112,Tower Hamlets 034,10
E02007113,Tower Hamlets 035,20
E02007114,Tower Hamlets 036,67
E02007115,Camden 029,32
E02007116,Oxford 019,774